-- INSERT INTO statements extraits dans l'ordre des dépendances (associations/FK)
-- Tables parentes d'abord, tables enfants ensuite
SET SQL_MODE = "NO_AUTO_VALUE_ON_ZERO";
SET FOREIGN_KEY_CHECKS = 0;

-- [1] Table: categorie (aucune dépendance)
INSERT INTO `categorie` (`id_categorie`, `nom`, `description`, `icone`, `couleur`, `ordre_affichage`, `actif`) VALUES
(1, '{"ar": "", "fr": "Romance"}', '{"fr": "Histoires d''amour"}', NULL, NULL, 0, 1),
(2, '{"ar": "", "fr": "Thriller"}', '{"fr": "Suspense et tension"}', NULL, NULL, 0, 1),
(3, '{"ar": "", "fr": "Fantasy"}', '{"fr": "Mondes imaginaires"}', NULL, NULL, 0, 1),
(4, '{"ar": "", "fr": "Science-Fiction"}', '{"fr": "Futur et technologie"}', NULL, NULL, 0, 1),
(5, '{"ar": "", "fr": "Historique"}', '{"fr": "Basé sur l''histoire"}', NULL, NULL, 0, 1),
(6, '{"ar": "", "fr": "Policier"}', '{"fr": "Enquêtes et mystères"}', NULL, NULL, 0, 1),
(7, '{"ar": "", "fr": "Horreur"}', '{"fr": "Épouvante et terreur"}', NULL, NULL, 0, 1),
(8, '{"ar": "", "fr": "Contemporain"}', '{"fr": "Époque actuelle"}', NULL, NULL, 0, 1),
(9, '{"ar": "", "fr": "Jeunesse"}', '{"fr": "Pour les jeunes"}', NULL, NULL, 0, 1),
(10, '{"ar": "", "fr": "Young Adult"}', '{"fr": "Jeunes adultes"}', NULL, NULL, 0, 1),
(11, '{"ar": "", "fr": "Dystopie"}', '{"fr": "Sociétés futures sombres"}', NULL, NULL, 0, 1),
(12, '{"ar": "", "fr": "Aventure"}', '{"fr": "Récits d''aventures"}', NULL, NULL, 0, 1),
(13, '{"ar": "", "fr": "Guerre"}', '{"fr": "Récits de guerre"}', NULL, NULL, 0, 1),
(14, '{"ar": "", "fr": "Espionnage"}', '{"fr": "Histoires d''espions"}', NULL, NULL, 0, 1),
(15, '{"ar": "", "fr": "Psychologique"}', '{"fr": "Exploration psychologique"}', NULL, NULL, 0, 1),
(16, '{"ar": "", "fr": "Social"}', '{"fr": "Questions sociales"}', NULL, NULL, 0, 1),
(17, '{"ar": "", "fr": "Philosophique"}', '{"fr": "Réflexions philosophiques"}', NULL, NULL, 0, 1),
(18, '{"ar": "", "fr": "Satirique"}', '{"fr": "Satire sociale"}', NULL, NULL, 0, 1),
(19, '{"ar": "", "fr": "Épistolaire"}', '{"fr": "Roman par lettres"}', NULL, NULL, 0, 1),
(20, '{"ar": "", "fr": "Autobiographique"}', '{"fr": "Basé sur la vie de l''auteur"}', NULL, NULL, 0, 1),
(21, '{"ar": "", "fr": "Super-héros"}', '{"fr": "Films de super-héros"}', NULL, NULL, 0, 1),
(22, '{"ar": "", "fr": "Arts martiaux"}', '{"fr": "Films d''arts martiaux"}', NULL, NULL, 0, 1),
(23, '{"ar": "", "fr": "Catastrophe"}', '{"fr": "Films catastrophe"}', NULL, NULL, 0, 1),
(24, '{"ar": "", "fr": "Biographique"}', '{"fr": "Biographies filmées"}', NULL, NULL, 0, 1),
(25, '{"ar": "", "fr": "Sport"}', '{"fr": "Films de sport"}', NULL, NULL, 0, 1),
(26, '{"ar": "", "fr": "Road Movie"}', '{"fr": "Films de voyage"}', NULL, NULL, 0, 1),
(27, '{"ar": "", "fr": "Film noir"}', '{"fr": "Genre noir classique"}', NULL, NULL, 0, 1),
(28, '{"ar": "", "fr": "Néo-noir"}', '{"fr": "Noir moderne"}', NULL, NULL, 0, 1),
(29, '{"ar": "", "fr": "Zombie"}', '{"fr": "Films de zombies"}', NULL, NULL, 0, 1),
(30, '{"ar": "", "fr": "Vampire"}', '{"fr": "Films de vampires"}', NULL, NULL, 0, 1),
(31, '{"ar": "", "fr": "Space Opera"}', '{"fr": "Épopées spatiales"}', NULL, NULL, 0, 1),
(32, '{"ar": "", "fr": "Cyberpunk"}', '{"fr": "Futur dystopique high-tech"}', NULL, NULL, 0, 1),
(33, '{"ar": "", "fr": "Steampunk"}', '{"fr": "Rétro-futurisme vapeur"}', NULL, NULL, 0, 1),
(34, '{"ar": "", "fr": "Post-apocalyptique"}', '{"fr": "Après l''apocalypse"}', NULL, NULL, 0, 1),
(35, '{"ar": "", "fr": "Survival"}', '{"fr": "Films de survie"}', NULL, NULL, 0, 1),
(36, '{"ar": "", "fr": "Slasher"}', '{"fr": "Films slasher"}', NULL, NULL, 0, 1),
(37, '{"ar": "", "fr": "Found Footage"}', '{"fr": "Faux documentaires"}', NULL, NULL, 0, 1),
(38, '{"ar": "", "fr": "Mockumentary"}', '{"fr": "Faux documentaires comiques"}', NULL, NULL, 0, 1),
(39, '{"ar": "", "fr": "Anthologie"}', '{"fr": "Films à sketches"}', NULL, NULL, 0, 1),
(40, '{"ar": "", "fr": "Expérimental"}', '{"fr": "Cinéma expérimental"}', NULL, NULL, 0, 1),
(41, '{"ar": "", "fr": "Rock Alternatif"}', '{"fr": "Rock alternatif"}', NULL, NULL, 0, 1),
(42, '{"ar": "", "fr": "Hard Rock"}', '{"fr": "Rock dur"}', NULL, NULL, 0, 1),
(43, '{"ar": "", "fr": "Punk Rock"}', '{"fr": "Punk rock"}', NULL, NULL, 0, 1),
(44, '{"ar": "", "fr": "Rock Progressif"}', '{"fr": "Rock progressif"}', NULL, NULL, 0, 1),
(45, '{"ar": "", "fr": "Indie Rock"}', '{"fr": "Rock indépendant"}', NULL, NULL, 0, 1),
(46, '{"ar": "", "fr": "Pop Rock"}', '{"fr": "Pop rock"}', NULL, NULL, 0, 1),
(47, '{"ar": "", "fr": "Electro Pop"}', '{"fr": "Pop électronique"}', NULL, NULL, 0, 1),
(48, '{"ar": "", "fr": "K-Pop"}', '{"fr": "Pop coréenne"}', NULL, NULL, 0, 1),
(49, '{"ar": "", "fr": "Indie Pop"}', '{"fr": "Pop indépendante"}', NULL, NULL, 0, 1),
(50, '{"ar": "", "fr": "Bebop"}', '{"fr": "Jazz bebop"}', NULL, NULL, 0, 1),
(51, '{"ar": "", "fr": "Smooth Jazz"}', '{"fr": "Jazz doux"}', NULL, NULL, 0, 1),
(52, '{"ar": "", "fr": "Jazz Fusion"}', '{"fr": "Jazz fusion"}', NULL, NULL, 0, 1),
(53, '{"ar": "", "fr": "Free Jazz"}', '{"fr": "Jazz libre"}', NULL, NULL, 0, 1),
(54, '{"ar": "", "fr": "House"}', '{"fr": "Musique house"}', NULL, NULL, 0, 1),
(55, '{"ar": "", "fr": "Techno"}', '{"fr": "Musique techno"}', NULL, NULL, 0, 1),
(56, '{"ar": "", "fr": "Dubstep"}', '{"fr": "Musique dubstep"}', NULL, NULL, 0, 1),
(57, '{"ar": "", "fr": "Ambient"}', '{"fr": "Musique ambiante"}', NULL, NULL, 0, 1),
(58, '{"ar": "", "fr": "Trap"}', '{"fr": "Musique trap"}', NULL, NULL, 0, 1),
(59, '{"ar": "", "fr": "Drill"}', '{"fr": "Musique drill"}', NULL, NULL, 0, 1),
(60, '{"ar": "", "fr": "Afrobeat"}', '{"fr": "Musique afrobeat"}', NULL, NULL, 0, 1),
(61, '{"ar": "", "fr": "Politique"}', '{"fr": "Articles politiques"}', NULL, NULL, 0, 1),
(62, '{"ar": "", "fr": "Économie"}', '{"fr": "Articles économiques"}', NULL, NULL, 0, 1),
(63, '{"ar": "", "fr": "Société"}', '{"fr": "Articles de société"}', NULL, NULL, 0, 1),
(64, '{"ar": "", "fr": "International"}', '{"fr": "Actualité internationale"}', NULL, NULL, 0, 1),
(65, '{"ar": "", "fr": "Culture"}', '{"fr": "Articles culturels"}', NULL, NULL, 0, 1),
(66, '{"ar": "", "fr": "Technologie"}', '{"fr": "Articles tech"}', NULL, NULL, 0, 1),
(67, '{"ar": "", "fr": "Environnement"}', '{"fr": "Articles environnement"}', NULL, NULL, 0, 1),
(68, '{"ar": "", "fr": "Santé"}', '{"fr": "Articles santé"}', NULL, NULL, 0, 1),
(69, '{"ar": "", "fr": "Éducation"}', '{"fr": "Articles éducation"}', NULL, NULL, 0, 1),
(70, '{"ar": "", "fr": "Sciences"}', '{"fr": "Articles scientifiques"}', NULL, NULL, 0, 1),
(71, '{"ar": "", "fr": "Justice"}', '{"fr": "Articles justice"}', NULL, NULL, 0, 1),
(72, '{"ar": "", "fr": "Faits divers"}', '{"fr": "Faits divers"}', NULL, NULL, 0, 1),
(73, '{"ar": "", "fr": "Médias"}', '{"fr": "Articles sur les médias"}', NULL, NULL, 0, 1),
(74, '{"ar": "", "fr": "Lifestyle"}', '{"fr": "Art de vivre"}', NULL, NULL, 0, 1),
(75, '{"ar": "", "fr": "Gastronomie"}', '{"fr": "Articles gastronomie"}', NULL, NULL, 0, 1),
(76, '{"ar": "", "fr": "Tourisme"}', '{"fr": "Articles tourisme"}', NULL, NULL, 0, 1),
(77, '{"ar": "", "fr": "Mode"}', '{"fr": "Articles mode"}', NULL, NULL, 0, 1),
(78, '{"ar": "", "fr": "People"}', '{"fr": "Célébrités"}', NULL, NULL, 0, 1),
(79, '{"ar": "", "fr": "Gaming"}', '{"fr": "Jeux vidéo"}', NULL, NULL, 0, 1),
(80, '{"ar": "", "fr": "Biologie"}', '{"fr": "Sciences de la vie"}', NULL, NULL, 0, 1),
(81, '{"ar": "", "fr": "Physique"}', '{"fr": "Sciences physiques"}', NULL, NULL, 0, 1),
(82, '{"ar": "", "fr": "Chimie"}', '{"fr": "Sciences chimiques"}', NULL, NULL, 0, 1),
(83, '{"ar": "", "fr": "Mathématiques"}', '{"fr": "Sciences mathématiques"}', NULL, NULL, 0, 1),
(84, '{"ar": "", "fr": "Informatique"}', '{"fr": "Sciences informatiques"}', NULL, NULL, 0, 1),
(85, '{"ar": "", "fr": "Médecine"}', '{"fr": "Sciences médicales"}', NULL, NULL, 0, 1),
(86, '{"ar": "", "fr": "Psychologie"}', '{"fr": "Sciences psychologiques"}', NULL, NULL, 0, 1),
(87, '{"ar": "", "fr": "Sociologie"}', '{"fr": "Sciences sociales"}', NULL, NULL, 0, 1),
(88, '{"ar": "", "fr": "Anthropologie"}', '{"fr": "Sciences anthropologiques"}', NULL, NULL, 0, 1),
(89, '{"ar": "", "fr": "Archéologie"}', '{"fr": "Sciences archéologiques"}', NULL, NULL, 0, 1),
(90, '{"ar": "", "fr": "Géologie"}', '{"fr": "Sciences de la Terre"}', NULL, NULL, 0, 1),
(91, '{"ar": "", "fr": "Astronomie"}', '{"fr": "Sciences astronomiques"}', NULL, NULL, 0, 1),
(92, '{"ar": "", "fr": "Écologie"}', '{"fr": "Sciences écologiques"}', NULL, NULL, 0, 1),
(93, '{"ar": "", "fr": "Génétique"}', '{"fr": "Sciences génétiques"}', NULL, NULL, 0, 1),
(94, '{"ar": "", "fr": "Neurosciences"}', '{"fr": "Sciences du cerveau"}', NULL, NULL, 0, 1),
(95, '{"ar": "", "fr": "Portrait"}', '{"fr": "Portraits artistiques"}', NULL, NULL, 0, 1),
(96, '{"ar": "", "fr": "Paysage"}', '{"fr": "Paysages"}', NULL, NULL, 0, 1),
(97, '{"ar": "", "fr": "Nature morte"}', '{"fr": "Natures mortes"}', NULL, NULL, 0, 1),
(98, '{"ar": "", "fr": "Abstrait"}', '{"fr": "Art abstrait"}', NULL, NULL, 0, 1),
(99, '{"ar": "", "fr": "Figuratif"}', '{"fr": "Art figuratif"}', NULL, NULL, 0, 1),
(100, '{"ar": "", "fr": "Surréaliste"}', '{"fr": "Art surréaliste"}', NULL, NULL, 0, 1),
(101, '{"ar": "", "fr": "Impressionniste"}', '{"fr": "Style impressionniste"}', NULL, NULL, 0, 1),
(102, '{"ar": "", "fr": "Expressionniste"}', '{"fr": "Style expressionniste"}', NULL, NULL, 0, 1),
(103, '{"ar": "", "fr": "Cubiste"}', '{"fr": "Style cubiste"}', NULL, NULL, 0, 1),
(104, '{"ar": "", "fr": "Minimaliste"}', '{"fr": "Art minimaliste"}', NULL, NULL, 0, 1),
(105, '{"ar": "", "fr": "Pop Art"}', '{"fr": "Pop art"}', NULL, NULL, 0, 1),
(106, '{"ar": "", "fr": "Art Déco"}', '{"fr": "Style art déco"}', NULL, NULL, 0, 1),
(107, '{"ar": "", "fr": "Art Nouveau"}', '{"fr": "Style art nouveau"}', NULL, NULL, 0, 1),
(108, '{"ar": "", "fr": "Traditionnel"}', '{"fr": "Art traditionnel"}', NULL, NULL, 0, 1),
(109, '{"ar": "", "fr": "Utilitaire"}', '{"fr": "Objets utilitaires"}', NULL, NULL, 0, 1),
(110, '{"ar": "", "fr": "Décoratif"}', '{"fr": "Objets décoratifs"}', NULL, NULL, 0, 1),
(111, '{"ar": "", "fr": "Rituel"}', '{"fr": "Objets rituels"}', NULL, NULL, 0, 1),
(112, '{"ar": "", "fr": "Mobilier"}', '{"fr": "Meubles artisanaux"}', NULL, NULL, 0, 1),
(113, '{"ar": "", "fr": "Vestimentaire"}', '{"fr": "Vêtements artisanaux"}', NULL, NULL, 0, 1),
(114, '{"ar": "", "fr": "Accessoires"}', '{"fr": "Accessoires artisanaux"}', NULL, NULL, 0, 1),
(115, '{"ar": "", "fr": "Instruments"}', '{"fr": "Instruments artisanaux"}', NULL, NULL, 0, 1),
(116, '{"ar": "", "fr": "Jouets"}', '{"fr": "Jouets artisanaux"}', NULL, NULL, 0, 1),
(117, '{"ar": "", "fr": "Cuisine"}', '{"fr": "Ustensiles de cuisine"}', NULL, NULL, 0, 1),
(118, '{"ar": "", "fr": "Jardin"}', '{"fr": "Objets de jardin"}', NULL, NULL, 0, 1),
(119, '{"ar": "", "fr": "Architecture"}', '{"fr": "Éléments architecturaux"}', NULL, NULL, 0, 1),
(120, '{"ar": "", "fr": "Religieux"}', '{"fr": "Objets religieux"}', NULL, NULL, 0, 1),
(121, '{"ar": "", "fr": "Festif"}', '{"fr": "Objets festifs"}', NULL, NULL, 0, 1),
(122, '{"ar": "", "fr": "Traditionnel Algérien"}', '{"fr": "Artisanat algérien"}', NULL, '#8B4513', 0, 1),
(123, '{"ar": "", "fr": "Moderne"}', '{"fr": "Artisanat moderne"}', NULL, '#FF6347', 0, 1),
(124, '{"ar": "", "fr": "Patrimoine culturel"}', '{"fr": "Œuvres du patrimoine algérien"}', NULL, '#4B0082', 0, 1),
(125, '{"ar": "", "fr": "Art contemporain"}', '{"fr": "Créations artistiques modernes"}', NULL, '#DC143C', 0, 1),
(126, '{"ar": "", "fr": "Littérature"}', '{"fr": "Œuvres littéraires"}', NULL, '#FF1493', 0, 1),
(127, '{"ar": "", "fr": "Cinéma"}', '{"fr": "Productions cinématographiques"}', NULL, '#DC143C', 0, 1),
(128, '{"ar": "", "fr": "Musique"}', '{"fr": "Œuvres musicales"}', NULL, '#FF1493', 0, 1),
(129, '{"ar": "", "fr": "Artisanat traditionnel"}', '{"fr": "Savoir-faire traditionnel"}', NULL, '#DAA520', 0, 1),
(130, '{"ar": "", "fr": "Recherche"}', '{"fr": "Publications scientifiques"}', NULL, '#00CED1', 0, 1);

-- [2] Table: editeur (aucune dépendance)
INSERT INTO `editeur` (`id_editeur`, `nom`, `type_editeur`, `pays`, `ville`, `adresse`, `site_web`, `email`, `telephone`, `description`, `annee_creation`, `actif`, `date_creation`, `date_modification`) VALUES
(1, '{"ar": "", "fr": "Éditions Barzakh"}', 'maison_edition', 'Algérie', 'Alger', NULL, NULL, NULL, NULL, '{"fr": "Littérature"}', NULL, 1, '2025-11-21 13:31:46', '2025-11-21 13:31:46'),
(2, '{"ar": "", "fr": "Éditions Casbah"}', 'maison_edition', 'Algérie', 'Alger', NULL, NULL, NULL, NULL, '{"fr": "Général"}', NULL, 1, '2025-11-21 13:31:46', '2025-11-21 13:31:46'),
(3, '{"ar": "", "fr": "ENAG Éditions"}', 'editeur_scientifique', 'Algérie', 'Alger', NULL, NULL, NULL, NULL, '{"fr": "Scolaire et universitaire"}', NULL, 1, '2025-11-21 13:31:46', '2025-11-21 13:31:46'),
(4, '{"ar": "", "fr": "Éditions Chihab"}', 'maison_edition', 'Algérie', 'Batna', NULL, NULL, NULL, NULL, '{"fr": "Littérature arabe"}', NULL, 1, '2025-11-21 13:31:46', '2025-11-21 13:31:46'),
(5, '{"ar": "", "fr": "Éditions Alpha"}', 'editeur_scientifique', 'Algérie', 'Alger', NULL, NULL, NULL, NULL, '{"fr": "Sciences humaines"}', NULL, 1, '2025-11-21 13:31:46', '2025-11-21 13:31:46'),
(6, '{"ar": "", "fr": "Éditions Dalimen"}', 'maison_edition', 'Algérie', 'Alger', NULL, NULL, NULL, NULL, '{"fr": "Art et culture"}', NULL, 1, '2025-11-21 13:31:46', '2025-11-21 13:31:46');

-- [3] Table: genre (aucune dépendance)
INSERT INTO `genre` (`id_genre`, `nom`, `description`, `couleur`, `ordre_affichage`, `actif`) VALUES
(1, '{"ar": "", "fr": "Roman"}', '{"fr": "Récit long en prose"}', NULL, 0, 1),
(2, '{"ar": "", "fr": "Nouvelle"}', '{"fr": "Récit court"}', NULL, 0, 1),
(3, '{"ar": "", "fr": "Essai"}', '{"fr": "Texte argumentatif"}', NULL, 0, 1),
(4, '{"ar": "", "fr": "Poésie"}', '{"fr": "Œuvre en vers"}', NULL, 0, 1),
(5, '{"ar": "", "fr": "Biographie"}', '{"fr": "Récit de vie"}', NULL, 0, 1),
(6, '{"ar": "", "fr": "Théâtre"}', '{"fr": "Texte destiné à être joué"}', NULL, 0, 1),
(7, '{"ar": "", "fr": "Bande Dessinée"}', '{"fr": "Récit graphique"}', NULL, 0, 1),
(8, '{"ar": "", "fr": "Conte"}', '{"fr": "Récit merveilleux"}', NULL, 0, 1),
(9, '{"ar": "", "fr": "Chronique"}', '{"fr": "Récits d''événements"}', NULL, 0, 1),
(10, '{"ar": "", "fr": "Mémoires"}', '{"fr": "Souvenirs personnels"}', NULL, 0, 1),
(11, '{"ar": "", "fr": "Action"}', '{"fr": "Films d''action et d''aventure"}', NULL, 0, 1),
(12, '{"ar": "", "fr": "Comédie"}', '{"fr": "Films humoristiques"}', NULL, 0, 1),
(13, '{"ar": "", "fr": "Drame"}', '{"fr": "Films dramatiques"}', NULL, 0, 1),
(14, '{"ar": "", "fr": "Thriller"}', '{"fr": "Films à suspense"}', NULL, 0, 1),
(15, '{"ar": "", "fr": "Science-Fiction"}', '{"fr": "Films de SF"}', NULL, 0, 1),
(16, '{"ar": "", "fr": "Fantastique"}', '{"fr": "Films fantastiques"}', NULL, 0, 1),
(17, '{"ar": "", "fr": "Horreur"}', '{"fr": "Films d''épouvante"}', NULL, 0, 1),
(18, '{"ar": "", "fr": "Documentaire"}', '{"fr": "Films documentaires"}', NULL, 0, 1),
(19, '{"ar": "", "fr": "Animation"}', '{"fr": "Films d''animation"}', NULL, 0, 1),
(20, '{"ar": "", "fr": "Romance"}', '{"fr": "Films romantiques"}', NULL, 0, 1),
(21, '{"ar": "", "fr": "Western"}', '{"fr": "Films de western"}', NULL, 0, 1),
(22, '{"ar": "", "fr": "Guerre"}', '{"fr": "Films de guerre"}', NULL, 0, 1),
(23, '{"ar": "", "fr": "Historique"}', '{"fr": "Films historiques"}', NULL, 0, 1),
(24, '{"ar": "", "fr": "Musical"}', '{"fr": "Films musicaux"}', NULL, 0, 1),
(25, '{"ar": "", "fr": "Policier"}', '{"fr": "Films policiers"}', NULL, 0, 1),
(26, '{"ar": "", "fr": "Rock"}', '{"fr": "Musique rock"}', NULL, 0, 1),
(27, '{"ar": "", "fr": "Pop"}', '{"fr": "Musique pop"}', NULL, 0, 1),
(28, '{"ar": "", "fr": "Jazz"}', '{"fr": "Musique jazz"}', NULL, 0, 1),
(29, '{"ar": "", "fr": "Classique"}', '{"fr": "Musique classique"}', NULL, 0, 1),
(30, '{"ar": "", "fr": "Électronique"}', '{"fr": "Musique électronique"}', NULL, 0, 1),
(31, '{"ar": "", "fr": "Hip-Hop"}', '{"fr": "Musique hip-hop"}', NULL, 0, 1),
(32, '{"ar": "", "fr": "Folk"}', '{"fr": "Musique folk"}', NULL, 0, 1),
(33, '{"ar": "", "fr": "Metal"}', '{"fr": "Musique metal"}', NULL, 0, 1),
(34, '{"ar": "", "fr": "R&B"}', '{"fr": "Rhythm and blues"}', NULL, 0, 1),
(35, '{"ar": "", "fr": "Reggae"}', '{"fr": "Musique reggae"}', NULL, 0, 1),
(36, '{"ar": "", "fr": "Blues"}', '{"fr": "Musique blues"}', NULL, 0, 1),
(37, '{"ar": "", "fr": "Country"}', '{"fr": "Musique country"}', NULL, 0, 1),
(38, '{"ar": "", "fr": "Raï"}', '{"fr": "Musique raï algérienne"}', NULL, 0, 1),
(39, '{"ar": "", "fr": "Chaâbi"}', '{"fr": "Musique chaâbi algérienne"}', NULL, 0, 1),
(40, '{"ar": "", "fr": "Andalou"}', '{"fr": "Musique andalouse"}', NULL, 0, 1),
(41, '{"ar": "", "fr": "Actualité"}', '{"fr": "Articles d''actualité"}', NULL, 0, 1),
(42, '{"ar": "", "fr": "Opinion"}', '{"fr": "Articles d''opinion"}', NULL, 0, 1),
(43, '{"ar": "", "fr": "Analyse"}', '{"fr": "Articles d''analyse"}', NULL, 0, 1),
(44, '{"ar": "", "fr": "Interview"}', '{"fr": "Interviews"}', NULL, 0, 1),
(45, '{"ar": "", "fr": "Reportage"}', '{"fr": "Reportages"}', NULL, 0, 1),
(46, '{"ar": "", "fr": "Éditorial"}', '{"fr": "Éditoriaux"}', NULL, 0, 1),
(47, '{"ar": "", "fr": "Critique"}', '{"fr": "Critiques"}', NULL, 0, 1),
(48, '{"ar": "", "fr": "Portrait"}', '{"fr": "Portraits"}', NULL, 0, 1),
(49, '{"ar": "", "fr": "Enquête"}', '{"fr": "Articles d''enquête"}', NULL, 0, 1),
(50, '{"ar": "", "fr": "Tribune"}', '{"fr": "Tribunes"}', NULL, 0, 1),
(51, '{"ar": "", "fr": "Recherche"}', '{"fr": "Articles de recherche"}', NULL, 0, 1),
(52, '{"ar": "", "fr": "Méta-analyse"}', '{"fr": "Méta-analyses"}', NULL, 0, 1),
(53, '{"ar": "", "fr": "Revue systématique"}', '{"fr": "Revues systématiques"}', NULL, 0, 1),
(54, '{"ar": "", "fr": "Étude de cas"}', '{"fr": "Études de cas"}', NULL, 0, 1),
(55, '{"ar": "", "fr": "Article de synthèse"}', '{"fr": "Articles de synthèse"}', NULL, 0, 1),
(56, '{"ar": "", "fr": "Communication courte"}', '{"fr": "Communications courtes"}', NULL, 0, 1),
(57, '{"ar": "", "fr": "Lettre à l''éditeur"}', '{"fr": "Lettres à l''éditeur"}', NULL, 0, 1),
(58, '{"ar": "", "fr": "Rapport technique"}', '{"fr": "Rapports techniques"}', NULL, 0, 1),
(59, '{"ar": "", "fr": "Peinture"}', '{"fr": "Œuvres peintes"}', NULL, 0, 1),
(60, '{"ar": "", "fr": "Sculpture"}', '{"fr": "Œuvres sculptées"}', NULL, 0, 1),
(61, '{"ar": "", "fr": "Photographie"}', '{"fr": "Œuvres photographiques"}', NULL, 0, 1),
(62, '{"ar": "", "fr": "Dessin"}', '{"fr": "Œuvres dessinées"}', NULL, 0, 1),
(63, '{"ar": "", "fr": "Gravure"}', '{"fr": "Œuvres gravées"}', NULL, 0, 1),
(64, '{"ar": "", "fr": "Installation"}', '{"fr": "Installations artistiques"}', NULL, 0, 1),
(65, '{"ar": "", "fr": "Art numérique"}', '{"fr": "Œuvres numériques"}', NULL, 0, 1),
(66, '{"ar": "", "fr": "Street Art"}', '{"fr": "Art urbain"}', NULL, 0, 1),
(67, '{"ar": "", "fr": "Calligraphie"}', '{"fr": "Art de la calligraphie"}', NULL, 0, 1),
(68, '{"ar": "", "fr": "Collage"}', '{"fr": "Œuvres en collage"}', NULL, 0, 1),
(69, '{"ar": "", "fr": "Poterie"}', '{"fr": "Poterie traditionnelle"}', NULL, 0, 1),
(70, '{"ar": "", "fr": "Tissage"}', '{"fr": "Tissage traditionnel"}', NULL, 0, 1),
(71, '{"ar": "", "fr": "Bijouterie"}', '{"fr": "Création de bijoux"}', NULL, 0, 1),
(72, '{"ar": "", "fr": "Maroquinerie"}', '{"fr": "Travail du cuir"}', NULL, 0, 1),
(73, '{"ar": "", "fr": "Vannerie"}', '{"fr": "Travail de vannerie"}', NULL, 0, 1),
(74, '{"ar": "", "fr": "Ébénisterie"}', '{"fr": "Travail du bois"}', NULL, 0, 1),
(75, '{"ar": "", "fr": "Ferronnerie"}', '{"fr": "Travail du métal"}', NULL, 0, 1),
(76, '{"ar": "", "fr": "Céramique"}', '{"fr": "Art de la céramique"}', NULL, 0, 1),
(77, '{"ar": "", "fr": "Broderie"}', '{"fr": "Art de la broderie"}', NULL, 0, 1),
(78, '{"ar": "", "fr": "Tapisserie"}', '{"fr": "Art de la tapisserie"}', NULL, 0, 1),
(79, '{"ar": "", "fr": "Dinanderie"}', '{"fr": "Travail du cuivre"}', NULL, 0, 1),
(80, '{"ar": "", "fr": "Zellige"}', '{"fr": "Mosaïque traditionnelle"}', NULL, 0, 1),
(81, '{"ar": "", "fr": "Histoire"}', '{"fr": "Genre Histoire"}', '#e8fc2d', 0, 1),
(82, '{"ar": "", "fr": "Court-métrage"}', '{"fr": "Genre Court-métrage"}', '#6ad553', 0, 1),
(83, '{"ar": "", "fr": "Kabyle"}', '{"fr": "Genre Kabyle"}', '#eedde2', 0, 1),
(84, '{"ar": "", "fr": "Gnawa"}', '{"fr": "Genre Gnawa"}', '#dcca1e', 0, 1),
(85, '{"ar": "", "fr": "Moderne"}', '{"fr": "Genre Moderne"}', '#8408d8', 0, 1),
(86, '{"ar": "", "fr": "Culture"}', '{"fr": "Genre Culture"}', '#5e5a38', 0, 1),
(87, '{"ar": "", "fr": "Société"}', '{"fr": "Genre Société"}', '#9b6fba', 0, 1),
(88, '{"ar": "", "fr": "Politique"}', '{"fr": "Genre Politique"}', '#c6f43d', 0, 1),
(89, '{"ar": "", "fr": "Économie"}', '{"fr": "Genre Économie"}', '#48df8d', 0, 1),
(90, '{"ar": "", "fr": "Sport"}', '{"fr": "Genre Sport"}', '#48aad7', 0, 1),
(91, '{"ar": "", "fr": "Technologie"}', '{"fr": "Genre Technologie"}', '#3e8a70', 0, 1);

-- [4] Table: genre_categorie (aucune dépendance)
INSERT INTO `genre_categorie` (`id_genre`, `id_categorie`, `ordre_affichage`, `actif`) VALUES
(1, 1, 1, 1), (1, 2, 2, 1), (1, 3, 3, 1), (1, 4, 4, 1), (1, 5, 5, 1), (1, 6, 6, 1), (1, 7, 7, 1), (1, 8, 8, 1), (1, 9, 9, 1), (1, 10, 10, 1), (1, 11, 11, 1), (1, 12, 12, 1), (1, 13, 13, 1), (1, 14, 14, 1), (1, 15, 15, 1), (1, 16, 16, 1), (1, 17, 17, 1), (1, 18, 18, 1), (1, 19, 19, 1), (1, 20, 20, 1),
(2, 3, 1, 1), (2, 4, 2, 1), (2, 6, 3, 1), (2, 7, 4, 1), (2, 8, 5, 1), (2, 15, 6, 1),
(3, 5, 7, 1), (3, 16, 2, 1), (3, 17, 1, 1), (3, 61, 3, 1), (3, 62, 4, 1), (3, 65, 5, 1), (3, 70, 6, 1),
(4, 1, 3, 1), (4, 8, 1, 1), (4, 16, 4, 1), (4, 17, 5, 1),
(5, 5, 1, 1), (5, 20, 6, 1), (5, 25, 4, 1), (5, 61, 2, 1), (5, 65, 3, 1), (5, 70, 5, 1),
(11, 12, 5, 1), (11, 13, 4, 1), (11, 14, 3, 1), (11, 21, 1, 1), (11, 22, 2, 1), (11, 23, 6, 1), (11, 35, 7, 1),
(12, 1, 1, 1), (12, 18, 2, 1), (12, 25, 4, 1), (12, 26, 5, 1), (12, 38, 3, 1),
(13, 1, 6, 1), (13, 5, 3, 1), (13, 13, 5, 1), (13, 15, 1, 1), (13, 16, 2, 1), (13, 24, 4, 1),
(14, 6, 1, 1), (14, 14, 3, 1), (14, 15, 2, 1), (14, 27, 4, 1), (14, 28, 5, 1), (14, 35, 6, 1),
(15, 11, 5, 1), (15, 21, 6, 1), (15, 31, 1, 1), (15, 32, 2, 1), (15, 33, 3, 1), (15, 34, 4, 1),
(17, 15, 5, 1), (17, 29, 1, 1), (17, 30, 2, 1), (17, 35, 6, 1), (17, 36, 3, 1), (17, 37, 4, 1),
(26, 41, 1, 1), (26, 42, 2, 1), (26, 43, 3, 1), (26, 44, 4, 1), (26, 45, 5, 1), (26, 46, 6, 1),
(27, 46, 1, 1), (27, 47, 2, 1), (27, 48, 3, 1), (27, 49, 4, 1),
(28, 50, 1, 1), (28, 51, 2, 1), (28, 52, 3, 1), (28, 53, 4, 1),
(30, 54, 1, 1), (30, 55, 2, 1), (30, 56, 3, 1), (30, 57, 4, 1),
(31, 58, 1, 1), (31, 59, 2, 1), (31, 60, 3, 1),
(41, 25, 5, 1), (41, 61, 1, 1), (41, 62, 2, 1), (41, 63, 3, 1), (41, 64, 4, 1), (41, 65, 6, 1), (41, 66, 7, 1), (41, 67, 8, 1), (41, 68, 9, 1), (41, 69, 10, 1), (41, 71, 11, 1), (41, 72, 12, 1),
(42, 61, 1, 1), (42, 62, 4, 1), (42, 63, 2, 1), (42, 64, 5, 1), (42, 65, 3, 1), (42, 67, 6, 1),
(43, 61, 1, 1), (43, 62, 2, 1), (43, 63, 3, 1), (43, 64, 4, 1), (43, 65, 5, 1), (43, 66, 6, 1), (43, 70, 7, 1),
(44, 25, 3, 1), (44, 61, 1, 1), (44, 62, 5, 1), (44, 65, 2, 1), (44, 70, 4, 1), (44, 78, 6, 1),
(45, 13, 6, 1), (45, 25, 5, 1), (45, 63, 2, 1), (45, 64, 1, 1), (45, 65, 4, 1), (45, 67, 3, 1),
(51, 80, 1, 1), (51, 81, 2, 1), (51, 82, 3, 1), (51, 83, 4, 1), (51, 84, 5, 1), (51, 85, 6, 1), (51, 86, 7, 1), (51, 87, 8, 1), (51, 88, 9, 1), (51, 89, 10, 1), (51, 90, 11, 1), (51, 91, 12, 1), (51, 92, 13, 1), (51, 93, 14, 1), (51, 94, 15, 1),
(52, 80, 3, 1), (52, 85, 1, 1), (52, 86, 2, 1),
(54, 69, 5, 1), (54, 85, 1, 1), (54, 86, 2, 1), (54, 87, 3, 1), (54, 88, 4, 1),
(59, 8, 12, 1), (59, 95, 1, 1), (59, 96, 2, 1), (59, 97, 3, 1), (59, 98, 4, 1), (59, 99, 5, 1), (59, 100, 6, 1), (59, 101, 7, 1), (59, 102, 8, 1), (59, 103, 9, 1), (59, 104, 10, 1), (59, 105, 11, 1), (59, 108, 13, 1),
(60, 8, 4, 1), (60, 98, 1, 1), (60, 99, 2, 1), (60, 104, 3, 1), (60, 108, 5, 1),
(61, 8, 7, 1), (61, 95, 1, 1), (61, 96, 2, 1), (61, 97, 3, 1), (61, 98, 6, 1),
(69, 109, 1, 1), (69, 110, 2, 1), (69, 111, 3, 1), (69, 122, 4, 1), (69, 123, 5, 1),
(70, 110, 2, 1), (70, 112, 3, 1), (70, 113, 1, 1), (70, 122, 4, 1),
(71, 110, 2, 1), (71, 111, 3, 1), (71, 114, 1, 1), (71, 122, 4, 1), (71, 123, 5, 1),
(74, 109, 3, 1), (74, 110, 2, 1), (74, 112, 1, 1), (74, 119, 4, 1),
(76, 109, 1, 1), (76, 110, 2, 1), (76, 119, 3, 1), (76, 122, 4, 1);

-- [5] Table: langue (aucune dépendance)
INSERT INTO `langue` (`id_langue`, `nom`, `code`) VALUES
(1, '{"ar": "", "fr": "Tamazight"}', 'tm'),
(2, '{"ar": "", "fr": "Tifinagh"}', 'tif'),
(3, '{"ar": "", "fr": "Arabe"}', 'ar'),
(4, '{"ar": "", "fr": "Derja"}', 'de'),
(5, '{"ar": "", "fr": "Français"}', 'fr'),
(6, '{"ar": "", "fr": "Anglais"}', 'en');

-- [6] Table: materiau (aucune dépendance)
INSERT INTO `materiau` (`id_materiau`, `nom`, `description`) VALUES
(1, '{"ar": "", "fr": "Bois"}', '{"fr": "Matériau naturel"}'),
(2, '{"ar": "", "fr": "Pierre"}', '{"fr": "Matériau minéral"}'),
(3, '{"ar": "", "fr": "Métal"}', '{"fr": "Matériau métallique"}'),
(4, '{"ar": "", "fr": "Céramique"}', '{"fr": "Terre cuite"}'),
(5, '{"ar": "", "fr": "Textile"}', '{"fr": "Fibres textiles"}'),
(6, '{"ar": "", "fr": "Cuir"}', '{"fr": "Peau animale traitée"}'),
(7, '{"ar": "", "fr": "Verre"}', '{"fr": "Matériau transparent"}'),
(8, '{"ar": "", "fr": "Papier"}', '{"fr": "Support d''écriture"}'),
(9, '{"ar": "", "fr": "Plastique"}', '{"fr": "Matériau synthétique"}'),
(10, '{"ar": "", "fr": "Argile"}', '{"fr": "Matériau traditionnel pour la poterie"}'),
(11, '{"ar": "", "fr": "Laine"}', '{"fr": "Fibre naturelle pour le tissage"}'),
(12, '{"ar": "", "fr": "Cuivre"}', '{"fr": "Métal pour l''artisanat traditionnel"}'),
(13, '{"ar": "", "fr": "Argent"}', '{"fr": "Métal précieux pour la bijouterie"}');

-- [7] Table: role (aucune dépendance)
INSERT INTO `role` (`id_role`, `nom_role`, `description`) VALUES
(1, 'Administrateur', 'Accès complet au système'),
(2, 'User', 'Utilisateur standard'),
(3, 'Professionnel', 'Professionnel de la culture'),
(4, 'Modérateur', 'Modération du contenu');

-- [8] Table: sequelizemeta (aucune dépendance)
INSERT INTO `sequelizemeta` (`name`) VALUES
('20241126-correction-incoherences-patrimoine.js'),
('20250116-add-type-patrimoine.js'),
('20250119-add-performance-indexes.js'),
('20260119-add-soumission-config.js'),
('20260121-add-services-professional-fields.js'),
('20260220-add-event-virtual-fields.js');

-- [9] Table: specialites (aucune dépendance)
INSERT INTO `specialites` (`id_specialite`, `nom_specialite`, `description`, `categorie`, `actif`) VALUES
(1, '{"ar": "", "fr": "Arts visuels"}', '{"fr": "Peinture, sculpture, photographie"}', 'Arts', 1),
(2, '{"ar": "", "fr": "Musique"}', '{"fr": "Composition, interprétation"}', 'Arts', 1),
(3, '{"ar": "", "fr": "Littérature"}', '{"fr": "Écriture, poésie"}', 'Arts', 1),
(4, '{"ar": "", "fr": "Théâtre"}', '{"fr": "Mise en scène, jeu d''acteur"}', 'Arts', 1),
(5, '{"ar": "", "fr": "Danse"}', '{"fr": "Chorégraphie, interprétation"}', 'Arts', 1),
(6, '{"ar": "", "fr": "Artisanat"}', '{"fr": "Techniques traditionnelles"}', 'Métiers', 1),
(7, '{"ar": "", "fr": "Conservation"}', '{"fr": "Préservation du patrimoine"}', 'Métiers', 1),
(8, '{"ar": "", "fr": "Médiation culturelle"}', '{"fr": "Animation, pédagogie"}', 'Métiers', 1),
(9, '{"ar": "", "fr": "Production"}', '{"fr": "Organisation d''événements"}', 'Métiers', 1),
(10, '{"ar": "", "fr": "Communication"}', '{"fr": "Promotion culturelle"}', 'Métiers', 1);

-- [10] Table: tagmotcle (aucune dépendance)
INSERT INTO `tagmotcle` (`id_tag`, `nom`) VALUES
(1, '{"ar": "", "fr": "Culture algérienne"}'),
(2, '{"ar": "", "fr": "Patrimoine"}'),
(3, '{"ar": "", "fr": "Tradition"}'),
(4, '{"ar": "", "fr": "Modernité"}'),
(5, '{"ar": "", "fr": "Innovation"}'),
(6, '{"ar": "", "fr": "Art populaire"}'),
(7, '{"ar": "", "fr": "Identité"}'),
(8, '{"ar": "", "fr": "Mémoire collective"}'),
(9, '{"ar": "", "fr": "Transmission"}'),
(10, '{"ar": "", "fr": "Savoir-faire"}'),
(11, '{"ar": "", "fr": "Diversité culturelle"}'),
(12, '{"ar": "", "fr": "Création contemporaine"}'),
(13, '{"ar": "", "fr": "Héritage"}'),
(14, '{"ar": "", "fr": "Authenticité"}'),
(15, '"desertification"'),
(16, '"oasis"'),
(17, '"Sahara"'),
(18, '"biodiversite"'),
(19, '"foggaras"'),
(20, '"culture"'),
(21, '"culture"'),
(22, '"langue"'),
(23, '{"fr": "langue"}'),
(24, '{"fr": "culture"}'),
(25, '{"fr": "ecrivain"}'),
(26, '{"fr": "liberté"}');

-- [11] Table: technique (aucune dépendance)
INSERT INTO `technique` (`id_technique`, `nom`, `description`) VALUES
(1, '{"ar": "", "fr": "Sculpture"}', '{"fr": "Art du volume"}'),
(2, '{"ar": "", "fr": "Peinture"}', '{"fr": "Art pictural"}'),
(3, '{"ar": "", "fr": "Gravure"}', '{"fr": "Art de l''estampe"}'),
(4, '{"ar": "", "fr": "Tissage"}', '{"fr": "Entrelacement de fils"}'),
(5, '{"ar": "", "fr": "Poterie"}', '{"fr": "Façonnage de l''argile"}'),
(6, '{"ar": "", "fr": "Broderie"}', '{"fr": "Ornementation textile"}'),
(7, '{"ar": "", "fr": "Marqueterie"}', '{"fr": "Décoration en bois"}'),
(8, '{"ar": "", "fr": "Ciselure"}', '{"fr": "Travail du métal"}'),
(9, '{"ar": "", "fr": "Calligraphie"}', '{"fr": "Art de l''écriture"}'),
(10, '{"ar": "", "fr": "Photographie"}', '{"fr": "Capture d''images"}'),
(11, '{"ar": "", "fr": "Tissage traditionnel"}', '{"fr": "Technique ancestrale de tissage"}'),
(12, '{"ar": "", "fr": "Poterie au tour"}', '{"fr": "Façonnage de l''argile au tour"}'),
(13, '{"ar": "", "fr": "Gravure sur cuivre"}', '{"fr": "Art de la dinanderie"}'),
(14, '{"ar": "", "fr": "Tannage"}', '{"fr": "Traitement du cuir"}');

-- [12] Table: type_evenement (aucune dépendance)
INSERT INTO `type_evenement` (`id_type_evenement`, `nom_type`, `description`, `config_soumission`, `accepte_soumissions`) VALUES
(1, '{"ar": "", "fr": "Festival"}', '{"fr": "Festivals culturels"}', '{"label": {"ar": "الموسيقى للعرض", "en": "Music to present", "fr": "Musiques à présenter"}, "requis": false, "type_oeuvre": ["musique", "music", "chanson", "song", "composition"], "max_soumissions": 3}', 1),
(2, '{"ar": "", "fr": "Exposition"}', '{"fr": "Expositions d''art"}', '{"label": {"ar": "الأعمال للعرض", "en": "Works to exhibit", "fr": "Œuvres à exposer"}, "requis": false, "type_oeuvre": ["peinture", "sculpture", "art", "painting", "dessin", "drawing", "photographie", "photo"], "max_soumissions": 10}', 1),
(3, '{"ar": "", "fr": "Concert"}', '{"fr": "Concerts et spectacles musicaux"}', '{"label": {"ar": "المقطوعات للعزف", "en": "Pieces to perform", "fr": "Morceaux à jouer"}, "requis": false, "type_oeuvre": ["musique"], "max_soumissions": 20}', 1),
(4, '{"ar": "", "fr": "Conférence"}', '{"fr": "Conférences et colloques"}', NULL, 0),
(5, '{"ar": "", "fr": "Atelier"}', '{"fr": "Ateliers créatifs"}', NULL, 0),
(6, '{"ar": "", "fr": "Visite guidée"}', '{"fr": "Visites culturelles"}', NULL, 0),
(7, '{"ar": "", "fr": "Spectacle"}', '{"fr": "Spectacles vivants"}', NULL, 0),
(8, '{"ar": "", "fr": "Projection"}', '{"fr": "Projections cinématographiques"}', '{"label": {"ar": "الأفلام للعرض", "en": "Films to screen", "fr": "Films à projeter"}, "requis": true, "type_oeuvre": ["film"], "max_soumissions": 3}', 1),
(9, '{"ar": "", "fr": "Lecture"}', '{"fr": "Lectures publiques"}', NULL, 0),
(10, '{"ar": "", "fr": "Débat"}', '{"fr": "Débats culturels"}', NULL, 0),
(11, '{"ar": "", "fr": "Théâtre"}', '{"fr": "Représentation théâtrale"}', NULL, 0),
(12, '{"ar": "", "fr": "Salon"}', '{"fr": "Salon du livre ou de l''artisanat"}', '{"label": {"ar": "الكتب للعرض", "en": "Books to present", "fr": "Livres à présenter"}, "requis": false, "type_oeuvre": ["livre", "book", "roman", "poésie", "poème", "poetry"], "max_soumissions": 5}', 1);

-- [13] Table: type_oeuvre (aucune dépendance)
INSERT INTO `type_oeuvre` (`id_type_oeuvre`, `nom_type`, `description`) VALUES
(1, '{"ar": "", "fr": "Livre"}', '{"fr": "Œuvres littéraires écrites"}'),
(2, '{"ar": "", "fr": "Film"}', '{"fr": "Œuvres cinématographiques"}'),
(3, '{"ar": "", "fr": "Album Musical"}', '{"fr": "Œuvres musicales"}'),
(4, '{"ar": "", "fr": "Article"}', '{"fr": "Articles de presse et blog"}'),
(5, '{"ar": "", "fr": "Article Scientifique"}', '{"fr": "Publications académiques"}'),
(6, '{"ar": "", "fr": "Œuvre d''Art"}', '{"fr": "Peintures, dessins, installations"}'),
(7, '{"ar": "", "fr": "Artisanat"}', '{"fr": "Créations artisanales traditionnelles"}'),
(8, '{"ar": "", "fr": "Art"}', '{"fr": "Œuvre d''art visuel"}');

-- [14] Table: type_oeuvre_genre (aucune dépendance)
INSERT INTO `type_oeuvre_genre` (`id_type_oeuvre`, `id_genre`, `ordre_affichage`, `actif`) VALUES
(1, 1, 1, 1), (1, 2, 2, 1), (1, 3, 3, 1), (1, 4, 4, 1), (1, 5, 5, 1), (1, 6, 6, 1), (1, 7, 7, 1), (1, 8, 8, 1), (1, 9, 9, 1), (1, 10, 10, 1),
(2, 11, 1, 1), (2, 12, 2, 1), (2, 13, 3, 1), (2, 14, 4, 1), (2, 15, 5, 1), (2, 16, 6, 1), (2, 17, 7, 1), (2, 18, 8, 1), (2, 19, 9, 1), (2, 20, 10, 1), (2, 21, 11, 1), (2, 22, 12, 1), (2, 23, 13, 1), (2, 24, 14, 1), (2, 25, 15, 1),
(3, 26, 1, 1), (3, 27, 2, 1), (3, 28, 3, 1), (3, 29, 4, 1), (3, 30, 5, 1), (3, 31, 6, 1), (3, 32, 7, 1), (3, 33, 8, 1), (3, 34, 9, 1), (3, 35, 10, 1), (3, 36, 11, 1), (3, 37, 12, 1), (3, 38, 13, 1), (3, 39, 14, 1), (3, 40, 15, 1),
(4, 41, 1, 1), (4, 42, 2, 1), (4, 43, 3, 1), (4, 44, 4, 1), (4, 45, 5, 1), (4, 46, 6, 1), (4, 47, 7, 1), (4, 48, 8, 1), (4, 49, 9, 1), (4, 50, 10, 1),
(5, 51, 1, 1), (5, 52, 2, 1), (5, 53, 3, 1), (5, 54, 4, 1), (5, 55, 5, 1), (5, 56, 6, 1), (5, 57, 7, 1), (5, 58, 8, 1),
(6, 59, 1, 1), (6, 60, 2, 1), (6, 61, 3, 1), (6, 62, 4, 1), (6, 63, 5, 1), (6, 64, 6, 1), (6, 65, 7, 1), (6, 66, 8, 1), (6, 67, 9, 1), (6, 68, 10, 1),
(7, 69, 1, 1), (7, 70, 2, 1), (7, 71, 3, 1), (7, 72, 4, 1), (7, 73, 5, 1), (7, 74, 6, 1), (7, 75, 7, 1), (7, 76, 8, 1), (7, 77, 9, 1), (7, 78, 10, 1), (7, 79, 11, 1), (7, 80, 12, 1);

-- [15] Table: type_user (aucune dépendance)
INSERT INTO `type_user` (`id_type_user`, `nom_type`, `description`) VALUES
(1, '{"ar": "", "fr": "visiteur"}', '{"fr": "Utilisateur standard du site"}'),
(2, '{"ar": "", "fr": "ecrivain"}', '{"fr": "Auteur de livres et œuvres littéraires"}'),
(3, '{"ar": "", "fr": "journaliste"}', '{"fr": "Professionnel de l''information et des médias"}'),
(4, '{"ar": "", "fr": "scientifique"}', '{"fr": "Chercheur ou académique"}'),
(5, '{"ar": "", "fr": "acteur"}', '{"fr": "Professionnel du cinéma et du théâtre"}'),
(6, '{"ar": "", "fr": "artiste"}', '{"fr": "Créateur d''œuvres artistiques"}'),
(7, '{"ar": "", "fr": "artisan"}', '{"fr": "Créateur d''objets artisanaux"}'),
(8, '{"ar": "", "fr": "realisateur"}', '{"fr": "Professionnel de la réalisation audiovisuelle"}'),
(9, '{"ar": "", "fr": "musicien"}', '{"fr": "Compositeur ou interprète musical"}'),
(10, '{"ar": "", "fr": "photographe"}', '{"fr": "Professionnel de la photographie"}'),
(11, '{"ar": "", "fr": "danseur"}', '{"fr": "Professionnel de la danse"}'),
(12, '{"ar": "", "fr": "sculpteur"}', '{"fr": "Créateur de sculptures"}'),
(13, '{"ar": "", "fr": "autre"}', '{"fr": "Autre type de professionnel"}'),
(14, '{"ar": "", "fr": "auteur"}', '{"fr": "Auteur de livres"}'),
(15, '{"ar": "", "fr": "traducteur"}', '{"fr": "Traducteur littéraire"}'),
(16, '{"ar": "", "fr": "illustrateur"}', '{"fr": "Illustrateur"}'),
(17, '{"ar": "", "fr": "prefacier"}', '{"fr": "Préfacier"}'),
(18, '{"ar": "", "fr": "producteur"}', '{"fr": "Producteur"}'),
(19, '{"ar": "", "fr": "scenariste"}', '{"fr": "Scénariste"}'),
(20, '{"ar": "", "fr": "directeur_photo"}', '{"fr": "Directeur de la photographie"}'),
(21, '{"ar": "", "fr": "monteur"}', '{"fr": "Monteur"}'),
(22, '{"ar": "", "fr": "compositeur"}', '{"fr": "Compositeur musical"}'),
(23, '{"ar": "", "fr": "interprete"}', '{"fr": "Interprète musical"}'),
(24, '{"ar": "", "fr": "arrangeur"}', '{"fr": "Arrangeur musical"}'),
(25, '{"ar": "", "fr": "parolier"}', '{"fr": "Parolier"}'),
(26, '{"ar": "", "fr": "redacteur"}', '{"fr": "Rédacteur"}'),
(27, '{"ar": "", "fr": "chercheur"}', '{"fr": "Chercheur"}'),
(28, '{"ar": "", "fr": "designer"}', '{"fr": "Designer"}'),
(29, '{"ar": "", "fr": "administrateur"}', '{"fr": "Administrateur système"}');

-- [16] Table: typeorganisation (aucune dépendance)
INSERT INTO `typeorganisation` (`id_type_organisation`, `nom`) VALUES
(1, '{"ar": "", "fr": "Association culturelle"}'),
(2, '{"ar": "", "fr": "Ministère"}'),
(3, '{"ar": "", "fr": "Collectivité territoriale"}'),
(4, '{"ar": "", "fr": "Institution publique"}'),
(5, '{"ar": "", "fr": "Fondation"}'),
(6, '{"ar": "", "fr": "ONG"}'),
(7, '{"ar": "", "fr": "Entreprise privée"}'),
(8, '{"ar": "", "fr": "Université"}'),
(9, '{"ar": "", "fr": "École"}'),
(10, '{"ar": "", "fr": "Musée"}'),
(11, '{"ar": "", "fr": "Bibliothèque"}'),
(12, '{"ar": "", "fr": "Association"}'),
(13, '{"ar": "", "fr": "Entreprise"}');

-- [17] Table: wilayas (aucune dépendance)
INSERT INTO `wilayas` (`id_wilaya`, `codeW`, `nom`, `wilaya_name_ascii`, `createdAt`, `updatedAt`) VALUES
(1, 1, 'أدرار', 'Adrar', '2025-11-21 09:53:02', '2025-11-21 09:53:02'),
(2, 2, ' الشلف', 'Chlef', '2025-11-21 09:53:02', '2025-11-21 09:53:02'),
(3, 3, 'الأغواط', 'Laghouat', '2025-11-21 09:53:02', '2025-11-21 09:53:02'),
(4, 4, 'أم البواقي', 'Oum El Bouaghi', '2025-11-21 09:53:02', '2025-11-21 09:53:02'),
(5, 5, 'باتنة', 'Batna', '2025-11-21 09:53:03', '2025-11-21 09:53:03'),
(6, 6, ' بجاية', 'Béjaïa', '2025-11-21 09:53:03', '2025-11-21 09:53:03'),
(7, 7, 'بسكرة', 'Biskra', '2025-11-21 09:53:04', '2025-11-21 09:53:04'),
(8, 8, 'بشار', 'Béchar', '2025-11-21 09:53:04', '2025-11-21 09:53:04'),
(9, 9, 'البليدة', 'Blida', '2025-11-21 09:53:04', '2025-11-21 09:53:04'),
(10, 10, 'البويرة', 'Bouira', '2025-11-21 09:53:04', '2025-11-21 09:53:04'),
(11, 11, 'تمنراست', 'Tamanrasset', '2025-11-21 09:53:04', '2025-11-21 09:53:04'),
(12, 12, 'تبسة', 'Tébessa', '2025-11-21 09:53:04', '2025-11-21 09:53:04'),
(13, 13, 'تلمسان', 'Tlemcen', '2025-11-21 09:53:05', '2025-11-21 09:53:05'),
(14, 14, 'تيارت', 'Tiaret', '2025-11-21 09:53:05', '2025-11-21 09:53:05'),
(15, 15, 'تيزي وزو', 'Tizi Ouzou', '2025-11-21 09:53:05', '2025-11-21 09:53:05'),
(16, 16, 'الجزائر', 'Alger', '2025-11-21 09:53:06', '2025-11-21 09:53:06'),
(17, 17, 'الجلفة', 'Djelfa', '2025-11-21 09:53:06', '2025-11-21 09:53:06'),
(18, 18, 'جيجل', 'Jijel', '2025-11-21 09:53:06', '2025-11-21 09:53:06'),
(19, 19, 'سطيف', 'Sétif', '2025-11-21 09:53:07', '2025-11-21 09:53:07'),
(20, 20, 'سعيدة', 'Saïda', '2025-11-21 09:53:07', '2025-11-21 09:53:07'),
(21, 21, 'سكيكدة', 'Skikda', '2025-11-21 09:53:07', '2025-11-21 09:53:07'),
(22, 22, 'سيدي بلعباس', 'Sidi Bel Abbès', '2025-11-21 09:53:07', '2025-11-21 09:53:07'),
(23, 23, 'عنابة', 'Annaba', '2025-11-21 09:53:08', '2025-11-21 09:53:08'),
(24, 24, 'قالمة', 'Guelma', '2025-11-21 09:53:08', '2025-11-21 09:53:08'),
(25, 25, 'قسنطينة', 'Constantine', '2025-11-21 09:53:08', '2025-11-21 09:53:08'),
(26, 26, 'المدية', 'Médéa', '2025-11-21 09:53:08', '2025-11-21 09:53:08'),
(27, 27, 'مستغانم', 'Mostaganem', '2025-11-21 09:53:08', '2025-11-21 09:53:08'),
(28, 28, 'المسيلة', 'M''Sila', '2025-11-21 09:53:09', '2025-11-21 09:53:09'),
(29, 29, 'معسكر', 'Mascara', '2025-11-21 09:53:09', '2025-11-21 09:53:09'),
(30, 30, 'ورقلة', 'Ouargla', '2025-11-21 09:53:09', '2025-11-21 09:53:09'),
(31, 31, 'وهران', 'Oran', '2025-11-21 09:53:09', '2025-11-21 09:53:09'),
(32, 32, 'البيض', 'El Bayadh', '2025-11-21 09:53:09', '2025-11-21 09:53:09'),
(33, 33, 'إليزي', 'Illizi', '2025-11-21 09:53:10', '2025-11-21 09:53:10'),
(34, 34, 'برج بوعريريج', 'Bordj Bou Arreridj', '2025-11-21 09:53:10', '2025-11-21 09:53:10'),
(35, 35, 'بومرداس', 'Boumerdès', '2025-11-21 09:53:10', '2025-11-21 09:53:10'),
(36, 36, 'الطارف', 'El Tarf', '2025-11-21 09:53:10', '2025-11-21 09:53:10'),
(37, 37, 'تندوف', 'Tindouf', '2025-11-21 09:53:10', '2025-11-21 09:53:10'),
(38, 38, 'تيسمسيلت', 'Tissemsilt', '2025-11-21 09:53:10', '2025-11-21 09:53:10'),
(39, 39, 'الوادي', 'El Oued', '2025-11-21 09:53:10', '2025-11-21 09:53:10'),
(40, 40, 'خنشلة', 'Khenchela', '2025-11-21 09:53:11', '2025-11-21 09:53:11'),
(41, 41, 'سوق أهراس', 'Souk Ahras', '2025-11-21 09:53:11', '2025-11-21 09:53:11'),
(42, 42, 'تيبازة', 'Tipaza', '2025-11-21 09:53:11', '2025-11-21 09:53:11'),
(43, 43, 'ميلة', 'Mila', '2025-11-21 09:53:11', '2025-11-21 09:53:11'),
(44, 44, 'عين الدفلة', 'Aïn Defla', '2025-11-21 09:53:11', '2025-11-21 09:53:11'),
(45, 45, 'النعامة', 'Naâma', '2025-11-21 09:53:12', '2025-11-21 09:53:12'),
(46, 46, 'عين تيموشنت', 'Aïn Témouchent', '2025-11-21 09:53:12', '2025-11-21 09:53:12'),
(47, 47, 'غرداية', 'Ghardaïa', '2025-11-21 09:53:12', '2025-11-21 09:53:12'),
(48, 48, 'غليزان', 'Relizane', '2025-11-21 09:53:12', '2025-11-21 09:53:12'),
(49, 49, 'تيميمون', 'Timimoun', '2025-11-21 09:53:12', '2025-11-21 09:53:12'),
(50, 50, 'برج باجي مختار', 'Bordj Badji Mokhtar', '2025-11-21 09:53:12', '2025-11-21 09:53:12'),
(51, 51, 'أولاد جلال', 'Ouled Djellal', '2025-11-21 09:53:12', '2025-11-21 09:53:12'),
(52, 52, 'بني عباس', 'Béni Abbès', '2025-11-21 09:53:12', '2025-11-21 09:53:12'),
(53, 53, 'عين صالح', 'In Salah', '2025-11-21 09:53:12', '2025-11-21 09:53:12'),
(54, 54, 'عين قزام', 'In Guezzam', '2025-11-21 09:53:12', '2025-11-21 09:53:12'),
(55, 55, 'تقرت', 'Touggourt', '2025-11-21 09:53:12', '2025-11-21 09:53:12'),
(56, 56, 'جانت', 'Djanet', '2025-11-21 09:53:12', '2025-11-21 09:53:12'),
(57, 57, 'المغير', 'El Meghaier', '2025-11-21 09:53:13', '2025-11-21 09:53:13'),
(58, 58, 'المنيعة', 'El Menia', '2025-11-21 09:53:13', '2025-11-21 09:53:13');

SET FOREIGN_KEY_CHECKS = 1;
