-- INSERT INTO statements extraits dans l'ordre des dépendances (associations/FK)
-- Tables parentes d'abord, tables enfants ensuite
SET SQL_MODE = "NO_AUTO_VALUE_ON_ZERO";
SET FOREIGN_KEY_CHECKS = 0;

-- [1] Table: categorie (aucune dépendance)
INSERT INTO `categorie` (`id_categorie`, `nom`, `description`, `icone`, `couleur`, `ordre_affichage`, `actif`) VALUES
(1, '{\"ar\": \"\", \"fr\": \"Romance\"}', '{\"fr\": \"Histoires d\'amour\"}', NULL, NULL, 0, 1),
(2, '{\"ar\": \"\", \"fr\": \"Thriller\"}', '{\"fr\": \"Suspense et tension\"}', NULL, NULL, 0, 1),
(3, '{\"ar\": \"\", \"fr\": \"Fantasy\"}', '{\"fr\": \"Mondes imaginaires\"}', NULL, NULL, 0, 1),
(4, '{\"ar\": \"\", \"fr\": \"Science-Fiction\"}', '{\"fr\": \"Futur et technologie\"}', NULL, NULL, 0, 1),
(5, '{\"ar\": \"\", \"fr\": \"Historique\"}', '{\"fr\": \"Basé sur l\'histoire\"}', NULL, NULL, 0, 1),
(6, '{\"ar\": \"\", \"fr\": \"Policier\"}', '{\"fr\": \"Enquêtes et mystères\"}', NULL, NULL, 0, 1),
(7, '{\"ar\": \"\", \"fr\": \"Horreur\"}', '{\"fr\": \"Épouvante et terreur\"}', NULL, NULL, 0, 1),
(8, '{\"ar\": \"\", \"fr\": \"Contemporain\"}', '{\"fr\": \"Époque actuelle\"}', NULL, NULL, 0, 1),
(9, '{\"ar\": \"\", \"fr\": \"Jeunesse\"}', '{\"fr\": \"Pour les jeunes\"}', NULL, NULL, 0, 1),
(10, '{\"ar\": \"\", \"fr\": \"Young Adult\"}', '{\"fr\": \"Jeunes adultes\"}', NULL, NULL, 0, 1),
(11, '{\"ar\": \"\", \"fr\": \"Dystopie\"}', '{\"fr\": \"Sociétés futures sombres\"}', NULL, NULL, 0, 1),
(12, '{\"ar\": \"\", \"fr\": \"Aventure\"}', '{\"fr\": \"Récits d\'aventures\"}', NULL, NULL, 0, 1),
(13, '{\"ar\": \"\", \"fr\": \"Guerre\"}', '{\"fr\": \"Récits de guerre\"}', NULL, NULL, 0, 1),
(14, '{\"ar\": \"\", \"fr\": \"Espionnage\"}', '{\"fr\": \"Histoires d\'espions\"}', NULL, NULL, 0, 1),
(15, '{\"ar\": \"\", \"fr\": \"Psychologique\"}', '{\"fr\": \"Exploration psychologique\"}', NULL, NULL, 0, 1),
(16, '{\"ar\": \"\", \"fr\": \"Social\"}', '{\"fr\": \"Questions sociales\"}', NULL, NULL, 0, 1),
(17, '{\"ar\": \"\", \"fr\": \"Philosophique\"}', '{\"fr\": \"Réflexions philosophiques\"}', NULL, NULL, 0, 1),
(18, '{\"ar\": \"\", \"fr\": \"Satirique\"}', '{\"fr\": \"Satire sociale\"}', NULL, NULL, 0, 1),
(19, '{\"ar\": \"\", \"fr\": \"Épistolaire\"}', '{\"fr\": \"Roman par lettres\"}', NULL, NULL, 0, 1),
(20, '{\"ar\": \"\", \"fr\": \"Autobiographique\"}', '{\"fr\": \"Basé sur la vie de l\'auteur\"}', NULL, NULL, 0, 1),
(21, '{\"ar\": \"\", \"fr\": \"Super-héros\"}', '{\"fr\": \"Films de super-héros\"}', NULL, NULL, 0, 1),
(22, '{\"ar\": \"\", \"fr\": \"Arts martiaux\"}', '{\"fr\": \"Films d\'arts martiaux\"}', NULL, NULL, 0, 1),
(23, '{\"ar\": \"\", \"fr\": \"Catastrophe\"}', '{\"fr\": \"Films catastrophe\"}', NULL, NULL, 0, 1),
(24, '{\"ar\": \"\", \"fr\": \"Biographique\"}', '{\"fr\": \"Biographies filmées\"}', NULL, NULL, 0, 1),
(25, '{\"ar\": \"\", \"fr\": \"Sport\"}', '{\"fr\": \"Films de sport\"}', NULL, NULL, 0, 1),
(26, '{\"ar\": \"\", \"fr\": \"Road Movie\"}', '{\"fr\": \"Films de voyage\"}', NULL, NULL, 0, 1),
(27, '{\"ar\": \"\", \"fr\": \"Film noir\"}', '{\"fr\": \"Genre noir classique\"}', NULL, NULL, 0, 1),
(28, '{\"ar\": \"\", \"fr\": \"Néo-noir\"}', '{\"fr\": \"Noir moderne\"}', NULL, NULL, 0, 1),
(29, '{\"ar\": \"\", \"fr\": \"Zombie\"}', '{\"fr\": \"Films de zombies\"}', NULL, NULL, 0, 1),
(30, '{\"ar\": \"\", \"fr\": \"Vampire\"}', '{\"fr\": \"Films de vampires\"}', NULL, NULL, 0, 1),
(31, '{\"ar\": \"\", \"fr\": \"Space Opera\"}', '{\"fr\": \"Épopées spatiales\"}', NULL, NULL, 0, 1),
(32, '{\"ar\": \"\", \"fr\": \"Cyberpunk\"}', '{\"fr\": \"Futur dystopique high-tech\"}', NULL, NULL, 0, 1),
(33, '{\"ar\": \"\", \"fr\": \"Steampunk\"}', '{\"fr\": \"Rétro-futurisme vapeur\"}', NULL, NULL, 0, 1),
(34, '{\"ar\": \"\", \"fr\": \"Post-apocalyptique\"}', '{\"fr\": \"Après l\'apocalypse\"}', NULL, NULL, 0, 1),
(35, '{\"ar\": \"\", \"fr\": \"Survival\"}', '{\"fr\": \"Films de survie\"}', NULL, NULL, 0, 1),
(36, '{\"ar\": \"\", \"fr\": \"Slasher\"}', '{\"fr\": \"Films slasher\"}', NULL, NULL, 0, 1),
(37, '{\"ar\": \"\", \"fr\": \"Found Footage\"}', '{\"fr\": \"Faux documentaires\"}', NULL, NULL, 0, 1),
(38, '{\"ar\": \"\", \"fr\": \"Mockumentary\"}', '{\"fr\": \"Faux documentaires comiques\"}', NULL, NULL, 0, 1),
(39, '{\"ar\": \"\", \"fr\": \"Anthologie\"}', '{\"fr\": \"Films à sketches\"}', NULL, NULL, 0, 1),
(40, '{\"ar\": \"\", \"fr\": \"Expérimental\"}', '{\"fr\": \"Cinéma expérimental\"}', NULL, NULL, 0, 1),
(41, '{\"ar\": \"\", \"fr\": \"Rock Alternatif\"}', '{\"fr\": \"Rock alternatif\"}', NULL, NULL, 0, 1),
(42, '{\"ar\": \"\", \"fr\": \"Hard Rock\"}', '{\"fr\": \"Rock dur\"}', NULL, NULL, 0, 1),
(43, '{\"ar\": \"\", \"fr\": \"Punk Rock\"}', '{\"fr\": \"Punk rock\"}', NULL, NULL, 0, 1),
(44, '{\"ar\": \"\", \"fr\": \"Rock Progressif\"}', '{\"fr\": \"Rock progressif\"}', NULL, NULL, 0, 1),
(45, '{\"ar\": \"\", \"fr\": \"Indie Rock\"}', '{\"fr\": \"Rock indépendant\"}', NULL, NULL, 0, 1),
(46, '{\"ar\": \"\", \"fr\": \"Pop Rock\"}', '{\"fr\": \"Pop rock\"}', NULL, NULL, 0, 1),
(47, '{\"ar\": \"\", \"fr\": \"Electro Pop\"}', '{\"fr\": \"Pop électronique\"}', NULL, NULL, 0, 1),
(48, '{\"ar\": \"\", \"fr\": \"K-Pop\"}', '{\"fr\": \"Pop coréenne\"}', NULL, NULL, 0, 1),
(49, '{\"ar\": \"\", \"fr\": \"Indie Pop\"}', '{\"fr\": \"Pop indépendante\"}', NULL, NULL, 0, 1),
(50, '{\"ar\": \"\", \"fr\": \"Bebop\"}', '{\"fr\": \"Jazz bebop\"}', NULL, NULL, 0, 1),
(51, '{\"ar\": \"\", \"fr\": \"Smooth Jazz\"}', '{\"fr\": \"Jazz doux\"}', NULL, NULL, 0, 1),
(52, '{\"ar\": \"\", \"fr\": \"Jazz Fusion\"}', '{\"fr\": \"Jazz fusion\"}', NULL, NULL, 0, 1),
(53, '{\"ar\": \"\", \"fr\": \"Free Jazz\"}', '{\"fr\": \"Jazz libre\"}', NULL, NULL, 0, 1),
(54, '{\"ar\": \"\", \"fr\": \"House\"}', '{\"fr\": \"Musique house\"}', NULL, NULL, 0, 1),
(55, '{\"ar\": \"\", \"fr\": \"Techno\"}', '{\"fr\": \"Musique techno\"}', NULL, NULL, 0, 1),
(56, '{\"ar\": \"\", \"fr\": \"Dubstep\"}', '{\"fr\": \"Musique dubstep\"}', NULL, NULL, 0, 1),
(57, '{\"ar\": \"\", \"fr\": \"Ambient\"}', '{\"fr\": \"Musique ambiante\"}', NULL, NULL, 0, 1),
(58, '{\"ar\": \"\", \"fr\": \"Trap\"}', '{\"fr\": \"Musique trap\"}', NULL, NULL, 0, 1),
(59, '{\"ar\": \"\", \"fr\": \"Drill\"}', '{\"fr\": \"Musique drill\"}', NULL, NULL, 0, 1),
(60, '{\"ar\": \"\", \"fr\": \"Afrobeat\"}', '{\"fr\": \"Musique afrobeat\"}', NULL, NULL, 0, 1),
(61, '{\"ar\": \"\", \"fr\": \"Politique\"}', '{\"fr\": \"Articles politiques\"}', NULL, NULL, 0, 1),
(62, '{\"ar\": \"\", \"fr\": \"Économie\"}', '{\"fr\": \"Articles économiques\"}', NULL, NULL, 0, 1),
(63, '{\"ar\": \"\", \"fr\": \"Société\"}', '{\"fr\": \"Articles de société\"}', NULL, NULL, 0, 1),
(64, '{\"ar\": \"\", \"fr\": \"International\"}', '{\"fr\": \"Actualité internationale\"}', NULL, NULL, 0, 1),
(65, '{\"ar\": \"\", \"fr\": \"Culture\"}', '{\"fr\": \"Articles culturels\"}', NULL, NULL, 0, 1),
(66, '{\"ar\": \"\", \"fr\": \"Technologie\"}', '{\"fr\": \"Articles tech\"}', NULL, NULL, 0, 1),
(67, '{\"ar\": \"\", \"fr\": \"Environnement\"}', '{\"fr\": \"Articles environnement\"}', NULL, NULL, 0, 1),
(68, '{\"ar\": \"\", \"fr\": \"Santé\"}', '{\"fr\": \"Articles santé\"}', NULL, NULL, 0, 1),
(69, '{\"ar\": \"\", \"fr\": \"Éducation\"}', '{\"fr\": \"Articles éducation\"}', NULL, NULL, 0, 1),
(70, '{\"ar\": \"\", \"fr\": \"Sciences\"}', '{\"fr\": \"Articles scientifiques\"}', NULL, NULL, 0, 1),
(71, '{\"ar\": \"\", \"fr\": \"Justice\"}', '{\"fr\": \"Articles justice\"}', NULL, NULL, 0, 1),
(72, '{\"ar\": \"\", \"fr\": \"Faits divers\"}', '{\"fr\": \"Faits divers\"}', NULL, NULL, 0, 1),
(73, '{\"ar\": \"\", \"fr\": \"Médias\"}', '{\"fr\": \"Articles sur les médias\"}', NULL, NULL, 0, 1),
(74, '{\"ar\": \"\", \"fr\": \"Lifestyle\"}', '{\"fr\": \"Art de vivre\"}', NULL, NULL, 0, 1),
(75, '{\"ar\": \"\", \"fr\": \"Gastronomie\"}', '{\"fr\": \"Articles gastronomie\"}', NULL, NULL, 0, 1),
(76, '{\"ar\": \"\", \"fr\": \"Tourisme\"}', '{\"fr\": \"Articles tourisme\"}', NULL, NULL, 0, 1),
(77, '{\"ar\": \"\", \"fr\": \"Mode\"}', '{\"fr\": \"Articles mode\"}', NULL, NULL, 0, 1),
(78, '{\"ar\": \"\", \"fr\": \"People\"}', '{\"fr\": \"Célébrités\"}', NULL, NULL, 0, 1),
(79, '{\"ar\": \"\", \"fr\": \"Gaming\"}', '{\"fr\": \"Jeux vidéo\"}', NULL, NULL, 0, 1),
(80, '{\"ar\": \"\", \"fr\": \"Biologie\"}', '{\"fr\": \"Sciences de la vie\"}', NULL, NULL, 0, 1),
(81, '{\"ar\": \"\", \"fr\": \"Physique\"}', '{\"fr\": \"Sciences physiques\"}', NULL, NULL, 0, 1),
(82, '{\"ar\": \"\", \"fr\": \"Chimie\"}', '{\"fr\": \"Sciences chimiques\"}', NULL, NULL, 0, 1),
(83, '{\"ar\": \"\", \"fr\": \"Mathématiques\"}', '{\"fr\": \"Sciences mathématiques\"}', NULL, NULL, 0, 1),
(84, '{\"ar\": \"\", \"fr\": \"Informatique\"}', '{\"fr\": \"Sciences informatiques\"}', NULL, NULL, 0, 1),
(85, '{\"ar\": \"\", \"fr\": \"Médecine\"}', '{\"fr\": \"Sciences médicales\"}', NULL, NULL, 0, 1),
(86, '{\"ar\": \"\", \"fr\": \"Psychologie\"}', '{\"fr\": \"Sciences psychologiques\"}', NULL, NULL, 0, 1),
(87, '{\"ar\": \"\", \"fr\": \"Sociologie\"}', '{\"fr\": \"Sciences sociales\"}', NULL, NULL, 0, 1),
(88, '{\"ar\": \"\", \"fr\": \"Anthropologie\"}', '{\"fr\": \"Sciences anthropologiques\"}', NULL, NULL, 0, 1),
(89, '{\"ar\": \"\", \"fr\": \"Archéologie\"}', '{\"fr\": \"Sciences archéologiques\"}', NULL, NULL, 0, 1),
(90, '{\"ar\": \"\", \"fr\": \"Géologie\"}', '{\"fr\": \"Sciences de la Terre\"}', NULL, NULL, 0, 1),
(91, '{\"ar\": \"\", \"fr\": \"Astronomie\"}', '{\"fr\": \"Sciences astronomiques\"}', NULL, NULL, 0, 1),
(92, '{\"ar\": \"\", \"fr\": \"Écologie\"}', '{\"fr\": \"Sciences écologiques\"}', NULL, NULL, 0, 1),
(93, '{\"ar\": \"\", \"fr\": \"Génétique\"}', '{\"fr\": \"Sciences génétiques\"}', NULL, NULL, 0, 1),
(94, '{\"ar\": \"\", \"fr\": \"Neurosciences\"}', '{\"fr\": \"Sciences du cerveau\"}', NULL, NULL, 0, 1),
(95, '{\"ar\": \"\", \"fr\": \"Portrait\"}', '{\"fr\": \"Portraits artistiques\"}', NULL, NULL, 0, 1),
(96, '{\"ar\": \"\", \"fr\": \"Paysage\"}', '{\"fr\": \"Paysages\"}', NULL, NULL, 0, 1),
(97, '{\"ar\": \"\", \"fr\": \"Nature morte\"}', '{\"fr\": \"Natures mortes\"}', NULL, NULL, 0, 1),
(98, '{\"ar\": \"\", \"fr\": \"Abstrait\"}', '{\"fr\": \"Art abstrait\"}', NULL, NULL, 0, 1),
(99, '{\"ar\": \"\", \"fr\": \"Figuratif\"}', '{\"fr\": \"Art figuratif\"}', NULL, NULL, 0, 1),
(100, '{\"ar\": \"\", \"fr\": \"Surréaliste\"}', '{\"fr\": \"Art surréaliste\"}', NULL, NULL, 0, 1),
(101, '{\"ar\": \"\", \"fr\": \"Impressionniste\"}', '{\"fr\": \"Style impressionniste\"}', NULL, NULL, 0, 1),
(102, '{\"ar\": \"\", \"fr\": \"Expressionniste\"}', '{\"fr\": \"Style expressionniste\"}', NULL, NULL, 0, 1),
(103, '{\"ar\": \"\", \"fr\": \"Cubiste\"}', '{\"fr\": \"Style cubiste\"}', NULL, NULL, 0, 1),
(104, '{\"ar\": \"\", \"fr\": \"Minimaliste\"}', '{\"fr\": \"Art minimaliste\"}', NULL, NULL, 0, 1),
(105, '{\"ar\": \"\", \"fr\": \"Pop Art\"}', '{\"fr\": \"Pop art\"}', NULL, NULL, 0, 1),
(106, '{\"ar\": \"\", \"fr\": \"Art Déco\"}', '{\"fr\": \"Style art déco\"}', NULL, NULL, 0, 1),
(107, '{\"ar\": \"\", \"fr\": \"Art Nouveau\"}', '{\"fr\": \"Style art nouveau\"}', NULL, NULL, 0, 1),
(108, '{\"ar\": \"\", \"fr\": \"Traditionnel\"}', '{\"fr\": \"Art traditionnel\"}', NULL, NULL, 0, 1),
(109, '{\"ar\": \"\", \"fr\": \"Utilitaire\"}', '{\"fr\": \"Objets utilitaires\"}', NULL, NULL, 0, 1),
(110, '{\"ar\": \"\", \"fr\": \"Décoratif\"}', '{\"fr\": \"Objets décoratifs\"}', NULL, NULL, 0, 1),
(111, '{\"ar\": \"\", \"fr\": \"Rituel\"}', '{\"fr\": \"Objets rituels\"}', NULL, NULL, 0, 1),
(112, '{\"ar\": \"\", \"fr\": \"Mobilier\"}', '{\"fr\": \"Meubles artisanaux\"}', NULL, NULL, 0, 1),
(113, '{\"ar\": \"\", \"fr\": \"Vestimentaire\"}', '{\"fr\": \"Vêtements artisanaux\"}', NULL, NULL, 0, 1),
(114, '{\"ar\": \"\", \"fr\": \"Accessoires\"}', '{\"fr\": \"Accessoires artisanaux\"}', NULL, NULL, 0, 1),
(115, '{\"ar\": \"\", \"fr\": \"Instruments\"}', '{\"fr\": \"Instruments artisanaux\"}', NULL, NULL, 0, 1),
(116, '{\"ar\": \"\", \"fr\": \"Jouets\"}', '{\"fr\": \"Jouets artisanaux\"}', NULL, NULL, 0, 1),
(117, '{\"ar\": \"\", \"fr\": \"Cuisine\"}', '{\"fr\": \"Ustensiles de cuisine\"}', NULL, NULL, 0, 1),
(118, '{\"ar\": \"\", \"fr\": \"Jardin\"}', '{\"fr\": \"Objets de jardin\"}', NULL, NULL, 0, 1),
(119, '{\"ar\": \"\", \"fr\": \"Architecture\"}', '{\"fr\": \"Éléments architecturaux\"}', NULL, NULL, 0, 1),
(120, '{\"ar\": \"\", \"fr\": \"Religieux\"}', '{\"fr\": \"Objets religieux\"}', NULL, NULL, 0, 1),
(121, '{\"ar\": \"\", \"fr\": \"Festif\"}', '{\"fr\": \"Objets festifs\"}', NULL, NULL, 0, 1),
(122, '{\"ar\": \"\", \"fr\": \"Traditionnel Algérien\"}', '{\"fr\": \"Artisanat algérien\"}', NULL, NULL, 0, 1),
(123, '{\"ar\": \"\", \"fr\": \"Moderne\"}', '{\"fr\": \"Artisanat moderne\"}', NULL, NULL, 0, 1),
(124, '{\"ar\": \"\", \"fr\": \"Patrimoine culturel\"}', '{\"fr\": \"Œuvres du patrimoine algérien\"}', NULL, '#8B4513', 0, 1),
(125, '{\"ar\": \"\", \"fr\": \"Art contemporain\"}', '{\"fr\": \"Créations artistiques modernes\"}', NULL, '#FF6347', 0, 1),
(126, '{\"ar\": \"\", \"fr\": \"Littérature\"}', '{\"fr\": \"Œuvres littéraires\"}', NULL, '#4B0082', 0, 1),
(127, '{\"ar\": \"\", \"fr\": \"Cinéma\"}', '{\"fr\": \"Productions cinématographiques\"}', NULL, '#DC143C', 0, 1),
(128, '{\"ar\": \"\", \"fr\": \"Musique\"}', '{\"fr\": \"Œuvres musicales\"}', NULL, '#FF1493', 0, 1),
(129, '{\"ar\": \"\", \"fr\": \"Artisanat traditionnel\"}', '{\"fr\": \"Savoir-faire traditionnel\"}', NULL, '#DAA520', 0, 1),
(130, '{\"ar\": \"\", \"fr\": \"Recherche\"}', '{\"fr\": \"Publications scientifiques\"}', NULL, '#00CED1', 0, 1);

-- [2] Table: editeur (aucune dépendance)
INSERT INTO `editeur` (`id_editeur`, `nom`, `type_editeur`, `pays`, `ville`, `adresse`, `site_web`, `email`, `telephone`, `description`, `annee_creation`, `actif`, `date_creation`, `date_modification`) VALUES
(1, '{\"ar\": \"\", \"fr\": \"Éditions Barzakh\"}', 'maison_edition', 'Algérie', 'Alger', NULL, NULL, NULL, NULL, '{\"fr\": \"Littérature\"}', NULL, 1, '2025-11-21 13:31:46', '2025-11-21 13:31:46'),
(2, '{\"ar\": \"\", \"fr\": \"Éditions Casbah\"}', 'maison_edition', 'Algérie', 'Alger', NULL, NULL, NULL, NULL, '{\"fr\": \"Général\"}', NULL, 1, '2025-11-21 13:31:46', '2025-11-21 13:31:46'),
(3, '{\"ar\": \"\", \"fr\": \"ENAG Éditions\"}', 'editeur_scientifique', 'Algérie', 'Alger', NULL, NULL, NULL, NULL, '{\"fr\": \"Scolaire et universitaire\"}', NULL, 1, '2025-11-21 13:31:46', '2025-11-21 13:31:46'),
(4, '{\"ar\": \"\", \"fr\": \"Éditions Chihab\"}', 'maison_edition', 'Algérie', 'Batna', NULL, NULL, NULL, NULL, '{\"fr\": \"Littérature arabe\"}', NULL, 1, '2025-11-21 13:31:46', '2025-11-21 13:31:46'),
(5, '{\"ar\": \"\", \"fr\": \"Éditions Alpha\"}', 'editeur_scientifique', 'Algérie', 'Alger', NULL, NULL, NULL, NULL, '{\"fr\": \"Sciences humaines\"}', NULL, 1, '2025-11-21 13:31:46', '2025-11-21 13:31:46'),
(6, '{\"ar\": \"\", \"fr\": \"Éditions Dalimen\"}', 'maison_edition', 'Algérie', 'Alger', NULL, NULL, NULL, NULL, '{\"fr\": \"Art et culture\"}', NULL, 1, '2025-11-21 13:31:46', '2025-11-21 13:31:46');

-- [3] Table: genre (aucune dépendance)
INSERT INTO `genre` (`id_genre`, `nom`, `description`, `couleur`, `ordre_affichage`, `actif`) VALUES
(1, '{\"ar\": \"\", \"fr\": \"Roman\"}', '{\"fr\": \"Récit long en prose\"}', NULL, 0, 1),
(2, '{\"ar\": \"\", \"fr\": \"Nouvelle\"}', '{\"fr\": \"Récit court\"}', NULL, 0, 1),
(3, '{\"ar\": \"\", \"fr\": \"Essai\"}', '{\"fr\": \"Texte argumentatif\"}', NULL, 0, 1),
(4, '{\"ar\": \"\", \"fr\": \"Poésie\"}', '{\"fr\": \"Œuvre en vers\"}', NULL, 0, 1),
(5, '{\"ar\": \"\", \"fr\": \"Biographie\"}', '{\"fr\": \"Récit de vie\"}', NULL, 0, 1),
(6, '{\"ar\": \"\", \"fr\": \"Théâtre\"}', '{\"fr\": \"Texte destiné à être joué\"}', NULL, 0, 1),
(7, '{\"ar\": \"\", \"fr\": \"Bande Dessinée\"}', '{\"fr\": \"Récit graphique\"}', NULL, 0, 1),
(8, '{\"ar\": \"\", \"fr\": \"Conte\"}', '{\"fr\": \"Récit merveilleux\"}', NULL, 0, 1),
(9, '{\"ar\": \"\", \"fr\": \"Chronique\"}', '{\"fr\": \"Récits d\'événements\"}', NULL, 0, 1),
(10, '{\"ar\": \"\", \"fr\": \"Mémoires\"}', '{\"fr\": \"Souvenirs personnels\"}', NULL, 0, 1),
(11, '{\"ar\": \"\", \"fr\": \"Action\"}', '{\"fr\": \"Films d\'action et d\'aventure\"}', NULL, 0, 1),
(12, '{\"ar\": \"\", \"fr\": \"Comédie\"}', '{\"fr\": \"Films humoristiques\"}', NULL, 0, 1),
(13, '{\"ar\": \"\", \"fr\": \"Drame\"}', '{\"fr\": \"Films dramatiques\"}', NULL, 0, 1),
(14, '{\"ar\": \"\", \"fr\": \"Thriller\"}', '{\"fr\": \"Films à suspense\"}', NULL, 0, 1),
(15, '{\"ar\": \"\", \"fr\": \"Science-Fiction\"}', '{\"fr\": \"Films de SF\"}', NULL, 0, 1),
(16, '{\"ar\": \"\", \"fr\": \"Fantastique\"}', '{\"fr\": \"Films fantastiques\"}', NULL, 0, 1),
(17, '{\"ar\": \"\", \"fr\": \"Horreur\"}', '{\"fr\": \"Films d\'épouvante\"}', NULL, 0, 1),
(18, '{\"ar\": \"\", \"fr\": \"Documentaire\"}', '{\"fr\": \"Films documentaires\"}', NULL, 0, 1),
(19, '{\"ar\": \"\", \"fr\": \"Animation\"}', '{\"fr\": \"Films d\'animation\"}', NULL, 0, 1),
(20, '{\"ar\": \"\", \"fr\": \"Romance\"}', '{\"fr\": \"Films romantiques\"}', NULL, 0, 1),
(21, '{\"ar\": \"\", \"fr\": \"Western\"}', '{\"fr\": \"Films de western\"}', NULL, 0, 1),
(22, '{\"ar\": \"\", \"fr\": \"Guerre\"}', '{\"fr\": \"Films de guerre\"}', NULL, 0, 1),
(23, '{\"ar\": \"\", \"fr\": \"Historique\"}', '{\"fr\": \"Films historiques\"}', NULL, 0, 1),
(24, '{\"ar\": \"\", \"fr\": \"Musical\"}', '{\"fr\": \"Films musicaux\"}', NULL, 0, 1),
(25, '{\"ar\": \"\", \"fr\": \"Policier\"}', '{\"fr\": \"Films policiers\"}', NULL, 0, 1),
(26, '{\"ar\": \"\", \"fr\": \"Rock\"}', '{\"fr\": \"Musique rock\"}', NULL, 0, 1),
(27, '{\"ar\": \"\", \"fr\": \"Pop\"}', '{\"fr\": \"Musique pop\"}', NULL, 0, 1),
(28, '{\"ar\": \"\", \"fr\": \"Jazz\"}', '{\"fr\": \"Musique jazz\"}', NULL, 0, 1),
(29, '{\"ar\": \"\", \"fr\": \"Classique\"}', '{\"fr\": \"Musique classique\"}', NULL, 0, 1),
(30, '{\"ar\": \"\", \"fr\": \"Électronique\"}', '{\"fr\": \"Musique électronique\"}', NULL, 0, 1),
(31, '{\"ar\": \"\", \"fr\": \"Hip-Hop\"}', '{\"fr\": \"Musique hip-hop\"}', NULL, 0, 1),
(32, '{\"ar\": \"\", \"fr\": \"Folk\"}', '{\"fr\": \"Musique folk\"}', NULL, 0, 1),
(33, '{\"ar\": \"\", \"fr\": \"Metal\"}', '{\"fr\": \"Musique metal\"}', NULL, 0, 1),
(34, '{\"ar\": \"\", \"fr\": \"R&B\"}', '{\"fr\": \"Rhythm and blues\"}', NULL, 0, 1),
(35, '{\"ar\": \"\", \"fr\": \"Reggae\"}', '{\"fr\": \"Musique reggae\"}', NULL, 0, 1),
(36, '{\"ar\": \"\", \"fr\": \"Blues\"}', '{\"fr\": \"Musique blues\"}', NULL, 0, 1),
(37, '{\"ar\": \"\", \"fr\": \"Country\"}', '{\"fr\": \"Musique country\"}', NULL, 0, 1),
(38, '{\"ar\": \"\", \"fr\": \"Raï\"}', '{\"fr\": \"Musique raï algérienne\"}', NULL, 0, 1),
(39, '{\"ar\": \"\", \"fr\": \"Chaâbi\"}', '{\"fr\": \"Musique chaâbi algérienne\"}', NULL, 0, 1),
(40, '{\"ar\": \"\", \"fr\": \"Andalou\"}', '{\"fr\": \"Musique andalouse\"}', NULL, 0, 1),
(41, '{\"ar\": \"\", \"fr\": \"Actualité\"}', '{\"fr\": \"Articles d\'actualité\"}', NULL, 0, 1),
(42, '{\"ar\": \"\", \"fr\": \"Opinion\"}', '{\"fr\": \"Articles d\'opinion\"}', NULL, 0, 1),
(43, '{\"ar\": \"\", \"fr\": \"Analyse\"}', '{\"fr\": \"Articles d\'analyse\"}', NULL, 0, 1),
(44, '{\"ar\": \"\", \"fr\": \"Interview\"}', '{\"fr\": \"Interviews\"}', NULL, 0, 1),
(45, '{\"ar\": \"\", \"fr\": \"Reportage\"}', '{\"fr\": \"Reportages\"}', NULL, 0, 1),
(46, '{\"ar\": \"\", \"fr\": \"Éditorial\"}', '{\"fr\": \"Éditoriaux\"}', NULL, 0, 1),
(47, '{\"ar\": \"\", \"fr\": \"Critique\"}', '{\"fr\": \"Critiques\"}', NULL, 0, 1),
(48, '{\"ar\": \"\", \"fr\": \"Portrait\"}', '{\"fr\": \"Portraits\"}', NULL, 0, 1),
(49, '{\"ar\": \"\", \"fr\": \"Enquête\"}', '{\"fr\": \"Articles d\'enquête\"}', NULL, 0, 1),
(50, '{\"ar\": \"\", \"fr\": \"Tribune\"}', '{\"fr\": \"Tribunes\"}', NULL, 0, 1),
(51, '{\"ar\": \"\", \"fr\": \"Recherche\"}', '{\"fr\": \"Articles de recherche\"}', NULL, 0, 1),
(52, '{\"ar\": \"\", \"fr\": \"Méta-analyse\"}', '{\"fr\": \"Méta-analyses\"}', NULL, 0, 1),
(53, '{\"ar\": \"\", \"fr\": \"Revue systématique\"}', '{\"fr\": \"Revues systématiques\"}', NULL, 0, 1),
(54, '{\"ar\": \"\", \"fr\": \"Étude de cas\"}', '{\"fr\": \"Études de cas\"}', NULL, 0, 1),
(55, '{\"ar\": \"\", \"fr\": \"Article de synthèse\"}', '{\"fr\": \"Articles de synthèse\"}', NULL, 0, 1),
(56, '{\"ar\": \"\", \"fr\": \"Communication courte\"}', '{\"fr\": \"Communications courtes\"}', NULL, 0, 1),
(57, '{\"ar\": \"\", \"fr\": \"Lettre à l\'éditeur\"}', '{\"fr\": \"Lettres à l\'éditeur\"}', NULL, 0, 1),
(58, '{\"ar\": \"\", \"fr\": \"Rapport technique\"}', '{\"fr\": \"Rapports techniques\"}', NULL, 0, 1),
(59, '{\"ar\": \"\", \"fr\": \"Peinture\"}', '{\"fr\": \"Œuvres peintes\"}', NULL, 0, 1),
(60, '{\"ar\": \"\", \"fr\": \"Sculpture\"}', '{\"fr\": \"Œuvres sculptées\"}', NULL, 0, 1),
(61, '{\"ar\": \"\", \"fr\": \"Photographie\"}', '{\"fr\": \"Œuvres photographiques\"}', NULL, 0, 1),
(62, '{\"ar\": \"\", \"fr\": \"Dessin\"}', '{\"fr\": \"Œuvres dessinées\"}', NULL, 0, 1),
(63, '{\"ar\": \"\", \"fr\": \"Gravure\"}', '{\"fr\": \"Œuvres gravées\"}', NULL, 0, 1),
(64, '{\"ar\": \"\", \"fr\": \"Installation\"}', '{\"fr\": \"Installations artistiques\"}', NULL, 0, 1),
(65, '{\"ar\": \"\", \"fr\": \"Art numérique\"}', '{\"fr\": \"Œuvres numériques\"}', NULL, 0, 1),
(66, '{\"ar\": \"\", \"fr\": \"Street Art\"}', '{\"fr\": \"Art urbain\"}', NULL, 0, 1),
(67, '{\"ar\": \"\", \"fr\": \"Calligraphie\"}', '{\"fr\": \"Art de la calligraphie\"}', NULL, 0, 1),
(68, '{\"ar\": \"\", \"fr\": \"Collage\"}', '{\"fr\": \"Œuvres en collage\"}', NULL, 0, 1),
(69, '{\"ar\": \"\", \"fr\": \"Poterie\"}', '{\"fr\": \"Poterie traditionnelle\"}', NULL, 0, 1),
(70, '{\"ar\": \"\", \"fr\": \"Tissage\"}', '{\"fr\": \"Tissage traditionnel\"}', NULL, 0, 1),
(71, '{\"ar\": \"\", \"fr\": \"Bijouterie\"}', '{\"fr\": \"Création de bijoux\"}', NULL, 0, 1),
(72, '{\"ar\": \"\", \"fr\": \"Maroquinerie\"}', '{\"fr\": \"Travail du cuir\"}', NULL, 0, 1),
(73, '{\"ar\": \"\", \"fr\": \"Vannerie\"}', '{\"fr\": \"Travail de vannerie\"}', NULL, 0, 1),
(74, '{\"ar\": \"\", \"fr\": \"Ébénisterie\"}', '{\"fr\": \"Travail du bois\"}', NULL, 0, 1),
(75, '{\"ar\": \"\", \"fr\": \"Ferronnerie\"}', '{\"fr\": \"Travail du métal\"}', NULL, 0, 1),
(76, '{\"ar\": \"\", \"fr\": \"Céramique\"}', '{\"fr\": \"Art de la céramique\"}', NULL, 0, 1),
(77, '{\"ar\": \"\", \"fr\": \"Broderie\"}', '{\"fr\": \"Art de la broderie\"}', NULL, 0, 1),
(78, '{\"ar\": \"\", \"fr\": \"Tapisserie\"}', '{\"fr\": \"Art de la tapisserie\"}', NULL, 0, 1),
(79, '{\"ar\": \"\", \"fr\": \"Dinanderie\"}', '{\"fr\": \"Travail du cuivre\"}', NULL, 0, 1),
(80, '{\"ar\": \"\", \"fr\": \"Zellige\"}', '{\"fr\": \"Mosaïque traditionnelle\"}', NULL, 0, 1),
(81, '{\"ar\": \"\", \"fr\": \"Histoire\"}', '{\"fr\": \"Genre Histoire\"}', '#e8fc2d', 0, 1),
(82, '{\"ar\": \"\", \"fr\": \"Court-métrage\"}', '{\"fr\": \"Genre Court-métrage\"}', '#6ad553', 0, 1),
(83, '{\"ar\": \"\", \"fr\": \"Kabyle\"}', '{\"fr\": \"Genre Kabyle\"}', '#eedde2', 0, 1),
(84, '{\"ar\": \"\", \"fr\": \"Gnawa\"}', '{\"fr\": \"Genre Gnawa\"}', '#dcca1e', 0, 1),
(85, '{\"ar\": \"\", \"fr\": \"Moderne\"}', '{\"fr\": \"Genre Moderne\"}', '#8408d8', 0, 1),
(86, '{\"ar\": \"\", \"fr\": \"Culture\"}', '{\"fr\": \"Genre Culture\"}', '#5e5a38', 0, 1),
(87, '{\"ar\": \"\", \"fr\": \"Société\"}', '{\"fr\": \"Genre Société\"}', '#9b6fba', 0, 1),
(88, '{\"ar\": \"\", \"fr\": \"Politique\"}', '{\"fr\": \"Genre Politique\"}', '#c6f43d', 0, 1),
(89, '{\"ar\": \"\", \"fr\": \"Économie\"}', '{\"fr\": \"Genre Économie\"}', '#48df8d', 0, 1),
(90, '{\"ar\": \"\", \"fr\": \"Sport\"}', '{\"fr\": \"Genre Sport\"}', '#48aad7', 0, 1),
(91, '{\"ar\": \"\", \"fr\": \"Technologie\"}', '{\"fr\": \"Genre Technologie\"}', '#3e8a70', 0, 1);

-- [4] Table: genre_categorie (aucune dépendance)
INSERT INTO `genre_categorie` (`id_genre`, `id_categorie`, `ordre_affichage`, `actif`) VALUES
(1, 1, 1, 1),
(1, 2, 2, 1),
(1, 3, 3, 1),
(1, 4, 4, 1),
(1, 5, 5, 1),
(1, 6, 6, 1),
(1, 7, 7, 1),
(1, 8, 8, 1),
(1, 9, 9, 1),
(1, 10, 10, 1),
(1, 11, 11, 1),
(1, 12, 12, 1),
(1, 13, 13, 1),
(1, 14, 14, 1),
(1, 15, 15, 1),
(1, 16, 16, 1),
(1, 17, 17, 1),
(1, 18, 18, 1),
(1, 19, 19, 1),
(1, 20, 20, 1),
(2, 3, 1, 1),
(2, 4, 2, 1),
(2, 6, 3, 1),
(2, 7, 4, 1),
(2, 8, 5, 1),
(2, 15, 6, 1),
(2, 16, 7, 1),
(3, 5, 7, 1),
(3, 16, 2, 1),
(3, 17, 1, 1),
(3, 61, 3, 1),
(3, 62, 4, 1),
(3, 65, 5, 1),
(3, 70, 6, 1),
(4, 1, 3, 1),
(4, 8, 1, 1),
(4, 16, 4, 1),
(4, 17, 5, 1),
(5, 5, 1, 1),
(5, 20, 6, 1),
(5, 25, 4, 1),
(5, 61, 2, 1),
(5, 65, 3, 1),
(5, 70, 5, 1),
(11, 12, 5, 1),
(11, 13, 4, 1),
(11, 14, 3, 1),
(11, 21, 1, 1),
(11, 22, 2, 1),
(11, 23, 6, 1),
(11, 35, 7, 1),
(12, 1, 1, 1),
(12, 18, 2, 1),
(12, 25, 4, 1),
(12, 26, 5, 1),
(12, 38, 3, 1),
(13, 1, 6, 1),
(13, 5, 3, 1),
(13, 13, 5, 1),
(13, 15, 1, 1),
(13, 16, 2, 1),
(13, 24, 4, 1),
(14, 6, 1, 1),
(14, 14, 3, 1),
(14, 15, 2, 1),
(14, 27, 4, 1),
(14, 28, 5, 1),
(14, 35, 6, 1),
(15, 11, 5, 1),
(15, 21, 6, 1),
(15, 31, 1, 1),
(15, 32, 2, 1),
(15, 33, 3, 1),
(15, 34, 4, 1),
(17, 15, 5, 1),
(17, 29, 1, 1),
(17, 30, 2, 1),
(17, 35, 6, 1),
(17, 36, 3, 1),
(17, 37, 4, 1),
(26, 41, 1, 1),
(26, 42, 2, 1),
(26, 43, 3, 1),
(26, 44, 4, 1),
(26, 45, 5, 1),
(26, 46, 6, 1),
(27, 46, 1, 1),
(27, 47, 2, 1),
(27, 48, 3, 1),
(27, 49, 4, 1),
(28, 50, 1, 1),
(28, 51, 2, 1),
(28, 52, 3, 1),
(28, 53, 4, 1),
(30, 54, 1, 1),
(30, 55, 2, 1),
(30, 56, 3, 1),
(30, 57, 4, 1),
(31, 58, 1, 1),
(31, 59, 2, 1),
(31, 60, 3, 1),
(41, 25, 5, 1),
(41, 61, 1, 1),
(41, 62, 2, 1),
(41, 63, 3, 1),
(41, 64, 4, 1),
(41, 65, 6, 1),
(41, 66, 7, 1),
(41, 67, 8, 1),
(41, 68, 9, 1),
(41, 69, 10, 1),
(41, 71, 11, 1),
(41, 72, 12, 1),
(42, 61, 1, 1),
(42, 62, 4, 1),
(42, 63, 2, 1),
(42, 64, 5, 1),
(42, 65, 3, 1),
(42, 67, 6, 1),
(43, 61, 1, 1),
(43, 62, 2, 1),
(43, 63, 3, 1),
(43, 64, 4, 1),
(43, 65, 5, 1),
(43, 66, 6, 1),
(43, 70, 7, 1),
(44, 25, 3, 1),
(44, 61, 1, 1),
(44, 62, 5, 1),
(44, 65, 2, 1),
(44, 70, 4, 1),
(44, 78, 6, 1),
(45, 13, 6, 1),
(45, 25, 5, 1),
(45, 63, 2, 1),
(45, 64, 1, 1),
(45, 65, 4, 1),
(45, 67, 3, 1),
(51, 80, 1, 1),
(51, 81, 2, 1),
(51, 82, 3, 1),
(51, 83, 4, 1),
(51, 84, 5, 1),
(51, 85, 6, 1),
(51, 86, 7, 1),
(51, 87, 8, 1),
(51, 88, 9, 1),
(51, 89, 10, 1),
(51, 90, 11, 1),
(51, 91, 12, 1),
(51, 92, 13, 1),
(51, 93, 14, 1),
(51, 94, 15, 1),
(52, 80, 3, 1),
(52, 85, 1, 1),
(52, 86, 2, 1),
(54, 69, 5, 1),
(54, 85, 1, 1),
(54, 86, 2, 1),
(54, 87, 3, 1),
(54, 88, 4, 1),
(59, 8, 12, 1),
(59, 95, 1, 1),
(59, 96, 2, 1),
(59, 97, 3, 1),
(59, 98, 4, 1),
(59, 99, 5, 1),
(59, 100, 6, 1),
(59, 101, 7, 1),
(59, 102, 8, 1),
(59, 103, 9, 1),
(59, 104, 10, 1),
(59, 105, 11, 1),
(59, 108, 13, 1),
(60, 8, 4, 1),
(60, 98, 1, 1),
(60, 99, 2, 1),
(60, 104, 3, 1),
(60, 108, 5, 1),
(61, 8, 7, 1),
(61, 95, 1, 1),
(61, 96, 2, 1),
(61, 97, 3, 1),
(61, 98, 6, 1),
(69, 109, 1, 1),
(69, 110, 2, 1),
(69, 111, 3, 1),
(69, 122, 4, 1),
(69, 123, 5, 1),
(70, 110, 2, 1),
(70, 112, 3, 1),
(70, 113, 1, 1),
(70, 122, 4, 1),
(71, 110, 2, 1),
(71, 111, 3, 1),
(71, 114, 1, 1),
(71, 122, 4, 1),
(71, 123, 5, 1),
(74, 109, 3, 1),
(74, 110, 2, 1),
(74, 112, 1, 1),
(74, 119, 4, 1),
(76, 109, 1, 1),
(76, 110, 2, 1),
(76, 119, 3, 1),
(76, 122, 4, 1);

-- [5] Table: langue (aucune dépendance)
INSERT INTO `langue` (`id_langue`, `nom`, `code`) VALUES
(1, '{\"ar\": \"\", \"fr\": \"Tamazight\"}', 'tm'),
(2, '{\"ar\": \"\", \"fr\": \"Tifinagh\"}', 'tif'),
(3, '{\"ar\": \"\", \"fr\": \"Arabe\"}', 'ar'),
(4, '{\"ar\": \"\", \"fr\": \"Derja\"}', 'de'),
(5, '{\"ar\": \"\", \"fr\": \"Français\"}', 'fr'),
(6, '{\"ar\": \"\", \"fr\": \"Anglais\"}', 'en');

-- [6] Table: materiau (aucune dépendance)
INSERT INTO `materiau` (`id_materiau`, `nom`, `description`) VALUES
(1, '{\"ar\": \"\", \"fr\": \"Bois\"}', '{\"fr\": \"Matériau naturel\"}'),
(2, '{\"ar\": \"\", \"fr\": \"Pierre\"}', '{\"fr\": \"Matériau minéral\"}'),
(3, '{\"ar\": \"\", \"fr\": \"Métal\"}', '{\"fr\": \"Matériau métallique\"}'),
(4, '{\"ar\": \"\", \"fr\": \"Céramique\"}', '{\"fr\": \"Terre cuite\"}'),
(5, '{\"ar\": \"\", \"fr\": \"Textile\"}', '{\"fr\": \"Fibres textiles\"}'),
(6, '{\"ar\": \"\", \"fr\": \"Cuir\"}', '{\"fr\": \"Peau animale traitée\"}'),
(7, '{\"ar\": \"\", \"fr\": \"Verre\"}', '{\"fr\": \"Matériau transparent\"}'),
(8, '{\"ar\": \"\", \"fr\": \"Papier\"}', '{\"fr\": \"Support d\'écriture\"}'),
(9, '{\"ar\": \"\", \"fr\": \"Plastique\"}', '{\"fr\": \"Matériau synthétique\"}'),
(10, '{\"ar\": \"\", \"fr\": \"Argile\"}', '{\"fr\": \"Matériau traditionnel pour la poterie\"}'),
(11, '{\"ar\": \"\", \"fr\": \"Laine\"}', '{\"fr\": \"Fibre naturelle pour le tissage\"}'),
(12, '{\"ar\": \"\", \"fr\": \"Cuivre\"}', '{\"fr\": \"Métal pour l\'artisanat traditionnel\"}'),
(13, '{\"ar\": \"\", \"fr\": \"Argent\"}', '{\"fr\": \"Métal précieux pour la bijouterie\"}');

-- [7] Table: role (aucune dépendance)
INSERT INTO `role` (`id_role`, `nom_role`, `description`) VALUES
(1, 'Administrateur', 'Accès complet au système'),
(2, 'User', 'Utilisateur standard'),
(3, 'Professionnel', 'Professionnel de la culture'),
(4, 'Modérateur', 'Modération du contenu');

-- SKIPPED TABLE: sequelizemeta (problematic data)
-- [9] Table: specialites (aucune dépendance)
INSERT INTO `specialites` (`id_specialite`, `nom_specialite`, `description`, `categorie`, `actif`) VALUES
(1, '{\"ar\": \"\", \"fr\": \"Arts visuels\"}', '{\"fr\": \"Peinture, sculpture, photographie\"}', 'Arts', 1),
(2, '{\"ar\": \"\", \"fr\": \"Musique\"}', '{\"fr\": \"Composition, interprétation\"}', 'Arts', 1),
(3, '{\"ar\": \"\", \"fr\": \"Littérature\"}', '{\"fr\": \"Écriture, poésie\"}', 'Arts', 1),
(4, '{\"ar\": \"\", \"fr\": \"Théâtre\"}', '{\"fr\": \"Mise en scène, jeu d\'acteur\"}', 'Arts', 1),
(5, '{\"ar\": \"\", \"fr\": \"Danse\"}', '{\"fr\": \"Chorégraphie, interprétation\"}', 'Arts', 1),
(6, '{\"ar\": \"\", \"fr\": \"Artisanat\"}', '{\"fr\": \"Techniques traditionnelles\"}', 'Métiers', 1),
(7, '{\"ar\": \"\", \"fr\": \"Conservation\"}', '{\"fr\": \"Préservation du patrimoine\"}', 'Métiers', 1),
(8, '{\"ar\": \"\", \"fr\": \"Médiation culturelle\"}', '{\"fr\": \"Animation, pédagogie\"}', 'Métiers', 1),
(9, '{\"ar\": \"\", \"fr\": \"Production\"}', '{\"fr\": \"Organisation d\'événements\"}', 'Métiers', 1),
(10, '{\"ar\": \"\", \"fr\": \"Communication\"}', '{\"fr\": \"Promotion culturelle\"}', 'Métiers', 1);

-- [10] Table: tagmotcle (aucune dépendance)
INSERT INTO `tagmotcle` (`id_tag`, `nom`) VALUES
(1, '{\"ar\": \"\", \"fr\": \"Culture algérienne\"}'),
(2, '{\"ar\": \"\", \"fr\": \"Patrimoine\"}'),
(3, '{\"ar\": \"\", \"fr\": \"Tradition\"}'),
(4, '{\"ar\": \"\", \"fr\": \"Modernité\"}'),
(5, '{\"ar\": \"\", \"fr\": \"Innovation\"}'),
(6, '{\"ar\": \"\", \"fr\": \"Art populaire\"}'),
(7, '{\"ar\": \"\", \"fr\": \"Identité\"}'),
(8, '{\"ar\": \"\", \"fr\": \"Mémoire collective\"}'),
(9, '{\"ar\": \"\", \"fr\": \"Transmission\"}'),
(10, '{\"ar\": \"\", \"fr\": \"Savoir-faire\"}'),
(11, '{\"ar\": \"\", \"fr\": \"Diversité culturelle\"}'),
(12, '{\"ar\": \"\", \"fr\": \"Création contemporaine\"}'),
(13, '{\"ar\": \"\", \"fr\": \"Héritage\"}'),
(14, '{\"ar\": \"\", \"fr\": \"Authenticité\"}'),
(15, '\"desertification\"'),
(16, '\"oasis\"'),
(17, '\"Sahara\"'),
(18, '\"biodiversite\"'),
(19, '\"foggaras\"'),
(20, '\"culture\"'),
(21, '\"culture\"'),
(22, '\"langue\"'),
(23, '{\"fr\": \"langue\"}'),
(24, '{\"fr\": \"culture\"}'),
(25, '{\"fr\": \"ecrivain\"}'),
(26, '{\"fr\": \"liberté\"}');

-- [11] Table: technique (aucune dépendance)
INSERT INTO `technique` (`id_technique`, `nom`, `description`) VALUES
(1, '{\"ar\": \"\", \"fr\": \"Sculpture\"}', '{\"fr\": \"Art du volume\"}'),
(2, '{\"ar\": \"\", \"fr\": \"Peinture\"}', '{\"fr\": \"Art pictural\"}'),
(3, '{\"ar\": \"\", \"fr\": \"Gravure\"}', '{\"fr\": \"Art de l\'estampe\"}'),
(4, '{\"ar\": \"\", \"fr\": \"Tissage\"}', '{\"fr\": \"Entrelacement de fils\"}'),
(5, '{\"ar\": \"\", \"fr\": \"Poterie\"}', '{\"fr\": \"Façonnage de l\'argile\"}'),
(6, '{\"ar\": \"\", \"fr\": \"Broderie\"}', '{\"fr\": \"Ornementation textile\"}'),
(7, '{\"ar\": \"\", \"fr\": \"Marqueterie\"}', '{\"fr\": \"Décoration en bois\"}'),
(8, '{\"ar\": \"\", \"fr\": \"Ciselure\"}', '{\"fr\": \"Travail du métal\"}'),
(9, '{\"ar\": \"\", \"fr\": \"Calligraphie\"}', '{\"fr\": \"Art de l\'écriture\"}'),
(10, '{\"ar\": \"\", \"fr\": \"Photographie\"}', '{\"fr\": \"Capture d\'images\"}'),
(11, '{\"ar\": \"\", \"fr\": \"Tissage traditionnel\"}', '{\"fr\": \"Technique ancestrale de tissage\"}'),
(12, '{\"ar\": \"\", \"fr\": \"Poterie au tour\"}', '{\"fr\": \"Façonnage de l\'argile au tour\"}'),
(13, '{\"ar\": \"\", \"fr\": \"Gravure sur cuivre\"}', '{\"fr\": \"Art de la dinanderie\"}'),
(14, '{\"ar\": \"\", \"fr\": \"Tannage\"}', '{\"fr\": \"Traitement du cuir\"}');

-- [12] Table: type_evenement (aucune dépendance)
INSERT INTO `type_evenement` (`id_type_evenement`, `nom_type`, `description`, `config_soumission`, `accepte_soumissions`) VALUES
(1, '{\"ar\": \"\", \"fr\": \"Festival\"}', '{\"fr\": \"Festivals culturels\"}', '{\"label\": {\"ar\": \"الموسيقى للعرض\", \"en\": \"Music to present\", \"fr\": \"Musiques à présenter\"}, \"requis\": false, \"type_oeuvre\": [\"musique\", \"music\", \"chanson\", \"song\", \"composition\"], \"max_soumissions\": 3}', 1),
(2, '{\"ar\": \"\", \"fr\": \"Exposition\"}', '{\"fr\": \"Expositions d\'art\"}', '{\"label\": {\"ar\": \"الأعمال للعرض\", \"en\": \"Works to exhibit\", \"fr\": \"Œuvres à exposer\"}, \"requis\": false, \"type_oeuvre\": [\"peinture\", \"sculpture\", \"art\", \"painting\", \"dessin\", \"drawing\", \"photographie\", \"photo\"], \"max_soumissions\": 10}', 1),
(3, '{\"ar\": \"\", \"fr\": \"Concert\"}', '{\"fr\": \"Concerts et spectacles musicaux\"}', '{\"label\": {\"ar\": \"المقطوعات للعزف\", \"en\": \"Pieces to perform\", \"fr\": \"Morceaux à jouer\"}, \"requis\": false, \"type_oeuvre\": [\"musique\"], \"max_soumissions\": 20}', 1),
(4, '{\"ar\": \"\", \"fr\": \"Conférence\"}', '{\"fr\": \"Conférences et colloques\"}', NULL, 0),
(5, '{\"ar\": \"\", \"fr\": \"Atelier\"}', '{\"fr\": \"Ateliers créatifs\"}', NULL, 0),
(6, '{\"ar\": \"\", \"fr\": \"Visite guidée\"}', '{\"fr\": \"Visites culturelles\"}', NULL, 0),
(7, '{\"ar\": \"\", \"fr\": \"Spectacle\"}', '{\"fr\": \"Spectacles vivants\"}', NULL, 0),
(8, '{\"ar\": \"\", \"fr\": \"Projection\"}', '{\"fr\": \"Projections cinématographiques\"}', '{\"label\": {\"ar\": \"الأفلام للعرض\", \"en\": \"Films to screen\", \"fr\": \"Films à projeter\"}, \"requis\": true, \"type_oeuvre\": [\"film\"], \"max_soumissions\": 3}', 1),
(9, '{\"ar\": \"\", \"fr\": \"Lecture\"}', '{\"fr\": \"Lectures publiques\"}', NULL, 0),
(10, '{\"ar\": \"\", \"fr\": \"Débat\"}', '{\"fr\": \"Débats culturels\"}', NULL, 0),
(11, '{\"ar\": \"\", \"fr\": \"Théâtre\"}', '{\"fr\": \"Représentation théâtrale\"}', NULL, 0),
(12, '{\"ar\": \"\", \"fr\": \"Salon\"}', '{\"fr\": \"Salon du livre ou de l\'artisanat\"}', '{\"label\": {\"ar\": \"الكتب للعرض\", \"en\": \"Books to present\", \"fr\": \"Livres à présenter\"}, \"requis\": false, \"type_oeuvre\": [\"livre\", \"book\", \"roman\", \"poésie\", \"poème\", \"poetry\"], \"max_soumissions\": 5}', 1);

-- [13] Table: type_oeuvre (aucune dépendance)
INSERT INTO `type_oeuvre` (`id_type_oeuvre`, `nom_type`, `description`) VALUES
(1, '{\"ar\": \"\", \"fr\": \"Livre\"}', '{\"fr\": \"Œuvres littéraires écrites\"}'),
(2, '{\"ar\": \"\", \"fr\": \"Film\"}', '{\"fr\": \"Œuvres cinématographiques\"}'),
(3, '{\"ar\": \"\", \"fr\": \"Album Musical\"}', '{\"fr\": \"Œuvres musicales\"}'),
(4, '{\"ar\": \"\", \"fr\": \"Article\"}', '{\"fr\": \"Articles de presse et blog\"}'),
(5, '{\"ar\": \"\", \"fr\": \"Article Scientifique\"}', '{\"fr\": \"Publications académiques\"}'),
(6, '{\"ar\": \"\", \"fr\": \"Œuvre d\'Art\"}', '{\"fr\": \"Peintures, dessins, installations\"}'),
(7, '{\"ar\": \"\", \"fr\": \"Artisanat\"}', '{\"fr\": \"Créations artisanales traditionnelles\"}'),
(8, '{\"ar\": \"\", \"fr\": \"Art\"}', '{\"fr\": \"Œuvre d\'art visuel\"}');

-- [14] Table: type_oeuvre_genre (aucune dépendance)
INSERT INTO `type_oeuvre_genre` (`id_type_oeuvre`, `id_genre`, `ordre_affichage`, `actif`) VALUES
(1, 1, 1, 1),
(1, 2, 2, 1),
(1, 3, 3, 1),
(1, 4, 4, 1),
(1, 5, 5, 1),
(1, 6, 6, 1),
(1, 7, 7, 1),
(1, 8, 8, 1),
(1, 9, 9, 1),
(1, 10, 10, 1),
(2, 11, 1, 1),
(2, 12, 2, 1),
(2, 13, 3, 1),
(2, 14, 4, 1),
(2, 15, 5, 1),
(2, 16, 6, 1),
(2, 17, 7, 1),
(2, 18, 8, 1),
(2, 19, 9, 1),
(2, 20, 10, 1),
(2, 21, 11, 1),
(2, 22, 12, 1),
(2, 23, 13, 1),
(2, 24, 14, 1),
(2, 25, 15, 1),
(3, 26, 1, 1),
(3, 27, 2, 1),
(3, 28, 3, 1),
(3, 29, 4, 1),
(3, 30, 5, 1),
(3, 31, 6, 1),
(3, 32, 7, 1),
(3, 33, 8, 1),
(3, 34, 9, 1),
(3, 35, 10, 1),
(3, 36, 11, 1),
(3, 37, 12, 1),
(3, 38, 13, 1),
(3, 39, 14, 1),
(3, 40, 15, 1),
(4, 41, 1, 1),
(4, 42, 2, 1),
(4, 43, 3, 1),
(4, 44, 4, 1),
(4, 45, 5, 1),
(4, 46, 6, 1),
(4, 47, 7, 1),
(4, 48, 8, 1),
(4, 49, 9, 1),
(4, 50, 10, 1),
(5, 51, 1, 1),
(5, 52, 2, 1),
(5, 53, 3, 1),
(5, 54, 4, 1),
(5, 55, 5, 1),
(5, 56, 6, 1),
(5, 57, 7, 1),
(5, 58, 8, 1),
(6, 59, 1, 1),
(6, 60, 2, 1),
(6, 61, 3, 1),
(6, 62, 4, 1),
(6, 63, 5, 1),
(6, 64, 6, 1),
(6, 65, 7, 1),
(6, 66, 8, 1),
(6, 67, 9, 1),
(6, 68, 10, 1),
(7, 69, 1, 1),
(7, 70, 2, 1),
(7, 71, 3, 1),
(7, 72, 4, 1),
(7, 73, 5, 1),
(7, 74, 6, 1),
(7, 75, 7, 1),
(7, 76, 8, 1),
(7, 77, 9, 1),
(7, 78, 10, 1),
(7, 79, 11, 1),
(7, 80, 12, 1);

-- [15] Table: type_user (aucune dépendance)
INSERT INTO `type_user` (`id_type_user`, `nom_type`, `description`) VALUES
(1, '{\"ar\": \"\", \"fr\": \"visiteur\"}', '{\"fr\": \"Utilisateur standard du site\"}'),
(2, '{\"ar\": \"\", \"fr\": \"ecrivain\"}', '{\"fr\": \"Auteur de livres et œuvres littéraires\"}'),
(3, '{\"ar\": \"\", \"fr\": \"journaliste\"}', '{\"fr\": \"Professionnel de l\'information et des médias\"}'),
(4, '{\"ar\": \"\", \"fr\": \"scientifique\"}', '{\"fr\": \"Chercheur ou académique\"}'),
(5, '{\"ar\": \"\", \"fr\": \"acteur\"}', '{\"fr\": \"Professionnel du cinéma et du théâtre\"}'),
(6, '{\"ar\": \"\", \"fr\": \"artiste\"}', '{\"fr\": \"Créateur d\'œuvres artistiques\"}'),
(7, '{\"ar\": \"\", \"fr\": \"artisan\"}', '{\"fr\": \"Créateur d\'objets artisanaux\"}'),
(8, '{\"ar\": \"\", \"fr\": \"realisateur\"}', '{\"fr\": \"Professionnel de la réalisation audiovisuelle\"}'),
(9, '{\"ar\": \"\", \"fr\": \"musicien\"}', '{\"fr\": \"Compositeur ou interprète musical\"}'),
(10, '{\"ar\": \"\", \"fr\": \"photographe\"}', '{\"fr\": \"Professionnel de la photographie\"}'),
(11, '{\"ar\": \"\", \"fr\": \"danseur\"}', '{\"fr\": \"Professionnel de la danse\"}'),
(12, '{\"ar\": \"\", \"fr\": \"sculpteur\"}', '{\"fr\": \"Créateur de sculptures\"}'),
(13, '{\"ar\": \"\", \"fr\": \"autre\"}', '{\"fr\": \"Autre type de professionnel\"}'),
(14, '{\"ar\": \"\", \"fr\": \"auteur\"}', '{\"fr\": \"Auteur de livres\"}'),
(15, '{\"ar\": \"\", \"fr\": \"traducteur\"}', '{\"fr\": \"Traducteur littéraire\"}'),
(16, '{\"ar\": \"\", \"fr\": \"illustrateur\"}', '{\"fr\": \"Illustrateur\"}'),
(17, '{\"ar\": \"\", \"fr\": \"prefacier\"}', '{\"fr\": \"Préfacier\"}'),
(18, '{\"ar\": \"\", \"fr\": \"producteur\"}', '{\"fr\": \"Producteur\"}'),
(19, '{\"ar\": \"\", \"fr\": \"scenariste\"}', '{\"fr\": \"Scénariste\"}'),
(20, '{\"ar\": \"\", \"fr\": \"directeur_photo\"}', '{\"fr\": \"Directeur de la photographie\"}'),
(21, '{\"ar\": \"\", \"fr\": \"monteur\"}', '{\"fr\": \"Monteur\"}'),
(22, '{\"ar\": \"\", \"fr\": \"compositeur\"}', '{\"fr\": \"Compositeur musical\"}'),
(23, '{\"ar\": \"\", \"fr\": \"interprete\"}', '{\"fr\": \"Interprète musical\"}'),
(24, '{\"ar\": \"\", \"fr\": \"arrangeur\"}', '{\"fr\": \"Arrangeur musical\"}'),
(25, '{\"ar\": \"\", \"fr\": \"parolier\"}', '{\"fr\": \"Parolier\"}'),
(26, '{\"ar\": \"\", \"fr\": \"redacteur\"}', '{\"fr\": \"Rédacteur\"}'),
(27, '{\"ar\": \"\", \"fr\": \"chercheur\"}', '{\"fr\": \"Chercheur\"}'),
(28, '{\"ar\": \"\", \"fr\": \"designer\"}', '{\"fr\": \"Designer\"}'),
(29, '{\"ar\": \"\", \"fr\": \"administrateur\"}', '{\"fr\": \"Administrateur système\"}');

-- [16] Table: typeorganisation (aucune dépendance)
INSERT INTO `typeorganisation` (`id_type_organisation`, `nom`) VALUES
(1, '{\"ar\": \"\", \"fr\": \"Association culturelle\"}'),
(2, '{\"ar\": \"\", \"fr\": \"Ministère\"}'),
(3, '{\"ar\": \"\", \"fr\": \"Collectivité territoriale\"}'),
(4, '{\"ar\": \"\", \"fr\": \"Institution publique\"}'),
(5, '{\"ar\": \"\", \"fr\": \"Fondation\"}'),
(6, '{\"ar\": \"\", \"fr\": \"ONG\"}'),
(7, '{\"ar\": \"\", \"fr\": \"Entreprise privée\"}'),
(8, '{\"ar\": \"\", \"fr\": \"Université\"}'),
(9, '{\"ar\": \"\", \"fr\": \"École\"}'),
(10, '{\"ar\": \"\", \"fr\": \"Musée\"}'),
(11, '{\"ar\": \"\", \"fr\": \"Bibliothèque\"}'),
(12, '{\"ar\": \"\", \"fr\": \"Association\"}'),
(13, '{\"ar\": \"\", \"fr\": \"Entreprise\"}');

-- [17] Table: wilayas (aucune dépendance)
INSERT INTO `wilayas` (`id_wilaya`, `codeW`, `nom`, `wilaya_name_ascii`, `createdAt`, `updatedAt`) VALUES
(1, 1, 'أدرار', 'Adrar', '2025-11-21 09:53:02', '2025-11-21 09:53:02'),
(2, 2, ' الشلف', 'Chlef', '2025-11-21 09:53:02', '2025-11-21 09:53:02'),
(3, 3, 'الأغواط', 'Laghouat', '2025-11-21 09:53:02', '2025-11-21 09:53:02'),
(4, 4, 'أم البواقي', 'Oum El Bouaghi', '2025-11-21 09:53:02', '2025-11-21 09:53:02'),
(5, 5, 'باتنة', 'Batna', '2025-11-21 09:53:03', '2025-11-21 09:53:03'),
(6, 6, ' بجاية', 'Béjaïa', '2025-11-21 09:53:03', '2025-11-21 09:53:03'),
(7, 7, 'بسكرة', 'Biskra', '2025-11-21 09:53:04', '2025-11-21 09:53:04'),
(8, 8, 'بشار', 'Béchar', '2025-11-21 09:53:04', '2025-11-21 09:53:04'),
(9, 9, 'البليدة', 'Blida', '2025-11-21 09:53:04', '2025-11-21 09:53:04'),
(10, 10, 'البويرة', 'Bouira', '2025-11-21 09:53:04', '2025-11-21 09:53:04'),
(11, 11, 'تمنراست', 'Tamanrasset', '2025-11-21 09:53:04', '2025-11-21 09:53:04'),
(12, 12, 'تبسة', 'Tébessa', '2025-11-21 09:53:04', '2025-11-21 09:53:04'),
(13, 13, 'تلمسان', 'Tlemcen', '2025-11-21 09:53:05', '2025-11-21 09:53:05'),
(14, 14, 'تيارت', 'Tiaret', '2025-11-21 09:53:05', '2025-11-21 09:53:05'),
(15, 15, 'تيزي وزو', 'Tizi Ouzou', '2025-11-21 09:53:05', '2025-11-21 09:53:05'),
(16, 16, 'الجزائر', 'Alger', '2025-11-21 09:53:06', '2025-11-21 09:53:06'),
(17, 17, 'الجلفة', 'Djelfa', '2025-11-21 09:53:06', '2025-11-21 09:53:06'),
(18, 18, 'جيجل', 'Jijel', '2025-11-21 09:53:06', '2025-11-21 09:53:06'),
(19, 19, 'سطيف', 'Sétif', '2025-11-21 09:53:07', '2025-11-21 09:53:07'),
(20, 20, 'سعيدة', 'Saïda', '2025-11-21 09:53:07', '2025-11-21 09:53:07'),
(21, 21, 'سكيكدة', 'Skikda', '2025-11-21 09:53:07', '2025-11-21 09:53:07'),
(22, 22, 'سيدي بلعباس', 'Sidi Bel Abbès', '2025-11-21 09:53:07', '2025-11-21 09:53:07'),
(23, 23, 'عنابة', 'Annaba', '2025-11-21 09:53:08', '2025-11-21 09:53:08'),
(24, 24, 'قالمة', 'Guelma', '2025-11-21 09:53:08', '2025-11-21 09:53:08'),
(25, 25, 'قسنطينة', 'Constantine', '2025-11-21 09:53:08', '2025-11-21 09:53:08'),
(26, 26, 'المدية', 'Médéa', '2025-11-21 09:53:08', '2025-11-21 09:53:08'),
(27, 27, 'مستغانم', 'Mostaganem', '2025-11-21 09:53:08', '2025-11-21 09:53:08'),
(28, 28, 'المسيلة', 'M\'Sila', '2025-11-21 09:53:09', '2025-11-21 09:53:09'),
(29, 29, 'معسكر', 'Mascara', '2025-11-21 09:53:09', '2025-11-21 09:53:09'),
(30, 30, 'ورقلة', 'Ouargla', '2025-11-21 09:53:09', '2025-11-21 09:53:09'),
(31, 31, 'وهران', 'Oran', '2025-11-21 09:53:09', '2025-11-21 09:53:09'),
(32, 32, 'البيض', 'El Bayadh', '2025-11-21 09:53:09', '2025-11-21 09:53:09'),
(33, 33, 'إليزي', 'Illizi', '2025-11-21 09:53:10', '2025-11-21 09:53:10'),
(34, 34, 'برج بوعريريج', 'Bordj Bou Arreridj', '2025-11-21 09:53:10', '2025-11-21 09:53:10'),
(35, 35, 'بومرداس', 'Boumerdès', '2025-11-21 09:53:10', '2025-11-21 09:53:10'),
(36, 36, 'الطارف', 'El Tarf', '2025-11-21 09:53:10', '2025-11-21 09:53:10'),
(37, 37, 'تندوف', 'Tindouf', '2025-11-21 09:53:10', '2025-11-21 09:53:10'),
(38, 38, 'تيسمسيلت', 'Tissemsilt', '2025-11-21 09:53:10', '2025-11-21 09:53:10'),
(39, 39, 'الوادي', 'El Oued', '2025-11-21 09:53:10', '2025-11-21 09:53:10'),
(40, 40, 'خنشلة', 'Khenchela', '2025-11-21 09:53:11', '2025-11-21 09:53:11'),
(41, 41, 'سوق أهراس', 'Souk Ahras', '2025-11-21 09:53:11', '2025-11-21 09:53:11'),
(42, 42, 'تيبازة', 'Tipaza', '2025-11-21 09:53:11', '2025-11-21 09:53:11'),
(43, 43, 'ميلة', 'Mila', '2025-11-21 09:53:11', '2025-11-21 09:53:11'),
(44, 44, 'عين الدفلة', 'Aïn Defla', '2025-11-21 09:53:11', '2025-11-21 09:53:11'),
(45, 45, 'النعامة', 'Naâma', '2025-11-21 09:53:12', '2025-11-21 09:53:12'),
(46, 46, 'عين تيموشنت', 'Aïn Témouchent', '2025-11-21 09:53:12', '2025-11-21 09:53:12'),
(47, 47, 'غرداية', 'Ghardaïa', '2025-11-21 09:53:12', '2025-11-21 09:53:12'),
(48, 48, 'غليزان', 'Relizane', '2025-11-21 09:53:12', '2025-11-21 09:53:12'),
(49, 49, 'تيميمون', 'Timimoun', '2025-11-21 09:53:12', '2025-11-21 09:53:12'),
(50, 50, 'برج باجي مختار', 'Bordj Badji Mokhtar', '2025-11-21 09:53:12', '2025-11-21 09:53:12'),
(51, 51, 'أولاد جلال', 'Ouled Djellal', '2025-11-21 09:53:12', '2025-11-21 09:53:12'),
(52, 52, 'بني عباس', 'Béni Abbès', '2025-11-21 09:53:12', '2025-11-21 09:53:12'),
(53, 53, 'عين صالح', 'In Salah', '2025-11-21 09:53:12', '2025-11-21 09:53:12'),
(54, 54, 'عين قزام', 'In Guezzam', '2025-11-21 09:53:12', '2025-11-21 09:53:12'),
(55, 55, 'تقرت', 'Touggourt', '2025-11-21 09:53:12', '2025-11-21 09:53:12'),
(56, 56, 'جانت', 'Djanet', '2025-11-21 09:53:12', '2025-11-21 09:53:12'),
(57, 57, 'المغير', 'El Meghaier', '2025-11-21 09:53:13', '2025-11-21 09:53:13'),
(58, 58, 'المنيعة', 'El Menia', '2025-11-21 09:53:13', '2025-11-21 09:53:13');

-- [18] Table: dairas (dépend de: wilayas)
INSERT INTO `dairas` (`id_daira`, `nom`, `daira_name_ascii`, `wilayaId`, `createdAt`, `updatedAt`) VALUES
(1, 'أولف', 'Aoulef', 1, '2025-11-21 09:53:02', '2025-11-21 09:53:02'),
(2, 'أدرار', 'Adrar', 1, '2025-11-21 09:53:02', '2025-11-21 09:53:02'),
(3, 'فنوغيل', 'Fenoughil', 1, '2025-11-21 09:53:02', '2025-11-21 09:53:02'),
(4, 'زاوية كنتة', 'Zaouiat Kounta', 1, '2025-11-21 09:53:02', '2025-11-21 09:53:02'),
(5, 'رقان', 'Reggane', 1, '2025-11-21 09:53:02', '2025-11-21 09:53:02'),
(6, 'تسابيت', 'Tsabit', 1, '2025-11-21 09:53:02', '2025-11-21 09:53:02'),
(7, 'أبو الحسن', 'Abou El Hassane', 2, '2025-11-21 09:53:02', '2025-11-21 09:53:02'),
(8, 'الزبوجة', 'Zeboudja', 2, '2025-11-21 09:53:02', '2025-11-21 09:53:02'),
(9, 'أولاد بن عبد القادر', 'Ouled Ben Abdelkader', 2, '2025-11-21 09:53:02', '2025-11-21 09:53:02'),
(10, 'عين مران', 'Ain Merane', 2, '2025-11-21 09:53:02', '2025-11-21 09:53:02'),
(11, 'بني حواء', 'Beni Haoua', 2, '2025-11-21 09:53:02', '2025-11-21 09:53:02'),
(12, 'وادي الفضة', 'Oued Fodda', 2, '2025-11-21 09:53:02', '2025-11-21 09:53:02'),
(13, 'المرسى', 'El Marsa', 2, '2025-11-21 09:53:02', '2025-11-21 09:53:02'),
(14, 'الشلف', 'Chlef', 2, '2025-11-21 09:53:02', '2025-11-21 09:53:02'),
(15, 'تنس', 'Tenes', 2, '2025-11-21 09:53:02', '2025-11-21 09:53:02'),
(16, 'الكريمية', 'El Karimia', 2, '2025-11-21 09:53:02', '2025-11-21 09:53:02'),
(17, 'تاوقريت', 'Taougrit', 2, '2025-11-21 09:53:02', '2025-11-21 09:53:02'),
(18, 'أولاد فارس', 'Ouled Fares', 2, '2025-11-21 09:53:02', '2025-11-21 09:53:02'),
(19, 'بوقادير', 'Boukadir', 2, '2025-11-21 09:53:02', '2025-11-21 09:53:02'),
(20, 'قتلة سيدي سعيد', 'Gueltat Sidi Saad', 3, '2025-11-21 09:53:02', '2025-11-21 09:53:02'),
(21, 'بريدة', 'Brida', 3, '2025-11-21 09:53:02', '2025-11-21 09:53:02'),
(22, 'عين ماضي', 'Ain Madhi', 3, '2025-11-21 09:53:02', '2025-11-21 09:53:02'),
(23, 'الغيشة', 'El Ghicha', 3, '2025-11-21 09:53:02', '2025-11-21 09:53:02'),
(24, 'أفلو', 'Aflou', 3, '2025-11-21 09:53:02', '2025-11-21 09:53:02'),
(25, 'وادي مرة', 'Oued Morra', 3, '2025-11-21 09:53:02', '2025-11-21 09:53:02'),
(26, 'الأغواط', 'Laghouat', 3, '2025-11-21 09:53:02', '2025-11-21 09:53:02'),
(27, 'قصر الحيران', 'Ksar El Hirane', 3, '2025-11-21 09:53:02', '2025-11-21 09:53:02'),
(28, 'سيدي مخلوف', 'Sidi Makhlouf', 3, '2025-11-21 09:53:02', '2025-11-21 09:53:02'),
(29, 'حاسي الرمل', 'Hassi R\'mel', 3, '2025-11-21 09:53:02', '2025-11-21 09:53:02'),
(30, 'فكيرينة', 'F\'kirina', 4, '2025-11-21 09:53:02', '2025-11-21 09:53:02'),
(31, 'عين فكرون', 'Ain Fekroun', 4, '2025-11-21 09:53:02', '2025-11-21 09:53:02'),
(32, 'مسكيانة', 'Meskiana', 4, '2025-11-21 09:53:02', '2025-11-21 09:53:02'),
(33, 'قصر الصباحي', 'Ksar Sbahi', 4, '2025-11-21 09:53:03', '2025-11-21 09:53:03'),
(34, 'سوق نعمان', 'Souk Naamane', 4, '2025-11-21 09:53:03', '2025-11-21 09:53:03'),
(35, 'أم البواقي', 'Oum El Bouaghi', 4, '2025-11-21 09:53:03', '2025-11-21 09:53:03'),
(36, 'عين ببوش', 'Ain Babouche', 4, '2025-11-21 09:53:03', '2025-11-21 09:53:03'),
(37, 'عين البيضاء', 'Ain Beida', 4, '2025-11-21 09:53:03', '2025-11-21 09:53:03'),
(38, 'عين مليلة', 'Ain M\'lila', 4, '2025-11-21 09:53:03', '2025-11-21 09:53:03'),
(39, 'سيقوس', 'Sigus', 4, '2025-11-21 09:53:03', '2025-11-21 09:53:03'),
(40, 'الضلعة', 'Dhalaa', 4, '2025-11-21 09:53:03', '2025-11-21 09:53:03'),
(41, 'عين كرشة', 'Ain Kercha', 4, '2025-11-21 09:53:03', '2025-11-21 09:53:03'),
(42, 'عين التوتة', 'Ain Touta', 5, '2025-11-21 09:53:03', '2025-11-21 09:53:03'),
(43, 'رأس العيون', 'Ras El Aioun', 5, '2025-11-21 09:53:03', '2025-11-21 09:53:03'),
(44, 'تيمقاد', 'Timgad', 5, '2025-11-21 09:53:03', '2025-11-21 09:53:03'),
(45, 'أولاد سي سليمان', 'Ouled Si Slimane', 5, '2025-11-21 09:53:03', '2025-11-21 09:53:03'),
(46, 'ثنية العابد', 'Theniet El Abed', 5, '2025-11-21 09:53:03', '2025-11-21 09:53:03'),
(47, 'باتنة', 'Batna', 5, '2025-11-21 09:53:03', '2025-11-21 09:53:03'),
(48, 'مروانة', 'Merouana', 5, '2025-11-21 09:53:03', '2025-11-21 09:53:03'),
(49, 'سريانة', 'Seriana', 5, '2025-11-21 09:53:03', '2025-11-21 09:53:03'),
(50, 'منعة', 'Menaa', 5, '2025-11-21 09:53:03', '2025-11-21 09:53:03'),
(51, 'المعذر', 'El Madher', 5, '2025-11-21 09:53:03', '2025-11-21 09:53:03'),
(52, 'تازولت', 'Tazoult', 5, '2025-11-21 09:53:03', '2025-11-21 09:53:03'),
(53, 'نقاوس', 'N\'gaous', 5, '2025-11-21 09:53:03', '2025-11-21 09:53:03'),
(54, 'أريس', 'Arris', 5, '2025-11-21 09:53:03', '2025-11-21 09:53:03'),
(55, 'عين جاسر', 'Ain Djasser', 5, '2025-11-21 09:53:03', '2025-11-21 09:53:03'),
(56, 'سقانة', 'Seggana', 5, '2025-11-21 09:53:03', '2025-11-21 09:53:03'),
(57, 'إشمول', 'Ichemoul', 5, '2025-11-21 09:53:03', '2025-11-21 09:53:03'),
(58, 'بوزينة', 'Bouzina', 5, '2025-11-21 09:53:03', '2025-11-21 09:53:03'),
(59, 'الشمرة', 'Chemora', 5, '2025-11-21 09:53:03', '2025-11-21 09:53:03'),
(60, 'بريكة', 'Barika', 5, '2025-11-21 09:53:03', '2025-11-21 09:53:03'),
(61, 'الجزار', 'Djezzar', 5, '2025-11-21 09:53:03', '2025-11-21 09:53:03'),
(62, 'تكوت', 'Tkout', 5, '2025-11-21 09:53:03', '2025-11-21 09:53:03'),
(63, 'سيدي عيش', 'Sidi Aich', 6, '2025-11-21 09:53:03', '2025-11-21 09:53:03'),
(64, 'برباشة', 'Barbacha', 6, '2025-11-21 09:53:03', '2025-11-21 09:53:03'),
(65, 'القصر', 'El Kseur', 6, '2025-11-21 09:53:03', '2025-11-21 09:53:03'),
(66, 'خراطة', 'Kherrata', 6, '2025-11-21 09:53:03', '2025-11-21 09:53:03'),
(67, 'بجاية', 'Bejaia', 6, '2025-11-21 09:53:03', '2025-11-21 09:53:03'),
(68, 'بني معوش', 'Beni Maouche', 6, '2025-11-21 09:53:03', '2025-11-21 09:53:03'),
(69, 'أميزور', 'Amizour', 6, '2025-11-21 09:53:03', '2025-11-21 09:53:03'),
(70, 'تيمزريت', 'Timezrit', 6, '2025-11-21 09:53:03', '2025-11-21 09:53:03'),
(71, 'سوق الإثنين', 'Souk El Tenine', 6, '2025-11-21 09:53:03', '2025-11-21 09:53:03'),
(72, 'تيشي', 'Tichy', 6, '2025-11-21 09:53:03', '2025-11-21 09:53:03'),
(73, 'إغيل علي', 'Ighil Ali', 6, '2025-11-21 09:53:03', '2025-11-21 09:53:03'),
(74, 'درقينة', 'Darguina', 6, '2025-11-21 09:53:03', '2025-11-21 09:53:03'),
(75, 'أوقاس', 'Aokas', 6, '2025-11-21 09:53:03', '2025-11-21 09:53:03'),
(76, 'أدكار', 'Adekar', 6, '2025-11-21 09:53:03', '2025-11-21 09:53:03'),
(77, 'أقبو', 'Akbou', 6, '2025-11-21 09:53:03', '2025-11-21 09:53:03'),
(78, 'صدوق', 'Seddouk', 6, '2025-11-21 09:53:04', '2025-11-21 09:53:04'),
(79, 'تازملت', 'Tazmalt', 6, '2025-11-21 09:53:04', '2025-11-21 09:53:04'),
(80, 'شميني', 'Chemini', 6, '2025-11-21 09:53:04', '2025-11-21 09:53:04'),
(81, 'إفري أوزلاقن', 'Ifri Ouzellaguene', 6, '2025-11-21 09:53:04', '2025-11-21 09:53:04'),
(82, 'زريبة الوادي', 'Zeribet El Oued', 7, '2025-11-21 09:53:04', '2025-11-21 09:53:04'),
(83, 'طولقة', 'Tolga', 7, '2025-11-21 09:53:04', '2025-11-21 09:53:04'),
(84, 'أورلال', 'Ourlal', 7, '2025-11-21 09:53:04', '2025-11-21 09:53:04'),
(85, 'جمورة', 'Djemorah', 7, '2025-11-21 09:53:04', '2025-11-21 09:53:04'),
(86, 'الوطاية', 'El Outaya', 7, '2025-11-21 09:53:04', '2025-11-21 09:53:04'),
(87, 'القنطرة', 'El Kantara', 7, '2025-11-21 09:53:04', '2025-11-21 09:53:04'),
(88, 'بسكرة', 'Biskra', 7, '2025-11-21 09:53:04', '2025-11-21 09:53:04'),
(89, 'فوغالة', 'Foughala', 7, '2025-11-21 09:53:04', '2025-11-21 09:53:04'),
(90, 'سيدي عقبة', 'Sidi Okba', 7, '2025-11-21 09:53:04', '2025-11-21 09:53:04'),
(91, 'مشونش', 'Mechouneche', 7, '2025-11-21 09:53:04', '2025-11-21 09:53:04'),
(92, 'بشار', 'Bechar', 8, '2025-11-21 09:53:04', '2025-11-21 09:53:04'),
(93, 'لحمر', 'Lahmar', 8, '2025-11-21 09:53:04', '2025-11-21 09:53:04'),
(94, 'القنادسة', 'Kenadsa', 8, '2025-11-21 09:53:04', '2025-11-21 09:53:04'),
(95, 'تاغيت', 'Taghit', 8, '2025-11-21 09:53:04', '2025-11-21 09:53:04'),
(96, 'العبادلة', 'Abadla', 8, '2025-11-21 09:53:04', '2025-11-21 09:53:04'),
(97, 'بني ونيف', 'Beni Ounif', 8, '2025-11-21 09:53:04', '2025-11-21 09:53:04'),
(98, 'تبلبالة', 'Tabelbala', 8, '2025-11-21 09:53:04', '2025-11-21 09:53:04'),
(99, 'أولاد يعيش', 'Ouled Yaich', 9, '2025-11-21 09:53:04', '2025-11-21 09:53:04'),
(100, 'بوقرة', 'Bougara', 9, '2025-11-21 09:53:04', '2025-11-21 09:53:04'),
(101, 'موزاية', 'Mouzaia', 9, '2025-11-21 09:53:04', '2025-11-21 09:53:04'),
(102, 'الأربعاء', 'Larbaa', 9, '2025-11-21 09:53:04', '2025-11-21 09:53:04'),
(103, 'بوفاريك', 'Boufarik', 9, '2025-11-21 09:53:04', '2025-11-21 09:53:04'),
(104, 'مفتاح', 'Meftah', 9, '2025-11-21 09:53:04', '2025-11-21 09:53:04'),
(105, 'العفرون', 'El Affroun', 9, '2025-11-21 09:53:04', '2025-11-21 09:53:04'),
(106, 'وادي العلايق', 'Oued El Alleug', 9, '2025-11-21 09:53:04', '2025-11-21 09:53:04'),
(107, 'بوعينان', 'Bouinan', 9, '2025-11-21 09:53:04', '2025-11-21 09:53:04'),
(108, 'البليدة', 'Blida', 9, '2025-11-21 09:53:04', '2025-11-21 09:53:04'),
(109, 'عين بسام', 'Ain Bessem', 10, '2025-11-21 09:53:04', '2025-11-21 09:53:04'),
(110, 'برج أوخريص', 'Bordj Okhriss', 10, '2025-11-21 09:53:04', '2025-11-21 09:53:04'),
(111, 'سور الغزلان', 'Sour El Ghozlane', 10, '2025-11-21 09:53:04', '2025-11-21 09:53:04'),
(112, 'بشلول', 'Bechloul', 10, '2025-11-21 09:53:04', '2025-11-21 09:53:04'),
(113, 'مشد الله', 'M\'chedallah', 10, '2025-11-21 09:53:04', '2025-11-21 09:53:04'),
(114, 'بئر غبالو', 'Bir Ghbalou', 10, '2025-11-21 09:53:04', '2025-11-21 09:53:04'),
(115, 'البويرة', 'Bouira', 10, '2025-11-21 09:53:04', '2025-11-21 09:53:04'),
(116, 'سوق الخميس', 'Souk El Khemis', 10, '2025-11-21 09:53:04', '2025-11-21 09:53:04'),
(117, 'القادرية', 'Kadiria', 10, '2025-11-21 09:53:04', '2025-11-21 09:53:04'),
(118, 'الهاشمية', 'El Hachimia', 10, '2025-11-21 09:53:04', '2025-11-21 09:53:04'),
(119, 'الحيزر', 'Haizer', 10, '2025-11-21 09:53:04', '2025-11-21 09:53:04'),
(120, 'الأخضرية', 'Lakhdaria', 10, '2025-11-21 09:53:04', '2025-11-21 09:53:04'),
(121, 'تاظروك', 'Tazrouk', 11, '2025-11-21 09:53:04', '2025-11-21 09:53:04'),
(122, 'سيلت', 'Silet', 11, '2025-11-21 09:53:04', '2025-11-21 09:53:04'),
(123, 'تمنراست', 'Tamanrasset', 11, '2025-11-21 09:53:04', '2025-11-21 09:53:04'),
(124, 'الماء الابيض', 'El Malabiod', 12, '2025-11-21 09:53:04', '2025-11-21 09:53:04'),
(125, 'العوينات', 'El Aouinet', 12, '2025-11-21 09:53:04', '2025-11-21 09:53:04'),
(126, 'نقرين', 'Negrine', 12, '2025-11-21 09:53:04', '2025-11-21 09:53:04'),
(127, 'بئر مقدم', 'Bir Mokadem', 12, '2025-11-21 09:53:04', '2025-11-21 09:53:04'),
(128, 'مرسط', 'Morsott', 12, '2025-11-21 09:53:04', '2025-11-21 09:53:04'),
(129, 'أم علي', 'Oum Ali', 12, '2025-11-21 09:53:04', '2025-11-21 09:53:04'),
(130, 'الكويف', 'El Kouif', 12, '2025-11-21 09:53:04', '2025-11-21 09:53:04'),
(131, 'الونزة', 'Ouenza', 12, '2025-11-21 09:53:05', '2025-11-21 09:53:05'),
(132, 'العقلة', 'El Ogla', 12, '2025-11-21 09:53:05', '2025-11-21 09:53:05'),
(133, 'الشريعة', 'Cheria', 12, '2025-11-21 09:53:05', '2025-11-21 09:53:05'),
(134, 'بئر العاتر', 'Bir El Ater', 12, '2025-11-21 09:53:05', '2025-11-21 09:53:05'),
(135, 'تبسة', 'Tebessa', 12, '2025-11-21 09:53:05', '2025-11-21 09:53:05'),
(136, 'باب العسة', 'Bab El Assa', 13, '2025-11-21 09:53:05', '2025-11-21 09:53:05'),
(137, 'منصورة', 'Mansourah', 13, '2025-11-21 09:53:05', '2025-11-21 09:53:05'),
(138, 'شتوان', 'Chetouane', 13, '2025-11-21 09:53:05', '2025-11-21 09:53:05'),
(139, 'هنين', 'Honnaine', 13, '2025-11-21 09:53:05', '2025-11-21 09:53:05'),
(140, 'سيدي الجيلالي', 'Sidi Djillali', 13, '2025-11-21 09:53:05', '2025-11-21 09:53:05'),
(141, 'ندرومة', 'Nedroma', 13, '2025-11-21 09:53:05', '2025-11-21 09:53:05'),
(142, 'مرسى بن مهيدي', 'Marsa Ben Mehdi', 13, '2025-11-21 09:53:05', '2025-11-21 09:53:05'),
(143, 'بني بوسعيد', 'Beni Boussaid', 13, '2025-11-21 09:53:05', '2025-11-21 09:53:05'),
(144, 'سبدو', 'Sebdou', 13, '2025-11-21 09:53:05', '2025-11-21 09:53:05'),
(145, 'صبرة', 'Sabra', 13, '2025-11-21 09:53:05', '2025-11-21 09:53:05'),
(146, 'مغنية', 'Maghnia', 13, '2025-11-21 09:53:05', '2025-11-21 09:53:05'),
(147, 'الحناية', 'Hennaya', 13, '2025-11-21 09:53:05', '2025-11-21 09:53:05'),
(148, 'بن سكران', 'Bensekrane', 13, '2025-11-21 09:53:05', '2025-11-21 09:53:05'),
(149, 'فلاوسن', 'Fellaoucene', 13, '2025-11-21 09:53:05', '2025-11-21 09:53:05'),
(150, 'تلمسان', 'Tlemcen', 13, '2025-11-21 09:53:05', '2025-11-21 09:53:05'),
(151, 'عين تالوت', 'Ain Tellout', 13, '2025-11-21 09:53:05', '2025-11-21 09:53:05'),
(152, 'الرمشي', 'Remchi', 13, '2025-11-21 09:53:05', '2025-11-21 09:53:05'),
(153, 'الغزوات', 'Ghazaouet', 13, '2025-11-21 09:53:05', '2025-11-21 09:53:05'),
(154, 'أولاد ميمون', 'Ouled Mimoun', 13, '2025-11-21 09:53:05', '2025-11-21 09:53:05'),
(155, 'بني سنوس', 'Beni Snous', 13, '2025-11-21 09:53:05', '2025-11-21 09:53:05'),
(156, 'مهدية', 'Mahdia', 14, '2025-11-21 09:53:05', '2025-11-21 09:53:05'),
(157, 'السوقر', 'Sougueur', 14, '2025-11-21 09:53:05', '2025-11-21 09:53:05'),
(158, 'مغيلة', 'Meghila', 14, '2025-11-21 09:53:05', '2025-11-21 09:53:05'),
(159, 'فرندة', 'Frenda', 14, '2025-11-21 09:53:05', '2025-11-21 09:53:05'),
(160, 'عين كرمس', 'Ain Kermes', 14, '2025-11-21 09:53:05', '2025-11-21 09:53:05'),
(161, 'قصر الشلالة', 'Ksar Chellala', 14, '2025-11-21 09:53:05', '2025-11-21 09:53:05'),
(162, 'رحوية', 'Rahouia', 14, '2025-11-21 09:53:05', '2025-11-21 09:53:05'),
(163, 'وادي ليلي', 'Oued Lili', 14, '2025-11-21 09:53:05', '2025-11-21 09:53:05'),
(164, 'مشرع الصفا', 'Mechraa Sfa', 14, '2025-11-21 09:53:05', '2025-11-21 09:53:05'),
(165, 'حمادية', 'Hamadia', 14, '2025-11-21 09:53:05', '2025-11-21 09:53:05'),
(166, 'تيارت', 'Tiaret', 14, '2025-11-21 09:53:05', '2025-11-21 09:53:05'),
(167, 'مدروسة', 'Medroussa', 14, '2025-11-21 09:53:05', '2025-11-21 09:53:05'),
(168, 'عين الذهب', 'Ain Deheb', 14, '2025-11-21 09:53:05', '2025-11-21 09:53:05'),
(169, 'دحموني', 'Dahmouni', 14, '2025-11-21 09:53:05', '2025-11-21 09:53:05'),
(170, 'تيقزيرت', 'Tigzirt', 15, '2025-11-21 09:53:05', '2025-11-21 09:53:05'),
(171, 'بوزقن', 'Bouzeguene', 15, '2025-11-21 09:53:05', '2025-11-21 09:53:05'),
(172, 'بني دوالة', 'Beni Douala', 15, '2025-11-21 09:53:05', '2025-11-21 09:53:05'),
(173, 'واضية', 'Ouadhias', 15, '2025-11-21 09:53:05', '2025-11-21 09:53:05'),
(174, 'أزفون', 'Azeffoun', 15, '2025-11-21 09:53:05', '2025-11-21 09:53:05'),
(175, 'بوغني', 'Boghni', 15, '2025-11-21 09:53:05', '2025-11-21 09:53:05'),
(176, 'ذراع بن خدة', 'Draa Ben Khedda', 15, '2025-11-21 09:53:05', '2025-11-21 09:53:05'),
(177, 'واسيف', 'Ouacif', 15, '2025-11-21 09:53:06', '2025-11-21 09:53:06'),
(178, 'مقلع', 'Mekla', 15, '2025-11-21 09:53:06', '2025-11-21 09:53:06'),
(179, 'بني يني', 'Benni Yenni', 15, '2025-11-21 09:53:06', '2025-11-21 09:53:06'),
(180, 'تيزي وزو', 'Tizi Ouzou', 15, '2025-11-21 09:53:06', '2025-11-21 09:53:06'),
(181, 'عين الحمام', 'Ain El Hammam', 15, '2025-11-21 09:53:06', '2025-11-21 09:53:06'),
(182, 'ماكودة', 'Makouda', 15, '2025-11-21 09:53:06', '2025-11-21 09:53:06'),
(183, 'ذراع الميزان', 'Draa El Mizan', 15, '2025-11-21 09:53:06', '2025-11-21 09:53:06'),
(184, 'تيزي غنيف', 'Tizi-Ghenif', 15, '2025-11-21 09:53:06', '2025-11-21 09:53:06'),
(185, 'إفرحونان', 'Iferhounene', 15, '2025-11-21 09:53:06', '2025-11-21 09:53:06'),
(186, 'عزازقة', 'Azazga', 15, '2025-11-21 09:53:06', '2025-11-21 09:53:06'),
(187, 'الأربعاء ناث إيراثن', 'Larbaa Nath Iraten', 15, '2025-11-21 09:53:06', '2025-11-21 09:53:06'),
(188, 'تيزي راشد', 'Tizi Rached', 15, '2025-11-21 09:53:06', '2025-11-21 09:53:06'),
(189, 'واقنون', 'Ouaguenoun', 15, '2025-11-21 09:53:06', '2025-11-21 09:53:06'),
(190, 'معاتقة', 'Maatkas', 15, '2025-11-21 09:53:06', '2025-11-21 09:53:06'),
(191, 'حسين داي', 'Hussein Dey', 16, '2025-11-21 09:53:06', '2025-11-21 09:53:06'),
(192, 'براقي', 'Baraki', 16, '2025-11-21 09:53:06', '2025-11-21 09:53:06'),
(193, 'الدار البيضاء', 'Dar El Beida', 16, '2025-11-21 09:53:06', '2025-11-21 09:53:06'),
(194, 'بئر توتة', 'Birtouta', 16, '2025-11-21 09:53:06', '2025-11-21 09:53:06'),
(195, 'الرويبة', 'Rouiba', 16, '2025-11-21 09:53:06', '2025-11-21 09:53:06'),
(196, 'زرالدة', 'Zeralda', 16, '2025-11-21 09:53:06', '2025-11-21 09:53:06'),
(197, 'الدرارية', 'Draria', 16, '2025-11-21 09:53:06', '2025-11-21 09:53:06'),
(198, 'الشراقة', 'Cheraga', 16, '2025-11-21 09:53:06', '2025-11-21 09:53:06'),
(199, 'سيدي امحمد', 'Sidi M\'hamed', 16, '2025-11-21 09:53:06', '2025-11-21 09:53:06'),
(200, 'بئر مراد رايس', 'Bir Mourad Rais', 16, '2025-11-21 09:53:06', '2025-11-21 09:53:06'),
(201, 'باب الوادي', 'Bab El Oued', 16, '2025-11-21 09:53:06', '2025-11-21 09:53:06'),
(202, 'بوزريعة', 'Bouzareah', 16, '2025-11-21 09:53:06', '2025-11-21 09:53:06'),
(203, 'الحراش', 'El Harrach', 16, '2025-11-21 09:53:06', '2025-11-21 09:53:06'),
(204, 'حاسي بحبح', 'Hassi Bahbah', 17, '2025-11-21 09:53:06', '2025-11-21 09:53:06'),
(205, 'عين الإبل', 'Ain El Ibel', 17, '2025-11-21 09:53:06', '2025-11-21 09:53:06'),
(206, 'الشارف', 'Charef', 17, '2025-11-21 09:53:06', '2025-11-21 09:53:06'),
(207, 'دار الشيوخ', 'Dar Chioukh', 17, '2025-11-21 09:53:06', '2025-11-21 09:53:06'),
(208, 'حد الصحاري', 'Had Sahary', 17, '2025-11-21 09:53:06', '2025-11-21 09:53:06'),
(209, 'سيدي لعجال', 'Sidi Laadjel', 17, '2025-11-21 09:53:06', '2025-11-21 09:53:06'),
(210, 'مسعد', 'Messaad', 17, '2025-11-21 09:53:06', '2025-11-21 09:53:06'),
(211, 'الادريسية', 'El Idrissia', 17, '2025-11-21 09:53:06', '2025-11-21 09:53:06'),
(212, 'الجلفة', 'Djelfa', 17, '2025-11-21 09:53:06', '2025-11-21 09:53:06'),
(213, 'بيرين', 'Birine', 17, '2025-11-21 09:53:06', '2025-11-21 09:53:06'),
(214, 'فيض البطمة', 'Faidh El Botma', 17, '2025-11-21 09:53:06', '2025-11-21 09:53:06'),
(215, 'عين وسارة', 'Ain Oussera', 17, '2025-11-21 09:53:06', '2025-11-21 09:53:06'),
(216, 'جيجل', 'Jijel', 18, '2025-11-21 09:53:06', '2025-11-21 09:53:06'),
(217, 'العوانة', 'El Aouana', 18, '2025-11-21 09:53:06', '2025-11-21 09:53:06'),
(218, 'زيامة منصورية', 'Ziamah Mansouriah', 18, '2025-11-21 09:53:06', '2025-11-21 09:53:06'),
(219, 'الطاهير', 'Taher', 18, '2025-11-21 09:53:06', '2025-11-21 09:53:06'),
(220, 'الشقفة', 'Chekfa', 18, '2025-11-21 09:53:06', '2025-11-21 09:53:06'),
(221, 'الميلية', 'El Milia', 18, '2025-11-21 09:53:06', '2025-11-21 09:53:06'),
(222, 'سيدي معروف', 'Sidi Marouf', 18, '2025-11-21 09:53:06', '2025-11-21 09:53:06'),
(223, 'السطارة', 'Settara', 18, '2025-11-21 09:53:06', '2025-11-21 09:53:06'),
(224, 'العنصر', 'El Ancer', 18, '2025-11-21 09:53:07', '2025-11-21 09:53:07'),
(225, 'جيملة', 'Djimla', 18, '2025-11-21 09:53:07', '2025-11-21 09:53:07'),
(226, 'تاكسنة', 'Texenna', 18, '2025-11-21 09:53:07', '2025-11-21 09:53:07'),
(227, 'صالح باي', 'Salah Bey', 19, '2025-11-21 09:53:07', '2025-11-21 09:53:07'),
(228, 'عموشة', 'Amoucha', 19, '2025-11-21 09:53:07', '2025-11-21 09:53:07'),
(229, 'عين أرنات', 'Ain Arnat', 19, '2025-11-21 09:53:07', '2025-11-21 09:53:07'),
(230, 'عين ولمان', 'Ain Oulmene', 19, '2025-11-21 09:53:07', '2025-11-21 09:53:07'),
(231, 'بوعنداس', 'Bouandas', 19, '2025-11-21 09:53:07', '2025-11-21 09:53:07'),
(232, 'حمام السخنة', 'Hammam Sokhna', 19, '2025-11-21 09:53:07', '2025-11-21 09:53:07'),
(233, 'عين أزال', 'Ain Azel', 19, '2025-11-21 09:53:07', '2025-11-21 09:53:07'),
(234, 'قنزات', 'Guenzet', 19, '2025-11-21 09:53:07', '2025-11-21 09:53:07'),
(235, 'بوقاعة', 'Bougaa', 19, '2025-11-21 09:53:07', '2025-11-21 09:53:07'),
(236, 'حمام قرقور', 'Hammam Guergour', 19, '2025-11-21 09:53:07', '2025-11-21 09:53:07'),
(237, 'سطيف', 'Setif', 19, '2025-11-21 09:53:07', '2025-11-21 09:53:07'),
(238, 'عين الكبيرة', 'Ain El Kebira', 19, '2025-11-21 09:53:07', '2025-11-21 09:53:07'),
(239, 'بني عزيز', 'Beni Aziz', 19, '2025-11-21 09:53:07', '2025-11-21 09:53:07'),
(240, 'بئر العرش', 'Bir El Arch', 19, '2025-11-21 09:53:07', '2025-11-21 09:53:07'),
(241, 'ماوكلان', 'Maoklane', 19, '2025-11-21 09:53:07', '2025-11-21 09:53:07'),
(242, 'بابور', 'Babor', 19, '2025-11-21 09:53:07', '2025-11-21 09:53:07'),
(243, 'قجال', 'Guidjel', 19, '2025-11-21 09:53:07', '2025-11-21 09:53:07'),
(244, 'العلمة', 'El Eulma', 19, '2025-11-21 09:53:07', '2025-11-21 09:53:07'),
(245, 'جميلة', 'Djemila', 19, '2025-11-21 09:53:07', '2025-11-21 09:53:07'),
(246, 'بني ورتيلان', 'Beni Ourtilane', 19, '2025-11-21 09:53:07', '2025-11-21 09:53:07'),
(247, 'سعيدة', 'Saida', 20, '2025-11-21 09:53:07', '2025-11-21 09:53:07'),
(248, 'أولاد ابراهيم', 'Ouled Brahim', 20, '2025-11-21 09:53:07', '2025-11-21 09:53:07'),
(249, 'الحساسنة', 'El Hassasna', 20, '2025-11-21 09:53:07', '2025-11-21 09:53:07'),
(250, 'سيدي بوبكر', 'Sidi Boubekeur', 20, '2025-11-21 09:53:07', '2025-11-21 09:53:07'),
(251, 'يوب', 'Youb', 20, '2025-11-21 09:53:07', '2025-11-21 09:53:07'),
(252, 'عين الحجر', 'Ain El Hadjar', 20, '2025-11-21 09:53:07', '2025-11-21 09:53:07'),
(253, 'سيدي مزغيش', 'Sidi Mezghiche', 21, '2025-11-21 09:53:07', '2025-11-21 09:53:07'),
(254, 'الحروش', 'El Harrouch', 21, '2025-11-21 09:53:07', '2025-11-21 09:53:07'),
(255, 'الحدائق', 'El Hadaiek', 21, '2025-11-21 09:53:07', '2025-11-21 09:53:07'),
(256, 'رمضان جمال', 'Ramdane Djamel', 21, '2025-11-21 09:53:07', '2025-11-21 09:53:07'),
(257, 'تمالوس', 'Tamalous', 21, '2025-11-21 09:53:07', '2025-11-21 09:53:07'),
(258, 'عين قشرة', 'Ain Kechra', 21, '2025-11-21 09:53:07', '2025-11-21 09:53:07'),
(259, 'أم الطوب', 'Oum Toub', 21, '2025-11-21 09:53:07', '2025-11-21 09:53:07'),
(260, 'عزابة', 'Azzaba', 21, '2025-11-21 09:53:07', '2025-11-21 09:53:07'),
(261, 'الزيتونة', 'Zitouna', 21, '2025-11-21 09:53:07', '2025-11-21 09:53:07'),
(262, 'أولاد عطية', 'Ouled Attia', 21, '2025-11-21 09:53:07', '2025-11-21 09:53:07'),
(263, 'القل', 'Collo', 21, '2025-11-21 09:53:07', '2025-11-21 09:53:07'),
(264, 'بن عزوز', 'Ben Azzouz', 21, '2025-11-21 09:53:07', '2025-11-21 09:53:07'),
(265, 'سكيكدة', 'Skikda', 21, '2025-11-21 09:53:07', '2025-11-21 09:53:07'),
(266, 'سيدي علي بن يوب', 'Sidi Ali Ben Youb', 22, '2025-11-21 09:53:07', '2025-11-21 09:53:07'),
(267, 'مولاي سليسن', 'Moulay Slissen', 22, '2025-11-21 09:53:07', '2025-11-21 09:53:07'),
(268, 'تنيرة', 'Tenira', 22, '2025-11-21 09:53:07', '2025-11-21 09:53:07'),
(269, 'مرين', 'Merine', 22, '2025-11-21 09:53:07', '2025-11-21 09:53:07'),
(270, 'سيدي لحسن', 'Sidi Lahcene', 22, '2025-11-21 09:53:07', '2025-11-21 09:53:07'),
(271, 'عين البرد', 'Ain El Berd', 22, '2025-11-21 09:53:07', '2025-11-21 09:53:07'),
(272, 'بن باديس', 'Ben Badis', 22, '2025-11-21 09:53:07', '2025-11-21 09:53:07'),
(273, 'سفيزف', 'Sfisef', 22, '2025-11-21 09:53:07', '2025-11-21 09:53:07'),
(274, 'مرحوم', 'Marhoum', 22, '2025-11-21 09:53:07', '2025-11-21 09:53:07'),
(275, 'راس الماء', 'Ras El Ma', 22, '2025-11-21 09:53:07', '2025-11-21 09:53:07'),
(276, 'سيدي بلعباس', 'Sidi Bel Abbes', 22, '2025-11-21 09:53:07', '2025-11-21 09:53:07'),
(277, 'تسالة', 'Tessala', 22, '2025-11-21 09:53:07', '2025-11-21 09:53:07'),
(278, 'مصطفى بن ابراهيم', 'Mostefa  Ben Brahim', 22, '2025-11-21 09:53:08', '2025-11-21 09:53:08'),
(279, 'تلاغ', 'Telagh', 22, '2025-11-21 09:53:08', '2025-11-21 09:53:08'),
(280, 'سيدي علي بوسيدي', 'Sidi Ali Boussidi', 22, '2025-11-21 09:53:08', '2025-11-21 09:53:08'),
(281, 'عنابة', 'Annaba', 23, '2025-11-21 09:53:08', '2025-11-21 09:53:08'),
(282, 'برحال', 'Berrahal', 23, '2025-11-21 09:53:08', '2025-11-21 09:53:08'),
(283, 'الحجار', 'El Hadjar', 23, '2025-11-21 09:53:08', '2025-11-21 09:53:08'),
(284, 'البوني', 'El Bouni', 23, '2025-11-21 09:53:08', '2025-11-21 09:53:08'),
(285, 'عين الباردة', 'Ain El Berda', 23, '2025-11-21 09:53:08', '2025-11-21 09:53:08'),
(286, 'شطايبي', 'Chetaibi', 23, '2025-11-21 09:53:08', '2025-11-21 09:53:08'),
(287, 'قلعة بوصبع', 'Guelaat Bousbaa', 24, '2025-11-21 09:53:08', '2025-11-21 09:53:08'),
(288, 'حمام دباغ', 'Hammam Debagh', 24, '2025-11-21 09:53:08', '2025-11-21 09:53:08'),
(289, 'حمام النبايل', 'Hammam N\'bails', 24, '2025-11-21 09:53:08', '2025-11-21 09:53:08'),
(290, 'قالمة', 'Guelma', 24, '2025-11-21 09:53:08', '2025-11-21 09:53:08'),
(291, 'بوشقوف', 'Bouchegouf', 24, '2025-11-21 09:53:08', '2025-11-21 09:53:08'),
(292, 'هيليوبوليس', 'Heliopolis', 24, '2025-11-21 09:53:08', '2025-11-21 09:53:08'),
(293, 'عين حساينية', 'Ain Hessainia', 24, '2025-11-21 09:53:08', '2025-11-21 09:53:08'),
(294, 'وادي الزناتي', 'Oued Zenati', 24, '2025-11-21 09:53:08', '2025-11-21 09:53:08'),
(295, 'عين مخلوف', 'Ain Makhlouf', 24, '2025-11-21 09:53:08', '2025-11-21 09:53:08'),
(296, 'خزارة', 'Khezaras', 24, '2025-11-21 09:53:08', '2025-11-21 09:53:08'),
(297, 'حامة بوزيان', 'Hamma Bouziane', 25, '2025-11-21 09:53:08', '2025-11-21 09:53:08'),
(298, 'زيغود يوسف', 'Zighoud Youcef', 25, '2025-11-21 09:53:08', '2025-11-21 09:53:08'),
(299, 'الخروب', 'El Khroub', 25, '2025-11-21 09:53:08', '2025-11-21 09:53:08'),
(300, 'عين عبيد', 'Ain Abid', 25, '2025-11-21 09:53:08', '2025-11-21 09:53:08'),
(301, 'ابن زياد', 'Ibn Ziad', 25, '2025-11-21 09:53:08', '2025-11-21 09:53:08'),
(302, 'قسنطينة', 'Constantine', 25, '2025-11-21 09:53:08', '2025-11-21 09:53:08'),
(303, 'أولاد عنتر', 'Ouled Antar', 26, '2025-11-21 09:53:08', '2025-11-21 09:53:08'),
(304, 'السواقي', 'Souaghi', 26, '2025-11-21 09:53:08', '2025-11-21 09:53:08'),
(305, 'قصر البخاري', 'Ksar El Boukhari', 26, '2025-11-21 09:53:08', '2025-11-21 09:53:08'),
(306, 'العزيزية', 'El Azizia', 26, '2025-11-21 09:53:08', '2025-11-21 09:53:08'),
(307, 'الشهبونية', 'Chahbounia', 26, '2025-11-21 09:53:08', '2025-11-21 09:53:08'),
(308, 'عوامري', 'Ouamri', 26, '2025-11-21 09:53:08', '2025-11-21 09:53:08'),
(309, 'بني سليمان', 'Beni Slimane', 26, '2025-11-21 09:53:08', '2025-11-21 09:53:08'),
(310, 'سي المحجوب', 'Si Mahdjoub', 26, '2025-11-21 09:53:08', '2025-11-21 09:53:08'),
(311, 'البرواقية', 'Berrouaghia', 26, '2025-11-21 09:53:08', '2025-11-21 09:53:08'),
(312, 'سغوان', 'Seghouane', 26, '2025-11-21 09:53:08', '2025-11-21 09:53:08'),
(313, 'تابلاط', 'Tablat', 26, '2025-11-21 09:53:08', '2025-11-21 09:53:08'),
(314, 'المدية', 'Medea', 26, '2025-11-21 09:53:08', '2025-11-21 09:53:08'),
(315, 'وزرة', 'Ouzera', 26, '2025-11-21 09:53:08', '2025-11-21 09:53:08'),
(316, 'عين بوسيف', 'Ain Boucif', 26, '2025-11-21 09:53:08', '2025-11-21 09:53:08'),
(317, 'العمارية', 'El Omaria', 26, '2025-11-21 09:53:08', '2025-11-21 09:53:08'),
(318, 'القلب الكبير', 'Guelb El Kebir', 26, '2025-11-21 09:53:08', '2025-11-21 09:53:08'),
(319, 'شلالة العذاورة', 'Chellalat El Adhaoura', 26, '2025-11-21 09:53:08', '2025-11-21 09:53:08'),
(320, 'سيدي نعمان', 'Sidi Naamane', 26, '2025-11-21 09:53:08', '2025-11-21 09:53:08'),
(321, 'عزيز', 'Aziz', 26, '2025-11-21 09:53:08', '2025-11-21 09:53:08'),
(322, 'عين نويسي', 'Ain Nouicy', 27, '2025-11-21 09:53:08', '2025-11-21 09:53:08'),
(323, 'عين تادلس', 'Ain Tedeles', 27, '2025-11-21 09:53:08', '2025-11-21 09:53:08'),
(324, 'حاسي ماماش', 'Hassi Mameche', 27, '2025-11-21 09:53:08', '2025-11-21 09:53:08'),
(325, 'خير الدين', 'Kheir Eddine', 27, '2025-11-21 09:53:08', '2025-11-21 09:53:08'),
(326, 'سيدي علي', 'Sidi Ali', 27, '2025-11-21 09:53:08', '2025-11-21 09:53:08'),
(327, 'سيدي لخضر', 'Sidi Lakhdar', 27, '2025-11-21 09:53:08', '2025-11-21 09:53:08'),
(328, 'مستغانم', 'Mostaganem', 27, '2025-11-21 09:53:08', '2025-11-21 09:53:08'),
(329, 'عشعاشة', 'Achaacha', 27, '2025-11-21 09:53:08', '2025-11-21 09:53:08'),
(330, 'بوقيراط', 'Bouguirat', 27, '2025-11-21 09:53:09', '2025-11-21 09:53:09'),
(331, 'ماسرة', 'Mesra', 27, '2025-11-21 09:53:09', '2025-11-21 09:53:09'),
(332, 'شلال', 'Chellal', 28, '2025-11-21 09:53:09', '2025-11-21 09:53:09'),
(333, 'مقرة', 'Magra', 28, '2025-11-21 09:53:09', '2025-11-21 09:53:09'),
(334, 'سيدي عيسى', 'Sidi Aissa', 28, '2025-11-21 09:53:09', '2025-11-21 09:53:09'),
(335, 'عين الحجل', 'Ain El Hadjel', 28, '2025-11-21 09:53:09', '2025-11-21 09:53:09'),
(336, 'بوسعادة', 'Bousaada', 28, '2025-11-21 09:53:09', '2025-11-21 09:53:09'),
(337, 'أولاد سيدي ابراهيم', 'Ouled Sidi Brahim', 28, '2025-11-21 09:53:09', '2025-11-21 09:53:09'),
(338, 'سيدي عامر', 'Sidi Ameur', 28, '2025-11-21 09:53:09', '2025-11-21 09:53:09'),
(339, 'بن سرور', 'Ben Srour', 28, '2025-11-21 09:53:09', '2025-11-21 09:53:09'),
(340, 'عين الملح', 'Ain El Melh', 28, '2025-11-21 09:53:09', '2025-11-21 09:53:09'),
(341, 'امجدل', 'Medjedel', 28, '2025-11-21 09:53:09', '2025-11-21 09:53:09'),
(342, 'جبل مساعد', 'Djebel Messaad', 28, '2025-11-21 09:53:09', '2025-11-21 09:53:09'),
(343, 'المسيلة', 'M\'sila', 28, '2025-11-21 09:53:09', '2025-11-21 09:53:09'),
(344, 'حمام الضلعة', 'Hammam Dalaa', 28, '2025-11-21 09:53:09', '2025-11-21 09:53:09'),
(345, 'أولاد دراج', 'Ouled Derradj', 28, '2025-11-21 09:53:09', '2025-11-21 09:53:09'),
(346, 'خبانة', 'Khoubana', 28, '2025-11-21 09:53:09', '2025-11-21 09:53:09'),
(347, 'وادي الأبطال', 'Oued El Abtal', 29, '2025-11-21 09:53:09', '2025-11-21 09:53:09'),
(348, 'المحمدية', 'Mohammadia', 29, '2025-11-21 09:53:09', '2025-11-21 09:53:09'),
(349, 'تيغنيف', 'Tighennif', 29, '2025-11-21 09:53:09', '2025-11-21 09:53:09'),
(350, 'زهانة', 'Zahana', 29, '2025-11-21 09:53:09', '2025-11-21 09:53:09'),
(351, 'عقاز', 'Oggaz', 29, '2025-11-21 09:53:09', '2025-11-21 09:53:09'),
(352, 'سيق', 'Sig', 29, '2025-11-21 09:53:09', '2025-11-21 09:53:09'),
(353, 'عين فارس', 'Ain Fares', 29, '2025-11-21 09:53:09', '2025-11-21 09:53:09'),
(354, 'بوحنيفية', 'Bouhanifia', 29, '2025-11-21 09:53:09', '2025-11-21 09:53:09'),
(355, 'عوف', 'Aouf', 29, '2025-11-21 09:53:09', '2025-11-21 09:53:09'),
(356, 'وادي التاغية', 'Oued Taria', 29, '2025-11-21 09:53:09', '2025-11-21 09:53:09'),
(357, 'عين فكان', 'Ain Fekan', 29, '2025-11-21 09:53:09', '2025-11-21 09:53:09'),
(358, 'البرج', 'El Bordj', 29, '2025-11-21 09:53:09', '2025-11-21 09:53:09'),
(359, 'غريس', 'Ghriss', 29, '2025-11-21 09:53:09', '2025-11-21 09:53:09'),
(360, 'معسكر', 'Mascara', 29, '2025-11-21 09:53:09', '2025-11-21 09:53:09'),
(361, 'تيزي', 'Tizi', 29, '2025-11-21 09:53:09', '2025-11-21 09:53:09'),
(362, 'الحشم', 'Hachem', 29, '2025-11-21 09:53:09', '2025-11-21 09:53:09'),
(363, 'ورقلة', 'Ouargla', 30, '2025-11-21 09:53:09', '2025-11-21 09:53:09'),
(364, 'حاسي مسعود', 'Hassi Messaoud', 30, '2025-11-21 09:53:09', '2025-11-21 09:53:09'),
(365, 'سيدي خويلد', 'Sidi Khouiled', 30, '2025-11-21 09:53:09', '2025-11-21 09:53:09'),
(366, 'البرمة', 'El Borma', 30, '2025-11-21 09:53:09', '2025-11-21 09:53:09'),
(367, 'انقوسة', 'N\'goussa', 30, '2025-11-21 09:53:09', '2025-11-21 09:53:09'),
(368, 'السانية', 'Es Senia', 31, '2025-11-21 09:53:09', '2025-11-21 09:53:09'),
(369, 'قديل', 'Gdyel', 31, '2025-11-21 09:53:09', '2025-11-21 09:53:09'),
(370, 'بئر الجير', 'Bir El Djir', 31, '2025-11-21 09:53:09', '2025-11-21 09:53:09'),
(371, 'أرزيو', 'Arzew', 31, '2025-11-21 09:53:09', '2025-11-21 09:53:09'),
(372, 'بطيوة', 'Bethioua', 31, '2025-11-21 09:53:09', '2025-11-21 09:53:09'),
(373, 'عين الترك', 'Ain Turk', 31, '2025-11-21 09:53:09', '2025-11-21 09:53:09'),
(374, 'وهران', 'Oran', 31, '2025-11-21 09:53:09', '2025-11-21 09:53:09'),
(375, 'وادي تليلات', 'Oued Tlelat', 31, '2025-11-21 09:53:09', '2025-11-21 09:53:09'),
(376, 'بوتليليس', 'Boutlelis', 31, '2025-11-21 09:53:09', '2025-11-21 09:53:09'),
(377, 'الأبيض سيدي الشيخ', 'Labiodh Sidi Cheikh', 32, '2025-11-21 09:53:09', '2025-11-21 09:53:09'),
(378, 'بريزينة', 'Brezina', 32, '2025-11-21 09:53:09', '2025-11-21 09:53:09'),
(379, 'بوعلام', 'Boualem', 32, '2025-11-21 09:53:09', '2025-11-21 09:53:09'),
(380, 'بوقطب', 'Bougtoub', 32, '2025-11-21 09:53:09', '2025-11-21 09:53:09'),
(381, 'البيض', 'El Bayadh', 32, '2025-11-21 09:53:10', '2025-11-21 09:53:10'),
(382, 'رقاصة', 'Rogassa', 32, '2025-11-21 09:53:10', '2025-11-21 09:53:10'),
(383, 'شلالة', 'Chellala', 32, '2025-11-21 09:53:10', '2025-11-21 09:53:10'),
(384, 'بوسمغون', 'Boussemghoun', 32, '2025-11-21 09:53:10', '2025-11-21 09:53:10'),
(385, 'إن أمناس', 'In Amenas', 33, '2025-11-21 09:53:10', '2025-11-21 09:53:10'),
(386, 'إيليزي', 'Illizi', 33, '2025-11-21 09:53:10', '2025-11-21 09:53:10'),
(387, 'الحمادية', 'El Hamadia', 34, '2025-11-21 09:53:10', '2025-11-21 09:53:10'),
(388, 'المنصورة', 'Mansourah', 34, '2025-11-21 09:53:10', '2025-11-21 09:53:10'),
(389, 'عين تاغروت', 'Ain Taghrout', 34, '2025-11-21 09:53:10', '2025-11-21 09:53:10'),
(390, 'برج الغدير', 'Bordj Ghedir', 34, '2025-11-21 09:53:10', '2025-11-21 09:53:10'),
(391, 'بئر قاصد علي', 'Bir Kasdali', 34, '2025-11-21 09:53:10', '2025-11-21 09:53:10'),
(392, 'جعافرة', 'Djaafra', 34, '2025-11-21 09:53:10', '2025-11-21 09:53:10'),
(393, 'مجانة', 'Medjana', 34, '2025-11-21 09:53:10', '2025-11-21 09:53:10'),
(394, 'رأس الوادي', 'Ras El Oued', 34, '2025-11-21 09:53:10', '2025-11-21 09:53:10'),
(395, 'برج زمورة', 'Bordj Zemmoura', 34, '2025-11-21 09:53:10', '2025-11-21 09:53:10'),
(396, 'برج بوعريريج', 'Bordj Bou Arreridj', 34, '2025-11-21 09:53:10', '2025-11-21 09:53:10'),
(397, 'بودواو', 'Boudouaou', 35, '2025-11-21 09:53:10', '2025-11-21 09:53:10'),
(398, 'دلس', 'Dellys', 35, '2025-11-21 09:53:10', '2025-11-21 09:53:10'),
(399, 'الثنية', 'Thenia', 35, '2025-11-21 09:53:10', '2025-11-21 09:53:10'),
(400, 'خميس الخشنة', 'Khemis El Khechna', 35, '2025-11-21 09:53:10', '2025-11-21 09:53:10'),
(401, 'يسر', 'Isser', 35, '2025-11-21 09:53:10', '2025-11-21 09:53:10'),
(402, 'برج منايل', 'Bordj Menaiel', 35, '2025-11-21 09:53:10', '2025-11-21 09:53:10'),
(403, 'الناصرية', 'Naciria', 35, '2025-11-21 09:53:10', '2025-11-21 09:53:10'),
(404, 'بغلية', 'Baghlia', 35, '2025-11-21 09:53:10', '2025-11-21 09:53:10'),
(405, 'بومرداس', 'Boumerdes', 35, '2025-11-21 09:53:10', '2025-11-21 09:53:10'),
(406, 'الطارف', 'El Tarf', 36, '2025-11-21 09:53:10', '2025-11-21 09:53:10'),
(407, 'البسباس', 'Besbes', 36, '2025-11-21 09:53:10', '2025-11-21 09:53:10'),
(408, 'بوحجار', 'Bouhadjar', 36, '2025-11-21 09:53:10', '2025-11-21 09:53:10'),
(409, 'بن مهيدي', 'Ben M\'hidi', 36, '2025-11-21 09:53:10', '2025-11-21 09:53:10'),
(410, 'الذرعان', 'Drean', 36, '2025-11-21 09:53:10', '2025-11-21 09:53:10'),
(411, 'القالة', 'El Kala', 36, '2025-11-21 09:53:10', '2025-11-21 09:53:10'),
(412, 'بوثلجة', 'Bouteldja', 36, '2025-11-21 09:53:10', '2025-11-21 09:53:10'),
(413, 'تندوف', 'Tindouf', 37, '2025-11-21 09:53:10', '2025-11-21 09:53:10'),
(414, 'خميستي', 'Khemisti', 38, '2025-11-21 09:53:10', '2025-11-21 09:53:10'),
(415, 'ثنية الاحد', 'Theniet El Had', 38, '2025-11-21 09:53:10', '2025-11-21 09:53:10'),
(416, 'تيسمسيلت', 'Tissemsilt', 38, '2025-11-21 09:53:10', '2025-11-21 09:53:10'),
(417, 'لرجام', 'Lardjem', 38, '2025-11-21 09:53:10', '2025-11-21 09:53:10'),
(418, 'برج بونعامة', 'Bordj Bounaama', 38, '2025-11-21 09:53:10', '2025-11-21 09:53:10'),
(419, 'عماري', 'Ammari', 38, '2025-11-21 09:53:10', '2025-11-21 09:53:10'),
(420, 'الأزهرية', 'Lazharia', 38, '2025-11-21 09:53:10', '2025-11-21 09:53:10'),
(421, 'برج الأمير عبد القادر', 'Bordj Emir Abdelkader', 38, '2025-11-21 09:53:10', '2025-11-21 09:53:10'),
(422, 'الطالب العربي', 'Taleb Larbi', 39, '2025-11-21 09:53:10', '2025-11-21 09:53:10'),
(423, 'الرباح', 'Robbah', 39, '2025-11-21 09:53:10', '2025-11-21 09:53:10'),
(424, 'المقرن', 'Magrane', 39, '2025-11-21 09:53:10', '2025-11-21 09:53:10'),
(425, 'اميه وانسة', 'Mih Ouensa', 39, '2025-11-21 09:53:10', '2025-11-21 09:53:10'),
(426, 'الوادي', 'El Oued', 39, '2025-11-21 09:53:10', '2025-11-21 09:53:10'),
(427, 'البياضة', 'Bayadha', 39, '2025-11-21 09:53:10', '2025-11-21 09:53:10'),
(428, 'قمار', 'Guemar', 39, '2025-11-21 09:53:11', '2025-11-21 09:53:11'),
(429, 'الرقيبة', 'Reguiba', 39, '2025-11-21 09:53:11', '2025-11-21 09:53:11'),
(430, 'الدبيلة', 'Debila', 39, '2025-11-21 09:53:11', '2025-11-21 09:53:11'),
(431, 'حاسي خليفة', 'Hassi Khalifa', 39, '2025-11-21 09:53:11', '2025-11-21 09:53:11'),
(432, 'ششار', 'Chechar', 40, '2025-11-21 09:53:11', '2025-11-21 09:53:11'),
(433, 'بابار', 'Babar', 40, '2025-11-21 09:53:11', '2025-11-21 09:53:11'),
(434, 'أولاد رشاش', 'Ouled Rechache', 40, '2025-11-21 09:53:11', '2025-11-21 09:53:11'),
(435, 'بوحمامة', 'Bouhmama', 40, '2025-11-21 09:53:11', '2025-11-21 09:53:11'),
(436, 'خنشلة', 'Khenchela', 40, '2025-11-21 09:53:11', '2025-11-21 09:53:11'),
(437, 'قايس', 'Kais', 40, '2025-11-21 09:53:11', '2025-11-21 09:53:11'),
(438, 'الحامة', 'El Hamma', 40, '2025-11-21 09:53:11', '2025-11-21 09:53:11'),
(439, 'عين الطويلة', 'Ain Touila', 40, '2025-11-21 09:53:11', '2025-11-21 09:53:11'),
(440, 'سوق أهراس', 'Souk Ahras', 41, '2025-11-21 09:53:11', '2025-11-21 09:53:11'),
(441, 'سدراتة', 'Sedrata', 41, '2025-11-21 09:53:11', '2025-11-21 09:53:11'),
(442, 'المشروحة', 'Mechroha', 41, '2025-11-21 09:53:11', '2025-11-21 09:53:11'),
(443, 'أولاد إدريس', 'Ouled Driss', 41, '2025-11-21 09:53:11', '2025-11-21 09:53:11'),
(444, 'أم العظايم', 'Oum El Adhaim', 41, '2025-11-21 09:53:11', '2025-11-21 09:53:11'),
(445, 'مداوروش', 'M\'daourouche', 41, '2025-11-21 09:53:11', '2025-11-21 09:53:11'),
(446, 'تاورة', 'Taoura', 41, '2025-11-21 09:53:11', '2025-11-21 09:53:11'),
(447, 'الحدادة', 'Haddada', 41, '2025-11-21 09:53:11', '2025-11-21 09:53:11'),
(448, 'المراهنة', 'Merahna', 41, '2025-11-21 09:53:11', '2025-11-21 09:53:11'),
(449, 'بئر بوحوش', 'Bir Bouhouche', 41, '2025-11-21 09:53:11', '2025-11-21 09:53:11'),
(450, 'حجوط', 'Hadjout', 42, '2025-11-21 09:53:11', '2025-11-21 09:53:11'),
(451, 'سيدي أعمر', 'Sidi Amar', 42, '2025-11-21 09:53:11', '2025-11-21 09:53:11'),
(452, 'قوراية', 'Gouraya', 42, '2025-11-21 09:53:11', '2025-11-21 09:53:11'),
(453, 'شرشال', 'Cherchell', 42, '2025-11-21 09:53:11', '2025-11-21 09:53:11'),
(454, 'الداموس', 'Damous', 42, '2025-11-21 09:53:11', '2025-11-21 09:53:11'),
(455, 'فوكة', 'Fouka', 42, '2025-11-21 09:53:11', '2025-11-21 09:53:11'),
(456, 'بواسماعيل', 'Bou Ismail', 42, '2025-11-21 09:53:11', '2025-11-21 09:53:11'),
(457, 'أحمر العين', 'Ahmar El Ain', 42, '2025-11-21 09:53:11', '2025-11-21 09:53:11'),
(458, 'القليعة', 'Kolea', 42, '2025-11-21 09:53:11', '2025-11-21 09:53:11'),
(459, 'تيبازة', 'Tipaza', 42, '2025-11-21 09:53:11', '2025-11-21 09:53:11'),
(460, 'التلاغمة', 'Teleghma', 43, '2025-11-21 09:53:11', '2025-11-21 09:53:11'),
(461, 'عين البيضاء أحريش', 'Ain Beida Harriche', 43, '2025-11-21 09:53:11', '2025-11-21 09:53:11'),
(462, 'ترعي باينان', 'Terrai Bainen', 43, '2025-11-21 09:53:11', '2025-11-21 09:53:11'),
(463, 'تسدان حدادة', 'Tassadane Haddada', 43, '2025-11-21 09:53:11', '2025-11-21 09:53:11'),
(464, 'سيدي مروان', 'Sidi Merouane', 43, '2025-11-21 09:53:11', '2025-11-21 09:53:11'),
(465, 'القرارم قوقة', 'Grarem Gouga', 43, '2025-11-21 09:53:11', '2025-11-21 09:53:11'),
(466, 'الرواشد', 'Rouached', 43, '2025-11-21 09:53:11', '2025-11-21 09:53:11'),
(467, 'بوحاتم', 'Bouhatem', 43, '2025-11-21 09:53:11', '2025-11-21 09:53:11'),
(468, 'وادي النجاء', 'Oued Endja', 43, '2025-11-21 09:53:11', '2025-11-21 09:53:11'),
(469, 'تاجنانت', 'Tadjenanet', 43, '2025-11-21 09:53:11', '2025-11-21 09:53:11'),
(470, 'شلغوم العيد', 'Chelghoum Laid', 43, '2025-11-21 09:53:11', '2025-11-21 09:53:11'),
(471, 'ميلة', 'Mila', 43, '2025-11-21 09:53:11', '2025-11-21 09:53:11'),
(472, 'فرجيوة', 'Ferdjioua', 43, '2025-11-21 09:53:11', '2025-11-21 09:53:11'),
(473, 'خميس', 'Khemis', 44, '2025-11-21 09:53:11', '2025-11-21 09:53:11'),
(474, 'حمام ريغة', 'Hammam Righa', 44, '2025-11-21 09:53:11', '2025-11-21 09:53:11'),
(475, 'جليدة', 'Djelida', 44, '2025-11-21 09:53:11', '2025-11-21 09:53:11'),
(476, 'بومدفع', 'Boumedfaa', 44, '2025-11-21 09:53:11', '2025-11-21 09:53:11'),
(477, 'العامرة', 'El Amra', 44, '2025-11-21 09:53:11', '2025-11-21 09:53:11'),
(478, 'العطاف', 'El Attaf', 44, '2025-11-21 09:53:11', '2025-11-21 09:53:11'),
(479, 'العبادية', 'El Abadia', 44, '2025-11-21 09:53:11', '2025-11-21 09:53:11'),
(480, 'جندل', 'Djendel', 44, '2025-11-21 09:53:11', '2025-11-21 09:53:11'),
(481, 'مليانة', 'Miliana', 44, '2025-11-21 09:53:11', '2025-11-21 09:53:11'),
(482, 'عين الاشياخ', 'Ain Lechiakh', 44, '2025-11-21 09:53:11', '2025-11-21 09:53:11'),
(483, 'الروينة', 'Rouina', 44, '2025-11-21 09:53:11', '2025-11-21 09:53:11'),
(484, 'برج الأمير خالد', 'Bordj El Emir Khaled', 44, '2025-11-21 09:53:11', '2025-11-21 09:53:11'),
(485, 'بطحية', 'Bathia', 44, '2025-11-21 09:53:11', '2025-11-21 09:53:11'),
(486, 'عين الدفلى', 'Ain Defla', 44, '2025-11-21 09:53:11', '2025-11-21 09:53:11'),
(487, 'عين الصفراء', 'Ain Sefra', 45, '2025-11-21 09:53:12', '2025-11-21 09:53:12'),
(488, 'مغرار', 'Moghrar', 45, '2025-11-21 09:53:12', '2025-11-21 09:53:12'),
(489, 'عسلة', 'Asla', 45, '2025-11-21 09:53:12', '2025-11-21 09:53:12'),
(490, 'مكمن بن عمار', 'Mekmen Ben Amar', 45, '2025-11-21 09:53:12', '2025-11-21 09:53:12'),
(491, 'المشرية', 'Mecheria', 45, '2025-11-21 09:53:12', '2025-11-21 09:53:12'),
(492, 'النعامة', 'Naama', 45, '2025-11-21 09:53:12', '2025-11-21 09:53:12'),
(493, 'سفيسيفة', 'Sfissifa', 45, '2025-11-21 09:53:12', '2025-11-21 09:53:12'),
(494, 'عين الأربعاء', 'Ain Larbaa', 46, '2025-11-21 09:53:12', '2025-11-21 09:53:12'),
(495, 'المالح', 'El Maleh', 46, '2025-11-21 09:53:12', '2025-11-21 09:53:12'),
(496, 'حمام بوحجر', 'Hammam Bou Hadjar', 46, '2025-11-21 09:53:12', '2025-11-21 09:53:12'),
(497, 'العامرية', 'El Amria', 46, '2025-11-21 09:53:12', '2025-11-21 09:53:12'),
(498, 'عين الكيحل', 'Ain Kihel', 46, '2025-11-21 09:53:12', '2025-11-21 09:53:12'),
(499, 'بني صاف', 'Beni Saf', 46, '2025-11-21 09:53:12', '2025-11-21 09:53:12'),
(500, 'ولهاصة الغرابة', 'Oulhassa Gheraba', 46, '2025-11-21 09:53:12', '2025-11-21 09:53:12'),
(501, 'عين تموشنت', 'Ain Temouchent', 46, '2025-11-21 09:53:12', '2025-11-21 09:53:12'),
(502, 'ضاية بن ضحوة', 'Dhayet Ben Dhahoua', 47, '2025-11-21 09:53:12', '2025-11-21 09:53:12'),
(503, 'المنصورة', 'Mansourah', 47, '2025-11-21 09:53:12', '2025-11-21 09:53:12'),
(504, 'بونورة', 'Bounoura', 47, '2025-11-21 09:53:12', '2025-11-21 09:53:12'),
(505, 'زلفانة', 'Zelfana', 47, '2025-11-21 09:53:12', '2025-11-21 09:53:12'),
(506, 'القرارة', 'El Guerrara', 47, '2025-11-21 09:53:12', '2025-11-21 09:53:12'),
(507, 'متليلي', 'Metlili', 47, '2025-11-21 09:53:12', '2025-11-21 09:53:12'),
(508, 'بريان', 'Berriane', 47, '2025-11-21 09:53:12', '2025-11-21 09:53:12'),
(509, 'غرداية', 'Ghardaia', 47, '2025-11-21 09:53:12', '2025-11-21 09:53:12'),
(510, 'مازونة', 'Mazouna', 48, '2025-11-21 09:53:12', '2025-11-21 09:53:12'),
(511, 'عمي موسى', 'Ammi Moussa', 48, '2025-11-21 09:53:12', '2025-11-21 09:53:12'),
(512, 'زمورة', 'Zemmoura', 48, '2025-11-21 09:53:12', '2025-11-21 09:53:12'),
(513, 'جديوية', 'Djidiouia', 48, '2025-11-21 09:53:12', '2025-11-21 09:53:12'),
(514, 'المطمر', 'El Matmar', 48, '2025-11-21 09:53:12', '2025-11-21 09:53:12'),
(515, 'عين طارق', 'Ain Tarek', 48, '2025-11-21 09:53:12', '2025-11-21 09:53:12'),
(516, 'يلل', 'Yellel', 48, '2025-11-21 09:53:12', '2025-11-21 09:53:12'),
(517, 'الرمكة', 'Ramka', 48, '2025-11-21 09:53:12', '2025-11-21 09:53:12'),
(518, 'منداس', 'Mendes', 48, '2025-11-21 09:53:12', '2025-11-21 09:53:12'),
(519, 'وادي رهيو', 'Oued Rhiou', 48, '2025-11-21 09:53:12', '2025-11-21 09:53:12'),
(520, 'غليزان', 'Relizane', 48, '2025-11-21 09:53:12', '2025-11-21 09:53:12'),
(521, 'سيدي أمحمد بن علي', 'Sidi M\'hamed Ben Ali', 48, '2025-11-21 09:53:12', '2025-11-21 09:53:12'),
(522, 'الحمادنة', 'El H\'madna', 48, '2025-11-21 09:53:12', '2025-11-21 09:53:12'),
(523, 'تنركوك', 'Tinerkouk', 49, '2025-11-21 09:53:12', '2025-11-21 09:53:12'),
(524, 'تيميمون', 'Timimoun', 49, '2025-11-21 09:53:12', '2025-11-21 09:53:12'),
(525, 'أوقروت', 'Aougrout', 49, '2025-11-21 09:53:12', '2025-11-21 09:53:12'),
(526, 'شروين', 'Charouine', 49, '2025-11-21 09:53:12', '2025-11-21 09:53:12'),
(527, 'برج باجي مختار', 'Bordj Badji Mokhtar', 50, '2025-11-21 09:53:12', '2025-11-21 09:53:12'),
(528, 'سيدي  خالد', 'Sidi Khaled', 51, '2025-11-21 09:53:12', '2025-11-21 09:53:12'),
(529, 'أولاد جلال', 'Ouled Djellal', 51, '2025-11-21 09:53:12', '2025-11-21 09:53:12'),
(530, 'بني عباس', 'Beni Abbes', 52, '2025-11-21 09:53:12', '2025-11-21 09:53:12'),
(531, 'إقلي', 'Igli', 52, '2025-11-21 09:53:12', '2025-11-21 09:53:12'),
(532, 'الواتة', 'El Ouata', 52, '2025-11-21 09:53:12', '2025-11-21 09:53:12'),
(533, 'أولاد خضير', 'Ouled Khodeir', 52, '2025-11-21 09:53:12', '2025-11-21 09:53:12'),
(534, 'كرزاز', 'Kerzaz', 52, '2025-11-21 09:53:12', '2025-11-21 09:53:12'),
(535, 'إينغر', 'In Ghar', 53, '2025-11-21 09:53:12', '2025-11-21 09:53:12'),
(536, 'عين صالح', 'In Salah', 53, '2025-11-21 09:53:12', '2025-11-21 09:53:12'),
(537, 'تين زواتين', 'Tin Zouatine', 54, '2025-11-21 09:53:12', '2025-11-21 09:53:12'),
(538, 'عين قزام', 'In Guezzam', 54, '2025-11-21 09:53:12', '2025-11-21 09:53:12'),
(539, 'تماسين', 'Temacine', 55, '2025-11-21 09:53:12', '2025-11-21 09:53:12'),
(540, 'المقارين', 'Megarine', 55, '2025-11-21 09:53:12', '2025-11-21 09:53:12'),
(541, 'تقرت', 'Touggourt', 55, '2025-11-21 09:53:12', '2025-11-21 09:53:12'),
(542, 'الطيبات', 'Taibet', 55, '2025-11-21 09:53:12', '2025-11-21 09:53:12'),
(543, 'الحجيرة', 'El-Hadjira', 55, '2025-11-21 09:53:12', '2025-11-21 09:53:12'),
(544, 'جانت', 'Djanet', 56, '2025-11-21 09:53:13', '2025-11-21 09:53:13'),
(545, 'المغير', 'El Meghaier', 57, '2025-11-21 09:53:13', '2025-11-21 09:53:13'),
(546, 'جامعة', 'Djamaa', 57, '2025-11-21 09:53:13', '2025-11-21 09:53:13'),
(547, 'المنيعة', 'El Menia', 58, '2025-11-21 09:53:13', '2025-11-21 09:53:13'),
(548, 'المنصورة', 'Mansourah', 58, '2025-11-21 09:53:13', '2025-11-21 09:53:13');

-- [19] Table: organisation (dépend de: typeorganisation)
INSERT INTO `organisation` (`id_organisation`, `nom`, `id_type_organisation`, `description`, `site_web`) VALUES
(1, '{\"ar\": \"\", \"en\": \"\", \"fr\": \"maison de la culture de batna\", \"tz-ltn\": \"\", \"tz-tfng\": \"\"}', 4, '{\"ar\": \"\", \"en\": \"\", \"fr\": \"culture\", \"tz-ltn\": \"\", \"tz-tfng\": \"\"}', NULL),
(2, '{\"ar\": \"\", \"en\": \"\", \"fr\": \"maison de la culture de batna\", \"tz-ltn\": \"\", \"tz-tfng\": \"\"}', 4, '{\"ar\": \"\", \"en\": \"\", \"fr\": \"Culture\", \"tz-ltn\": \"\", \"tz-tfng\": \"\"}', NULL);

-- [20] Table: user (dépend de: type_user, wilayas)
INSERT INTO `user` (`id_user`, `nom`, `prenom`, `email`, `password`, `id_type_user`, `date_naissance`, `sexe`, `telephone`, `photo_url`, `biographie`, `wilaya_residence`, `adresse`, `statut`, `date_validation`, `id_user_validate`, `accepte_newsletter`, `accepte_conditions`, `langue_preferee`, `theme_prefere`, `derniere_connexion`, `ip_inscription`, `nombre_oeuvres`, `nombre_evenements`, `nombre_favoris`, `nombre_commentaires`, `score_reputation`, `email_verifie`, `telephone_verifie`, `double_authentification`, `profil_public`, `email_public`, `telephone_public`, `entreprise`, `siret`, `specialites`, `site_web`, `reseaux_sociaux`, `certifications`, `documents_fournis`, `raison_rejet`, `notifications_email`, `notifications_push`, `notifications_newsletter`, `notifications_commentaires`, `notifications_favoris`, `notifications_evenements`, `date_creation`, `date_modification`, `password_changed_at`) VALUES
(8, '{\"ar\": \"\", \"fr\": \"Admin\"}', '{\"ar\": \"\", \"fr\": \"System\"}', 'admin@actionculture.dz', '$2b$10$4VyNiCXKZcC8FIcDK50p4ezzGw9hRLlDAm.bbfc03G4KFwW1XrwxK', 29, '1980-01-01', NULL, '0555000001', NULL, '{\"fr\": \"\"}', 16, NULL, 'actif', NULL, NULL, 0, 1, 'fr', 'auto', '2026-03-02 00:02:03', NULL, 0, 0, 0, 0, 0, 0, 0, 0, 1, 0, 0, NULL, NULL, '[]', NULL, '{}', '[]', '[]', NULL, 1, 1, 1, 1, 1, 1, '2025-11-21 13:48:14', '2026-03-02 00:02:03', NULL),
(9, '{\"ar\": \"\", \"fr\": \"Benali\"}', '{\"ar\": \"\", \"fr\": \"Mohamed\"}', 'm.benali@test.dz', '$2b$10$jTXUU4WjrQhoZpccuWnIYuyxHuT7X/hajY9fJtF4vEBv7/uCVd3uG', 14, '1985-05-15', NULL, '0555000002', NULL, '{\"fr\": \"\"}', 16, NULL, 'actif', '2025-12-07 22:42:47', 8, 0, 1, 'fr', 'auto', NULL, NULL, 0, 0, 0, 0, 0, 0, 0, 0, 1, 0, 0, NULL, NULL, '[]', NULL, '{}', '[]', '[]', NULL, 1, 1, 1, 1, 1, 1, '2025-11-21 13:48:14', '2025-12-07 22:42:47', NULL),
(10, '{\"ar\": \"\", \"fr\": \"Saidi\"}', '{\"ar\": \"\", \"fr\": \"Fatima\"}', 'f.saidi@test.com', '$2b$10$pdaZ2qN0GiYhOsRgLTwwYOhVTmTywJrYK8BzCRTbM/kP/xlwMUhNu', 1, '1990-03-20', NULL, '0555000003', NULL, '{\"fr\": \"\"}', 31, NULL, 'actif', NULL, NULL, 0, 1, 'fr', 'auto', NULL, NULL, 0, 0, 0, 0, 0, 0, 0, 0, 1, 0, 0, NULL, NULL, '[]', NULL, '{}', '[]', '[]', NULL, 1, 1, 1, 1, 1, 1, '2025-11-21 13:48:14', '2025-11-21 13:48:14', NULL),
(11, '{\"ar\": \"\", \"fr\": \"Khedda\"}', '{\"ar\": \"\", \"fr\": \"Amina\"}', 'a.khedda@musee.dz', '$2b$10$RFScEDIvt6w8.kqaoWEsCuDe.HmqLtYwWcxs/C1V07B1CrwHy.5N6', 6, '1988-07-10', NULL, '0555000004', NULL, '{\"fr\": \"\"}', 31, NULL, 'actif', '2025-12-07 22:31:26', 8, 0, 1, 'fr', 'auto', NULL, NULL, 0, 0, 0, 0, 0, 0, 0, 0, 1, 0, 0, NULL, NULL, '[]', NULL, '{}', '[]', '[]', NULL, 1, 1, 1, 1, 1, 1, '2025-11-21 13:48:14', '2025-12-07 22:31:26', NULL),
(12, '{\"ar\": \"\", \"fr\": \"Mammeri\"}', '{\"ar\": \"\", \"fr\": \"Karim\"}', 'k.mammeri@cinema.dz', '$2b$10$mpyPDOtoj9/9x8bWcwjE/u8IQFhJVZ1IGqbfRORp2qU7vgO0mGKNq', 8, '1983-11-22', NULL, '0555000005', NULL, '{\"fr\": \"\"}', 16, NULL, 'actif', '2025-12-07 22:23:23', 8, 0, 1, 'fr', 'auto', NULL, NULL, 0, 0, 0, 0, 0, 0, 0, 0, 1, 0, 0, NULL, NULL, '[]', NULL, '{}', '[]', '[]', NULL, 1, 1, 1, 1, 1, 1, '2025-11-21 13:48:14', '2025-12-07 22:23:23', NULL),
(13, '{\"ar\": \"\", \"fr\": \"Boudiaf\"}', '{\"ar\": \"\", \"fr\": \"Sarah\"}', 's.boudiaf@music.dz', '$2b$10$YRgIeyKRyEN4.SfxnRghqe3aV.wjrdJS7p1eY7adaASdxQYw0FUX2', 22, '1992-04-15', NULL, '0555000006', NULL, '{\"fr\": \"\"}', 25, NULL, 'actif', '2025-12-07 22:06:27', 8, 0, 1, 'fr', 'auto', NULL, NULL, 0, 0, 0, 0, 0, 0, 0, 0, 1, 0, 0, NULL, NULL, '[]', NULL, '{}', '[]', '[]', NULL, 1, 1, 1, 1, 1, 1, '2025-11-21 13:48:14', '2025-12-07 22:06:27', NULL),
(14, '{\"ar\": \"\", \"fr\": \"Ziani\"}', '{\"ar\": \"\", \"fr\": \"Ahmed\"}', 'a.ziani@journal.dz', '$2b$10$DL92Bwqvdyl0nqM9pVs4aetGZOHScEUBC22hoq7q5lNXiRpkU3tVS', 3, '1987-09-30', NULL, '0555000007', NULL, '{\"fr\": \"\"}', 16, NULL, 'actif', '2025-12-07 23:14:50', 8, 0, 1, 'fr', 'auto', NULL, NULL, 0, 0, 0, 0, 0, 0, 0, 0, 1, 0, 0, NULL, NULL, '[]', NULL, '{}', '[]', '[]', NULL, 1, 1, 1, 1, 1, 1, '2025-11-21 13:48:14', '2025-12-07 23:14:50', NULL),
(15, '{\"ar\": \"\", \"fr\": \"GUERFI\"}', '{\"ar\": \"\", \"fr\": \"Souhila\"}', 'sguerfi12@yahoo.fr', '$2b$12$saQSVHBu/jUQSDRZUigGoePX8SQLVfjOg/HJC0Q1lBlxR0g7HbOoy', 1, NULL, NULL, NULL, NULL, '{\"fr\": \"\"}', NULL, NULL, 'en_attente_validation', NULL, NULL, 0, 1, 'fr', 'auto', '2026-01-19 19:00:32', '127.0.0.1', 0, 0, 0, 0, 0, 0, 0, 0, 1, 0, 0, NULL, NULL, '[]', NULL, '{}', '[]', '[]', NULL, 1, 1, 1, 1, 1, 1, '2025-11-26 12:41:50', '2026-01-19 19:00:32', NULL),
(16, '{\"ar\": \"\", \"fr\": \"GUERFI\"}', '{\"ar\": \"\", \"fr\": \"Hamida\"}', 'h.guerfi@yahoo.fr', '$2b$12$pQO0PchzsECgwGEhTDza1OqB28noEIEGpZif4T4p7gfYb8xjJtlFO', 3, NULL, NULL, NULL, '/uploads/images/img-tapis2-1765187915860-be8ce1d59fa3a04f.png', '{\"fr\": \"G.JG/ZMDGOGF§OI%ZHIFPHIOMFHIPKNVKSNVKLN§QKVLNVKLNSLK§V\\nsfjsjqfjjmekfhmehfjhezkfjkefhjekzhfmfjhemh\"}', NULL, NULL, 'actif', '2025-12-08 10:01:54', 8, 0, 1, 'fr', 'auto', '2026-01-19 19:01:51', '127.0.0.1', 0, 0, 0, 0, 0, 1, 0, 0, 1, 0, 0, NULL, NULL, '[]', NULL, '{}', '[]', '[]', NULL, 1, 1, 1, 1, 1, 1, '2025-12-08 09:58:36', '2026-01-19 19:01:51', NULL),
(17, '{\"ar\": \"بن علي\", \"en\": \"Benali\", \"fr\": \"Benali\"}', '{\"ar\": \"كريم\", \"en\": \"Karim\", \"fr\": \"Karim\"}', 'pro.artiste@eventculture.dz', '$2b$12$1B/D/86JJIXplzEvMABnVuJ2QzWl6GnYG88cXhXiyAACTbrIwwtPG', 6, '1985-03-15', 'M', '+213 555 123 456', NULL, '{\"ar\": \"فنان تشكيلي متخصص في الفن المعاصر الجزائري. أكثر من 15 سنة من الخبرة.\", \"en\": \"Painter artist specializing in contemporary Algerian art. Over 15 years of experience.\", \"fr\": \"Artiste peintre spécialisé dans l\'art contemporain algérien. Plus de 15 ans d\'expérience.\"}', 16, NULL, 'actif', NULL, NULL, 0, 0, 'fr', 'auto', '2026-03-03 19:42:06', NULL, 0, 0, 0, 0, 0, 1, 0, 0, 1, 0, 0, NULL, NULL, NULL, NULL, NULL, NULL, NULL, NULL, 1, 1, 1, 1, 1, 1, '2026-01-16 20:03:23', '2026-03-03 19:42:06', NULL),
(18, '{\"ar\": \"حميدي\", \"fr\": \"Hamidi\"}', '{\"ar\": \"ليلى\", \"fr\": \"Leila\"}', 'pro.ecrivain@test.dz', '$2b$12$6LTBTuVLtXpfA.H11jSgkOZAfU2Us3CJZtxOywQrPKiGbXbuUncZO', 2, NULL, NULL, NULL, NULL, NULL, NULL, NULL, 'actif', NULL, NULL, 0, 0, 'fr', 'auto', NULL, NULL, 0, 0, 0, 0, 0, 1, 0, 0, 1, 0, 0, NULL, NULL, NULL, NULL, NULL, NULL, NULL, NULL, 1, 1, 1, 1, 1, 1, '2026-01-19 19:33:23', '2026-01-19 19:33:23', NULL),
(19, '{\"fr\": \"Guerfi\"}', '{\"fr\": \"Hamida\"}', 'pro.livre@eventculture.dz', '$2b$12$UAAr7jdA5akcVRPp7vukpuQVCJ2ScYVNthRUgNyAHe/H3jhCL/NQG', 6, NULL, NULL, NULL, '/uploads/images/img-f321c185-28df-4144-9747-880759152d49-1770749827532-9b91de95e542bc04.png', '{\"fr\": \"Artiste bhjklqsjfmbsjcbmsjbcmsjbcmjdsbmjdsbvjkdbvjkkbziohaeizuriuzriozurpizadkzldkelfkelfkelf,emlf,el,emjrk\"}', NULL, NULL, 'actif', '2026-02-11 14:25:13', 8, 0, 1, 'fr', 'auto', NULL, '127.0.0.1', 0, 0, 0, 0, 0, 1, 0, 0, 1, 0, 0, NULL, NULL, '[]', NULL, '{}', '[]', '[]', NULL, 1, 1, 1, 1, 1, 1, '2026-02-10 18:57:08', '2026-02-11 14:25:13', NULL),
(20, '{\"ar\": \"\", \"en\": \"\", \"fr\": \"AuditTest\", \"tz-ltn\": \"\", \"tz-tfng\": \"\"}', '{\"ar\": \"\", \"en\": \"\", \"fr\": \"User\", \"tz-ltn\": \"\", \"tz-tfng\": \"\"}', 'test-audit@example.com', '$2b$10$0GQOWm78o.L57gxRcya6XuAjc2xR5LQj6JwbCpNAc3jqupzUn.dJO', 1, NULL, NULL, NULL, NULL, '{\"ar\": \"\", \"en\": \"\", \"fr\": \"\"}', NULL, NULL, 'actif', NULL, NULL, 0, 1, 'fr', 'auto', NULL, NULL, 0, 0, 0, 0, 0, 0, 0, 0, 1, 0, 0, NULL, NULL, '[]', NULL, '{}', '[]', '[]', NULL, 1, 1, 1, 1, 1, 1, '2026-02-28 17:03:01', '2026-02-28 17:03:01', NULL),
(21, '{\"ar\": \"\", \"en\": \"\", \"fr\": \"Visiteur\", \"tz-ltn\": \"\", \"tz-tfng\": \"\"}', '{\"ar\": \"\", \"en\": \"\", \"fr\": \"Test\", \"tz-ltn\": \"\", \"tz-tfng\": \"\"}', 'audit-visitor-1772300876008@test.com', '$2b$10$NUEq1dkWBZrY2zclY1R.X..vrDiYPkmyMSQluP3IumIrPNZzDKcUW', 1, NULL, NULL, NULL, NULL, '{\"ar\": \"\", \"en\": \"\", \"fr\": \"Test audit biographie\", \"tz-ltn\": \"\", \"tz-tfng\": \"\"}', NULL, NULL, 'actif', NULL, NULL, 0, 1, 'fr', 'auto', '2026-02-28 17:47:59', NULL, 0, 0, 0, 0, 0, 0, 0, 0, 1, 0, 0, NULL, NULL, '[]', NULL, '{}', '[]', '[]', NULL, 1, 1, 1, 1, 1, 1, '2026-02-28 17:47:56', '2026-02-28 17:48:01', NULL),
(22, '{\"ar\": \"\", \"en\": \"\", \"fr\": \"Professionnel\", \"tz-ltn\": \"\", \"tz-tfng\": \"\"}', '{\"ar\": \"\", \"en\": \"\", \"fr\": \"Test\", \"tz-ltn\": \"\", \"tz-tfng\": \"\"}', 'audit-pro-1772300877942@test.com', '$2b$10$nppmT1JQJMDu./1rdod.BOROsEQsmIad4zBKkiEzuO1xhqFpdKdCu', 1, NULL, NULL, NULL, NULL, '{\"ar\": \"\", \"en\": \"\", \"fr\": \"Artiste professionnel test\", \"tz-ltn\": \"\", \"tz-tfng\": \"\"}', NULL, NULL, 'actif', NULL, NULL, 0, 1, 'fr', 'auto', NULL, NULL, 0, 0, 0, 0, 0, 0, 0, 0, 1, 0, 0, 'TestCorp', NULL, '[]', NULL, '{}', '[]', '[]', NULL, 1, 1, 1, 1, 1, 1, '2026-02-28 17:47:58', '2026-02-28 17:47:58', NULL),
(23, '{\"ar\": \"\", \"en\": \"\", \"fr\": \"Visiteur\", \"tz-ltn\": \"\", \"tz-tfng\": \"\"}', '{\"ar\": \"\", \"en\": \"\", \"fr\": \"Test\", \"tz-ltn\": \"\", \"tz-tfng\": \"\"}', 'audit-visitor-1772301168198@test.com', '$2b$10$sxSWTCugD5Gv/AYX9lcU.OX5XkLToVYI1sJpdLf8oLVcHZp4Ragji', 1, NULL, NULL, NULL, NULL, '{\"ar\": \"\", \"en\": \"\", \"fr\": \"Test audit biographie\", \"tz-ltn\": \"\", \"tz-tfng\": \"\"}', NULL, NULL, 'actif', NULL, NULL, 0, 1, 'fr', 'auto', '2026-02-28 17:52:51', NULL, 0, 0, 0, 0, 0, 0, 0, 0, 1, 0, 0, NULL, NULL, '[]', NULL, '{}', '[]', '[]', NULL, 1, 1, 1, 1, 1, 1, '2026-02-28 17:52:48', '2026-02-28 17:52:53', NULL),
(24, '{\"ar\": \"\", \"en\": \"\", \"fr\": \"Professionnel\", \"tz-ltn\": \"\", \"tz-tfng\": \"\"}', '{\"ar\": \"\", \"en\": \"\", \"fr\": \"Test\", \"tz-ltn\": \"\", \"tz-tfng\": \"\"}', 'audit-pro-1772301170080@test.com', '$2b$10$0abZC1Vwp1P9rFqmFERqAuKDlDb4bdoZ64PhWlaLyEB9vvKsnzaLe', 1, NULL, NULL, NULL, NULL, '{\"ar\": \"\", \"en\": \"\", \"fr\": \"Artiste professionnel test\", \"tz-ltn\": \"\", \"tz-tfng\": \"\"}', NULL, NULL, 'actif', NULL, NULL, 0, 1, 'fr', 'auto', NULL, NULL, 0, 0, 0, 0, 0, 0, 0, 0, 1, 0, 0, 'TestCorp', NULL, '[]', NULL, '{}', '[]', '[]', NULL, 1, 1, 1, 1, 1, 1, '2026-02-28 17:52:50', '2026-02-28 17:52:50', NULL),
(25, '{\"ar\": \"\", \"en\": \"\", \"fr\": \"Visiteur\", \"tz-ltn\": \"\", \"tz-tfng\": \"\"}', '{\"ar\": \"\", \"en\": \"\", \"fr\": \"Test\", \"tz-ltn\": \"\", \"tz-tfng\": \"\"}', 'audit-visitor-1772302676301@test.com', '$2b$10$t3aMUW2NGO0ikjGAoQhARu81xOzwNBwil5d8yDHtjuctqeRG0Tfw.', 1, NULL, NULL, NULL, NULL, '{\"ar\": \"\", \"en\": \"\", \"fr\": \"Test audit biographie\", \"tz-ltn\": \"\", \"tz-tfng\": \"\"}', NULL, NULL, 'actif', NULL, NULL, 0, 1, 'fr', 'auto', '2026-02-28 18:18:00', NULL, 0, 0, 0, 0, 0, 0, 0, 0, 1, 0, 0, NULL, NULL, '[]', NULL, '{}', '[]', '[]', NULL, 1, 1, 1, 1, 1, 1, '2026-02-28 18:17:56', '2026-02-28 18:18:02', NULL),
(26, '{\"ar\": \"\", \"en\": \"\", \"fr\": \"Professionnel\", \"tz-ltn\": \"\", \"tz-tfng\": \"\"}', '{\"ar\": \"\", \"en\": \"\", \"fr\": \"Test\", \"tz-ltn\": \"\", \"tz-tfng\": \"\"}', 'audit-pro-1772302678220@test.com', '$2b$10$iGfUE5naPnRDS93EU6I6F.LuXkv5OYM6Ehihhj02DheREEnnScTn6', 1, NULL, NULL, NULL, NULL, '{\"ar\": \"\", \"en\": \"\", \"fr\": \"Artiste professionnel test\", \"tz-ltn\": \"\", \"tz-tfng\": \"\"}', NULL, NULL, 'actif', NULL, NULL, 0, 1, 'fr', 'auto', NULL, NULL, 0, 0, 0, 0, 0, 0, 0, 0, 1, 0, 0, 'TestCorp', NULL, '[]', NULL, '{}', '[]', '[]', NULL, 1, 1, 1, 1, 1, 1, '2026-02-28 18:17:58', '2026-02-28 18:17:58', NULL),
(27, '{\"ar\": \"\", \"en\": \"\", \"fr\": \"Visiteur\", \"tz-ltn\": \"\", \"tz-tfng\": \"\"}', '{\"ar\": \"\", \"en\": \"\", \"fr\": \"Test\", \"tz-ltn\": \"\", \"tz-tfng\": \"\"}', 'audit-visitor-1772306314304@test.com', '$2b$10$c3kd3dN5AXekhFXG/c4/S.LqgJDQ2U0yIGiGL4er0ok8LYsAA7p4e', 1, NULL, NULL, NULL, NULL, '{\"ar\": \"\", \"en\": \"\", \"fr\": \"Test audit biographie\", \"tz-ltn\": \"\", \"tz-tfng\": \"\"}', NULL, NULL, 'actif', NULL, NULL, 0, 1, 'fr', 'auto', '2026-02-28 19:18:37', NULL, 0, 0, 0, 0, 0, 0, 0, 0, 1, 0, 0, NULL, NULL, '[]', NULL, '{}', '[]', '[]', NULL, 1, 1, 1, 1, 1, 1, '2026-02-28 19:18:34', '2026-02-28 19:18:39', NULL),
(28, '{\"ar\": \"\", \"en\": \"\", \"fr\": \"Professionnel\", \"tz-ltn\": \"\", \"tz-tfng\": \"\"}', '{\"ar\": \"\", \"en\": \"\", \"fr\": \"Test\", \"tz-ltn\": \"\", \"tz-tfng\": \"\"}', 'audit-pro-1772306315972@test.com', '$2b$10$oKaFvBDhP8O.V.9ys8qk1OAQ5mN3jBG9DTFwajKAbg4U.XiSIy9E2', 1, NULL, NULL, NULL, NULL, '{\"ar\": \"\", \"en\": \"\", \"fr\": \"Artiste professionnel test\", \"tz-ltn\": \"\", \"tz-tfng\": \"\"}', NULL, NULL, 'actif', NULL, NULL, 0, 1, 'fr', 'auto', NULL, NULL, 0, 0, 0, 0, 0, 0, 0, 0, 1, 0, 0, 'TestCorp', NULL, '[]', NULL, '{}', '[]', '[]', NULL, 1, 1, 1, 1, 1, 1, '2026-02-28 19:18:36', '2026-02-28 19:18:36', NULL),
(29, '{\"ar\": \"\", \"en\": \"\", \"fr\": \"AuditV\", \"tz-ltn\": \"\", \"tz-tfng\": \"\"}', '{\"ar\": \"\", \"en\": \"\", \"fr\": \"Test\", \"tz-ltn\": \"\", \"tz-tfng\": \"\"}', 'audit-v-1772396354800@test.com', '$2b$10$szktr9e80uH8jDOYtKydaetIkCZCpkzRfzw2uY3LYde.z.rGeMrAa', 1, NULL, NULL, NULL, NULL, '{\"ar\": \"\", \"en\": \"\", \"fr\": \"Test audit\", \"tz-ltn\": \"\", \"tz-tfng\": \"\"}', NULL, NULL, 'actif', NULL, NULL, 0, 1, 'fr', 'auto', '2026-03-01 20:19:16', NULL, 0, 0, 0, 0, 0, 0, 0, 0, 1, 0, 0, NULL, NULL, '[]', NULL, '{}', '[]', '[]', NULL, 1, 1, 1, 1, 1, 1, '2026-03-01 20:19:15', '2026-03-01 20:19:17', NULL),
(30, '{\"ar\": \"\", \"en\": \"\", \"fr\": \"AuditP\", \"tz-ltn\": \"\", \"tz-tfng\": \"\"}', '{\"ar\": \"\", \"en\": \"\", \"fr\": \"Pro\", \"tz-ltn\": \"\", \"tz-tfng\": \"\"}', 'audit-p-1772396354800@test.com', '$2b$10$zRwD5lP1SHvR7UWLyQ4PgOAxA.Pzf6KCqogEZM/6ViWAwDFCTgCBi', 6, NULL, NULL, NULL, NULL, '{\"ar\": \"\", \"en\": \"\", \"fr\": \"\"}', NULL, NULL, 'actif', NULL, NULL, 0, 1, 'fr', 'auto', NULL, NULL, 0, 0, 0, 0, 0, 0, 0, 0, 1, 0, 0, NULL, NULL, '[]', NULL, '{}', '[]', '[]', NULL, 1, 1, 1, 1, 1, 1, '2026-03-01 20:19:16', '2026-03-01 20:19:16', NULL),
(31, '{\"ar\": \"\", \"en\": \"\", \"fr\": \"AuditV\", \"tz-ltn\": \"\", \"tz-tfng\": \"\"}', '{\"ar\": \"\", \"en\": \"\", \"fr\": \"Test\", \"tz-ltn\": \"\", \"tz-tfng\": \"\"}', 'audit-v-1772396417291@test.com', '$2b$10$pTWRLbvhj3AqzD4lryD6Re4muE4qBWLC6UVx8G52eY6iM.Qq0BGr6', 1, NULL, NULL, NULL, NULL, '{\"ar\": \"\", \"en\": \"\", \"fr\": \"Test audit\", \"tz-ltn\": \"\", \"tz-tfng\": \"\"}', NULL, NULL, 'actif', NULL, NULL, 0, 1, 'fr', 'auto', '2026-03-01 20:20:19', NULL, 0, 0, 0, 0, 0, 0, 0, 0, 1, 0, 0, NULL, NULL, '[]', NULL, '{}', '[]', '[]', NULL, 1, 1, 1, 1, 1, 1, '2026-03-01 20:20:17', '2026-03-01 20:20:20', NULL),
(32, '{\"ar\": \"\", \"en\": \"\", \"fr\": \"AuditP\", \"tz-ltn\": \"\", \"tz-tfng\": \"\"}', '{\"ar\": \"\", \"en\": \"\", \"fr\": \"Pro\", \"tz-ltn\": \"\", \"tz-tfng\": \"\"}', 'audit-p-1772396417291@test.com', '$2b$10$O8EpHh1qaDyrefIQJak6Nel/a5XwuNQWSXQcua769QekJ88u8cfpy', 6, NULL, NULL, NULL, NULL, '{\"ar\": \"\", \"en\": \"\", \"fr\": \"\"}', NULL, NULL, 'actif', NULL, NULL, 0, 1, 'fr', 'auto', NULL, NULL, 0, 0, 0, 0, 0, 0, 0, 0, 1, 0, 0, NULL, NULL, '[]', NULL, '{}', '[]', '[]', NULL, 1, 1, 1, 1, 1, 1, '2026-03-01 20:20:18', '2026-03-01 20:20:18', NULL),
(33, '{\"ar\": \"\", \"en\": \"\", \"fr\": \"DeepAudit\", \"tz-ltn\": \"\", \"tz-tfng\": \"\"}', '{\"ar\": \"\", \"en\": \"\", \"fr\": \"Test\", \"tz-ltn\": \"\", \"tz-tfng\": \"\"}', 'deep-audit-1772396769558@test.com', '$2b$10$U29R8ioB/0QoaSnMlu8Qdur5jDUAilG1yowz/RKcUxw6HWVj2SKVy', 1, NULL, NULL, NULL, NULL, '{\"ar\": \"\", \"en\": \"\", \"fr\": \"Audit test bio\", \"tz-ltn\": \"\", \"tz-tfng\": \"\"}', NULL, NULL, 'actif', NULL, NULL, 0, 1, 'fr', 'auto', NULL, NULL, 0, 0, 0, 0, 0, 0, 0, 0, 1, 0, 0, NULL, NULL, '[]', NULL, '{}', '[]', '[]', NULL, 1, 1, 1, 1, 1, 1, '2026-03-01 20:26:10', '2026-03-01 20:26:17', NULL),
(34, '{\"ar\": \"\", \"en\": \"\", \"fr\": \"DeepAudit\", \"tz-ltn\": \"\", \"tz-tfng\": \"\"}', '{\"ar\": \"\", \"en\": \"\", \"fr\": \"Test\", \"tz-ltn\": \"\", \"tz-tfng\": \"\"}', 'deep-audit-1772399165317@test.com', '$2b$10$VAc/RCBSCgJAvvXJa54IdePpkO6VqZU3t.Dg/Lj.gAKzmDoBvcPp6', 1, NULL, NULL, NULL, NULL, '{\"ar\": \"\", \"en\": \"\", \"fr\": \"Audit test bio\", \"tz-ltn\": \"\", \"tz-tfng\": \"\"}', NULL, NULL, 'actif', NULL, NULL, 0, 1, 'fr', 'auto', NULL, NULL, 0, 0, 0, 0, 0, 0, 0, 0, 1, 0, 0, NULL, NULL, '[]', NULL, '{}', '[]', '[]', NULL, 1, 1, 1, 1, 1, 1, '2026-03-01 21:06:06', '2026-03-01 21:06:09', NULL),
(35, '{\"ar\": \"\", \"en\": \"\", \"fr\": \"DeepAudit\", \"tz-ltn\": \"\", \"tz-tfng\": \"\"}', '{\"ar\": \"\", \"en\": \"\", \"fr\": \"Test\", \"tz-ltn\": \"\", \"tz-tfng\": \"\"}', 'deep-audit-1772409722477@test.com', '$2b$10$bcpl0GW1qcdc3FB/4Of0tefNSvjytSTOQtgWndqCLig4q/kdKqsc6', 1, NULL, NULL, NULL, NULL, '{\"ar\": \"\", \"en\": \"\", \"fr\": \"Audit test bio\", \"tz-ltn\": \"\", \"tz-tfng\": \"\"}', NULL, NULL, 'actif', NULL, NULL, 0, 1, 'fr', 'auto', NULL, NULL, 0, 0, 0, 0, 0, 0, 0, 0, 1, 0, 0, NULL, NULL, '[]', NULL, '{}', '[]', '[]', NULL, 1, 1, 1, 1, 1, 1, '2026-03-02 00:02:02', '2026-03-02 00:02:08', NULL);

-- SKIPPED TABLE: audit_logs (problematic data)
-- [22] Table: communes (dépend de: dairas)
INSERT INTO `communes` (`id_commune`, `nom`, `commune_name_ascii`, `dairaId`, `createdAt`, `updatedAt`) VALUES
(1, 'تيمقتن', 'Timekten', 1, '2025-11-21 09:53:02', '2025-11-21 09:53:02'),
(2, 'بودة', 'Bouda', 2, '2025-11-21 09:53:02', '2025-11-21 09:53:02'),
(3, 'أولاد أحمد تيمي', 'Ouled Ahmed Timmi', 2, '2025-11-21 09:53:02', '2025-11-21 09:53:02'),
(4, 'أدرار', 'Adrar', 2, '2025-11-21 09:53:02', '2025-11-21 09:53:02'),
(5, 'فنوغيل', 'Fenoughil', 3, '2025-11-21 09:53:02', '2025-11-21 09:53:02'),
(6, 'إن زغمير', 'In Zghmir', 4, '2025-11-21 09:53:02', '2025-11-21 09:53:02'),
(7, 'رقان', 'Reggane', 5, '2025-11-21 09:53:02', '2025-11-21 09:53:02'),
(8, 'سالي', 'Sali', 5, '2025-11-21 09:53:02', '2025-11-21 09:53:02'),
(9, 'السبع', 'Sebaa', 6, '2025-11-21 09:53:02', '2025-11-21 09:53:02'),
(10, 'تسابيت', 'Tsabit', 6, '2025-11-21 09:53:02', '2025-11-21 09:53:02'),
(11, 'تامست', 'Tamest', 3, '2025-11-21 09:53:02', '2025-11-21 09:53:02'),
(12, 'تامنطيط', 'Tamantit', 3, '2025-11-21 09:53:02', '2025-11-21 09:53:02'),
(13, 'تيت', 'Tit', 1, '2025-11-21 09:53:02', '2025-11-21 09:53:02'),
(14, 'زاوية كنتة', 'Zaouiet Kounta', 4, '2025-11-21 09:53:02', '2025-11-21 09:53:02'),
(15, 'اقبلي', 'Akabli', 1, '2025-11-21 09:53:02', '2025-11-21 09:53:02'),
(16, 'أولف', 'Aoulef', 1, '2025-11-21 09:53:02', '2025-11-21 09:53:02'),
(17, 'تلعصة', 'Talassa', 7, '2025-11-21 09:53:02', '2025-11-21 09:53:02'),
(18, 'الزبوجة', 'Zeboudja', 8, '2025-11-21 09:53:02', '2025-11-21 09:53:02'),
(19, 'الحجاج', 'El Hadjadj', 9, '2025-11-21 09:53:02', '2025-11-21 09:53:02'),
(20, 'أولاد بن عبد القادر', 'Ouled Ben Abdelkader', 9, '2025-11-21 09:53:02', '2025-11-21 09:53:02'),
(21, 'عين مران', 'Ain Merane', 10, '2025-11-21 09:53:02', '2025-11-21 09:53:02'),
(22, 'بريرة', 'Breira', 11, '2025-11-21 09:53:02', '2025-11-21 09:53:02'),
(23, 'أولاد عباس', 'Ouled Abbes', 12, '2025-11-21 09:53:02', '2025-11-21 09:53:02'),
(24, 'وادي الفضة', 'Oued Fodda', 12, '2025-11-21 09:53:02', '2025-11-21 09:53:02'),
(25, 'بني راشد', 'Beni Rached', 12, '2025-11-21 09:53:02', '2025-11-21 09:53:02'),
(26, 'الهرانفة', 'Herenfa', 10, '2025-11-21 09:53:02', '2025-11-21 09:53:02'),
(27, 'تاجنة', 'Tadjena', 7, '2025-11-21 09:53:02', '2025-11-21 09:53:02'),
(28, 'المرسى', 'El Marsa', 13, '2025-11-21 09:53:02', '2025-11-21 09:53:02'),
(29, 'الشلف', 'Chlef', 14, '2025-11-21 09:53:02', '2025-11-21 09:53:02'),
(30, 'أم الدروع', 'Oum Drou', 14, '2025-11-21 09:53:02', '2025-11-21 09:53:02'),
(31, 'سنجاس', 'Sendjas', 14, '2025-11-21 09:53:02', '2025-11-21 09:53:02'),
(32, 'سيدي عبد الرحمن', 'Sidi Abderrahmane', 15, '2025-11-21 09:53:02', '2025-11-21 09:53:02'),
(33, 'سيدي عكاشة', 'Sidi Akkacha', 15, '2025-11-21 09:53:02', '2025-11-21 09:53:02'),
(34, 'تنس', 'Tenes', 15, '2025-11-21 09:53:02', '2025-11-21 09:53:02'),
(35, 'بني بوعتاب', 'Beni  Bouattab', 16, '2025-11-21 09:53:02', '2025-11-21 09:53:02'),
(36, 'الكريمية', 'El Karimia', 16, '2025-11-21 09:53:02', '2025-11-21 09:53:02'),
(37, 'حرشون', 'Harchoun', 16, '2025-11-21 09:53:02', '2025-11-21 09:53:02'),
(38, 'بوزغاية', 'Bouzeghaia', 8, '2025-11-21 09:53:02', '2025-11-21 09:53:02'),
(39, 'تاوقريت', 'Taougrit', 17, '2025-11-21 09:53:02', '2025-11-21 09:53:02'),
(40, 'بني حواء', 'Beni Haoua', 11, '2025-11-21 09:53:02', '2025-11-21 09:53:02'),
(41, 'أبو الحسن', 'Abou El Hassane', 7, '2025-11-21 09:53:02', '2025-11-21 09:53:02'),
(42, 'وادي قوسين', 'Oued Goussine', 11, '2025-11-21 09:53:02', '2025-11-21 09:53:02'),
(43, 'الشطية', 'Chettia', 18, '2025-11-21 09:53:02', '2025-11-21 09:53:02'),
(44, 'مصدق', 'Moussadek', 13, '2025-11-21 09:53:02', '2025-11-21 09:53:02'),
(45, 'أولاد فارس', 'Ouled Fares', 18, '2025-11-21 09:53:02', '2025-11-21 09:53:02'),
(46, 'بوقادير', 'Boukadir', 19, '2025-11-21 09:53:02', '2025-11-21 09:53:02'),
(47, 'وادي سلي', 'Oued Sly', 19, '2025-11-21 09:53:02', '2025-11-21 09:53:02'),
(48, 'الصبحة', 'Sobha', 19, '2025-11-21 09:53:02', '2025-11-21 09:53:02'),
(49, 'بنايرية', 'Benairia', 8, '2025-11-21 09:53:02', '2025-11-21 09:53:02'),
(50, 'الأبيض مجاجة', 'Labiod Medjadja', 18, '2025-11-21 09:53:02', '2025-11-21 09:53:02'),
(51, 'الظهرة', 'Dahra', 17, '2025-11-21 09:53:02', '2025-11-21 09:53:02'),
(52, 'البيضاء', 'El Beidha', 20, '2025-11-21 09:53:02', '2025-11-21 09:53:02'),
(53, 'قلتة سيدي سعد', 'Gueltat Sidi Saad', 20, '2025-11-21 09:53:02', '2025-11-21 09:53:02'),
(54, 'بريدة', 'Brida', 21, '2025-11-21 09:53:02', '2025-11-21 09:53:02'),
(55, 'عين سيدي علي', 'Ain Sidi Ali', 20, '2025-11-21 09:53:02', '2025-11-21 09:53:02'),
(56, 'تاجموت', 'Tadjemout', 22, '2025-11-21 09:53:02', '2025-11-21 09:53:02'),
(57, 'الحاج مشري', 'Hadj Mechri', 21, '2025-11-21 09:53:02', '2025-11-21 09:53:02'),
(58, 'تاويالة', 'Taouiala', 21, '2025-11-21 09:53:02', '2025-11-21 09:53:02'),
(59, 'الغيشة', 'El Ghicha', 23, '2025-11-21 09:53:02', '2025-11-21 09:53:02'),
(60, 'تاجرونة', 'Tadjrouna', 22, '2025-11-21 09:53:02', '2025-11-21 09:53:02'),
(61, 'سبقاق', 'Sebgag', 24, '2025-11-21 09:53:02', '2025-11-21 09:53:02'),
(62, 'سيدي بوزيد', 'Sidi Bouzid', 24, '2025-11-21 09:53:02', '2025-11-21 09:53:02'),
(63, 'وادي مرة', 'Oued Morra', 25, '2025-11-21 09:53:02', '2025-11-21 09:53:02'),
(64, 'الأغواط', 'Laghouat', 26, '2025-11-21 09:53:02', '2025-11-21 09:53:02'),
(65, 'وادي مزي', 'Oued M\'zi', 25, '2025-11-21 09:53:02', '2025-11-21 09:53:02'),
(66, 'قصر الحيران', 'Ksar El Hirane', 27, '2025-11-21 09:53:02', '2025-11-21 09:53:02'),
(67, 'العسافية', 'El Assafia', 28, '2025-11-21 09:53:02', '2025-11-21 09:53:02'),
(68, 'سيدي مخلوف', 'Sidi Makhlouf', 28, '2025-11-21 09:53:02', '2025-11-21 09:53:02'),
(69, 'حاسي الدلاعة', 'Hassi Delaa', 29, '2025-11-21 09:53:02', '2025-11-21 09:53:02'),
(70, 'حاسي الرمل', 'Hassi R\'mel', 29, '2025-11-21 09:53:02', '2025-11-21 09:53:02'),
(71, 'عين ماضي', 'Ain Madhi', 22, '2025-11-21 09:53:02', '2025-11-21 09:53:02'),
(72, 'الحويطة', 'El Haouaita', 22, '2025-11-21 09:53:02', '2025-11-21 09:53:02'),
(73, 'الخنق', 'Kheneg', 22, '2025-11-21 09:53:02', '2025-11-21 09:53:02'),
(74, 'بن ناصر بن شهرة', 'Benacer Benchohra', 27, '2025-11-21 09:53:02', '2025-11-21 09:53:02'),
(75, 'أفلو', 'Aflou', 24, '2025-11-21 09:53:02', '2025-11-21 09:53:02'),
(76, 'فكيرينة', 'Fkirina', 30, '2025-11-21 09:53:02', '2025-11-21 09:53:02'),
(77, 'الفجوج بوغرارة سعودي', 'El Fedjoudj Boughrara Sa', 31, '2025-11-21 09:53:02', '2025-11-21 09:53:02'),
(78, 'عين فكرون', 'Ain Fekroun', 31, '2025-11-21 09:53:02', '2025-11-21 09:53:02'),
(79, 'الرحية', 'Rahia', 32, '2025-11-21 09:53:03', '2025-11-21 09:53:03'),
(80, 'مسكيانة', 'Meskiana', 32, '2025-11-21 09:53:03', '2025-11-21 09:53:03'),
(81, 'البلالة', 'El Belala', 32, '2025-11-21 09:53:03', '2025-11-21 09:53:03'),
(82, 'بحير الشرقي', 'Behir Chergui', 32, '2025-11-21 09:53:03', '2025-11-21 09:53:03'),
(83, 'قصر الصباحي', 'Ksar Sbahi', 33, '2025-11-21 09:53:03', '2025-11-21 09:53:03'),
(84, 'سوق نعمان', 'Souk Naamane', 34, '2025-11-21 09:53:03', '2025-11-21 09:53:03'),
(85, 'أولاد زواي', 'Ouled Zouai', 34, '2025-11-21 09:53:03', '2025-11-21 09:53:03'),
(86, 'أم البواقي', 'Oum El Bouaghi', 35, '2025-11-21 09:53:03', '2025-11-21 09:53:03'),
(87, 'عين ببوش', 'Ain Babouche', 36, '2025-11-21 09:53:03', '2025-11-21 09:53:03'),
(88, 'عين الزيتون', 'Ain Zitoun', 35, '2025-11-21 09:53:03', '2025-11-21 09:53:03'),
(89, 'بئر الشهداء', 'Bir Chouhada', 34, '2025-11-21 09:53:03', '2025-11-21 09:53:03'),
(90, 'عين البيضاء', 'Ain Beida', 37, '2025-11-21 09:53:03', '2025-11-21 09:53:03'),
(91, 'بريش', 'Berriche', 37, '2025-11-21 09:53:03', '2025-11-21 09:53:03'),
(92, 'الزرق', 'Zorg', 37, '2025-11-21 09:53:03', '2025-11-21 09:53:03'),
(93, 'عين مليلة', 'Ain M\'lila', 38, '2025-11-21 09:53:03', '2025-11-21 09:53:03'),
(94, 'أولاد قاسم', 'Ouled Gacem', 38, '2025-11-21 09:53:03', '2025-11-21 09:53:03'),
(95, 'أولاد حملة', 'Ouled Hamla', 38, '2025-11-21 09:53:03', '2025-11-21 09:53:03'),
(96, 'العامرية', 'El Amiria', 39, '2025-11-21 09:53:03', '2025-11-21 09:53:03'),
(97, 'سيقوس', 'Sigus', 39, '2025-11-21 09:53:03', '2025-11-21 09:53:03'),
(98, 'وادي نيني', 'Oued Nini', 30, '2025-11-21 09:53:03', '2025-11-21 09:53:03'),
(99, 'عين الديس', 'Ain Diss', 36, '2025-11-21 09:53:03', '2025-11-21 09:53:03'),
(100, 'الضلعة', 'Dhalaa', 40, '2025-11-21 09:53:03', '2025-11-21 09:53:03'),
(101, 'الجازية', 'El Djazia', 40, '2025-11-21 09:53:03', '2025-11-21 09:53:03'),
(102, 'عين كرشة', 'Ain Kercha', 41, '2025-11-21 09:53:03', '2025-11-21 09:53:03'),
(103, 'الحرملية', 'El Harmilia', 41, '2025-11-21 09:53:03', '2025-11-21 09:53:03'),
(104, 'هنشير تومغني', 'Hanchir Toumghani', 41, '2025-11-21 09:53:03', '2025-11-21 09:53:03'),
(105, 'معافة', 'Maafa', 42, '2025-11-21 09:53:03', '2025-11-21 09:53:03'),
(106, 'القصبات', 'Gosbat', 43, '2025-11-21 09:53:03', '2025-11-21 09:53:03'),
(107, 'تيمقاد', 'Timgad', 44, '2025-11-21 09:53:03', '2025-11-21 09:53:03'),
(108, 'تاكسلانت', 'Taxlent', 45, '2025-11-21 09:53:03', '2025-11-21 09:53:03'),
(109, 'أولاد سي سليمان', 'Ouled Si Slimane', 45, '2025-11-21 09:53:03', '2025-11-21 09:53:03'),
(110, 'لمسان', 'Lemcene', 45, '2025-11-21 09:53:03', '2025-11-21 09:53:03'),
(111, 'تالخمت', 'Talkhamt', 43, '2025-11-21 09:53:03', '2025-11-21 09:53:03'),
(112, 'رأس العيون', 'Ras El Aioun', 43, '2025-11-21 09:53:03', '2025-11-21 09:53:03'),
(113, 'الرحبات', 'Rahbat', 43, '2025-11-21 09:53:03', '2025-11-21 09:53:03'),
(114, 'أولاد سلام', 'Ouled Sellem', 43, '2025-11-21 09:53:03', '2025-11-21 09:53:03'),
(115, 'القيقبة', 'Guigba', 43, '2025-11-21 09:53:03', '2025-11-21 09:53:03'),
(116, 'ثنية العابد', 'Teniet El Abed', 46, '2025-11-21 09:53:03', '2025-11-21 09:53:03'),
(117, 'باتنة', 'Batna', 47, '2025-11-21 09:53:03', '2025-11-21 09:53:03'),
(118, 'فسديس', 'Fesdis', 47, '2025-11-21 09:53:03', '2025-11-21 09:53:03'),
(119, 'وادي الشعبة', 'Oued Chaaba', 47, '2025-11-21 09:53:03', '2025-11-21 09:53:03'),
(120, 'حيدوسة', 'Hidoussa', 48, '2025-11-21 09:53:03', '2025-11-21 09:53:03'),
(121, 'قصر بلزمة', 'Ksar Bellezma', 48, '2025-11-21 09:53:03', '2025-11-21 09:53:03'),
(122, 'مروانة', 'Merouana', 48, '2025-11-21 09:53:03', '2025-11-21 09:53:03'),
(123, 'وادي الماء', 'Oued El Ma', 48, '2025-11-21 09:53:03', '2025-11-21 09:53:03'),
(124, 'لازرو', 'Lazrou', 49, '2025-11-21 09:53:03', '2025-11-21 09:53:03'),
(125, 'سريانة', 'Seriana', 49, '2025-11-21 09:53:03', '2025-11-21 09:53:03'),
(126, 'زانة البيضاء', 'Zanet El Beida', 49, '2025-11-21 09:53:03', '2025-11-21 09:53:03'),
(127, 'منعة', 'Menaa', 50, '2025-11-21 09:53:03', '2025-11-21 09:53:03'),
(128, 'تغرغار', 'Tigharghar', 50, '2025-11-21 09:53:03', '2025-11-21 09:53:03'),
(129, 'عين ياقوت', 'Ain Yagout', 51, '2025-11-21 09:53:03', '2025-11-21 09:53:03'),
(130, 'بومية', 'Boumia', 51, '2025-11-21 09:53:03', '2025-11-21 09:53:03'),
(131, 'جرمة', 'Djerma', 51, '2025-11-21 09:53:03', '2025-11-21 09:53:03'),
(132, 'المعذر', 'El Madher', 51, '2025-11-21 09:53:03', '2025-11-21 09:53:03'),
(133, 'عيون العصافير', 'Ouyoun El Assafir', 52, '2025-11-21 09:53:03', '2025-11-21 09:53:03'),
(134, 'تازولت', 'Tazoult', 52, '2025-11-21 09:53:03', '2025-11-21 09:53:03'),
(135, 'بومقر', 'Boumagueur', 53, '2025-11-21 09:53:03', '2025-11-21 09:53:03'),
(136, 'نقاوس', 'N Gaous', 53, '2025-11-21 09:53:03', '2025-11-21 09:53:03'),
(137, 'سفيان', 'Sefiane', 53, '2025-11-21 09:53:03', '2025-11-21 09:53:03'),
(138, 'أريس', 'Arris', 54, '2025-11-21 09:53:03', '2025-11-21 09:53:03'),
(139, 'تيغانمين', 'Tighanimine', 54, '2025-11-21 09:53:03', '2025-11-21 09:53:03'),
(140, 'عين جاسر', 'Ain Djasser', 55, '2025-11-21 09:53:03', '2025-11-21 09:53:03'),
(141, 'الحاسي', 'El Hassi', 55, '2025-11-21 09:53:03', '2025-11-21 09:53:03'),
(142, 'سقانة', 'Seggana', 56, '2025-11-21 09:53:03', '2025-11-21 09:53:03'),
(143, 'تيلاطو', 'Tilatou', 56, '2025-11-21 09:53:03', '2025-11-21 09:53:03'),
(144, 'فم الطوب', 'Foum Toub', 57, '2025-11-21 09:53:03', '2025-11-21 09:53:03'),
(145, 'إشمول', 'Ichemoul', 57, '2025-11-21 09:53:03', '2025-11-21 09:53:03'),
(146, 'إينوغيسن', 'Inoughissen', 57, '2025-11-21 09:53:03', '2025-11-21 09:53:03'),
(147, 'بوزينة', 'Bouzina', 58, '2025-11-21 09:53:03', '2025-11-21 09:53:03'),
(148, 'لارباع', 'Larbaa', 58, '2025-11-21 09:53:03', '2025-11-21 09:53:03'),
(149, 'بولهيلات', 'Boulhilat', 59, '2025-11-21 09:53:03', '2025-11-21 09:53:03'),
(150, 'الشمرة', 'Chemora', 59, '2025-11-21 09:53:03', '2025-11-21 09:53:03'),
(151, 'بريكة', 'Barika', 60, '2025-11-21 09:53:03', '2025-11-21 09:53:03'),
(152, 'بيطام', 'Bitam', 60, '2025-11-21 09:53:03', '2025-11-21 09:53:03'),
(153, 'إمدوكل', 'M Doukal', 60, '2025-11-21 09:53:03', '2025-11-21 09:53:03'),
(154, 'عزيل عبد القادر', 'Azil Abedelkader', 61, '2025-11-21 09:53:03', '2025-11-21 09:53:03'),
(155, 'الجزار', 'Djezzar', 61, '2025-11-21 09:53:03', '2025-11-21 09:53:03'),
(156, 'أولاد عمار', 'Ouled Ammar', 61, '2025-11-21 09:53:03', '2025-11-21 09:53:03'),
(157, 'غسيرة', 'Ghassira', 62, '2025-11-21 09:53:03', '2025-11-21 09:53:03'),
(158, 'كيمل', 'Kimmel', 62, '2025-11-21 09:53:03', '2025-11-21 09:53:03'),
(159, 'تكوت', 'T Kout', 62, '2025-11-21 09:53:03', '2025-11-21 09:53:03'),
(160, 'عين التوتة', 'Ain Touta', 42, '2025-11-21 09:53:03', '2025-11-21 09:53:03'),
(161, 'بني فضالة الحقانية', 'Beni Foudhala El Hakania', 42, '2025-11-21 09:53:03', '2025-11-21 09:53:03'),
(162, 'أولاد فاضل', 'Ouled Fadel', 44, '2025-11-21 09:53:03', '2025-11-21 09:53:03'),
(163, 'أولاد عوف', 'Ouled Aouf', 42, '2025-11-21 09:53:03', '2025-11-21 09:53:03'),
(164, 'شير', 'Chir', 46, '2025-11-21 09:53:03', '2025-11-21 09:53:03'),
(165, 'وادي الطاقة', 'Oued Taga', 46, '2025-11-21 09:53:03', '2025-11-21 09:53:03'),
(166, 'سيدي عياد', 'Sidi Ayad', 63, '2025-11-21 09:53:03', '2025-11-21 09:53:03'),
(167, 'برباشة', 'Barbacha', 64, '2025-11-21 09:53:03', '2025-11-21 09:53:03'),
(168, 'الفلاي', 'Leflaye', 63, '2025-11-21 09:53:03', '2025-11-21 09:53:03'),
(169, 'كنديرة', 'Kendira', 64, '2025-11-21 09:53:03', '2025-11-21 09:53:03'),
(170, 'سيدي عيش', 'Sidi-Aich', 63, '2025-11-21 09:53:03', '2025-11-21 09:53:03'),
(171, 'تيفرة', 'Tifra', 63, '2025-11-21 09:53:03', '2025-11-21 09:53:03'),
(172, 'تينبدار', 'Tinebdar', 63, '2025-11-21 09:53:03', '2025-11-21 09:53:03'),
(173, 'القصر', 'El Kseur', 65, '2025-11-21 09:53:03', '2025-11-21 09:53:03'),
(174, 'فناية الماثن', 'Fenaia Il Maten', 65, '2025-11-21 09:53:03', '2025-11-21 09:53:03'),
(175, 'توجة', 'Toudja', 65, '2025-11-21 09:53:03', '2025-11-21 09:53:03'),
(176, 'ذراع القايد', 'Dra El Caid', 66, '2025-11-21 09:53:03', '2025-11-21 09:53:03'),
(177, 'خراطة', 'Kherrata', 66, '2025-11-21 09:53:03', '2025-11-21 09:53:03'),
(178, 'بجاية', 'Bejaia', 67, '2025-11-21 09:53:03', '2025-11-21 09:53:03'),
(179, 'وادي غير', 'Oued Ghir', 67, '2025-11-21 09:53:03', '2025-11-21 09:53:03'),
(180, 'بني معوش', 'Benimaouche', 68, '2025-11-21 09:53:03', '2025-11-21 09:53:03'),
(181, 'بني جليل', 'Beni Djellil', 69, '2025-11-21 09:53:03', '2025-11-21 09:53:03'),
(182, 'فرعون', 'Feraoun', 69, '2025-11-21 09:53:03', '2025-11-21 09:53:03'),
(183, 'سمعون', 'Smaoun', 69, '2025-11-21 09:53:03', '2025-11-21 09:53:03'),
(184, 'تيمزريت', 'Timezrit', 70, '2025-11-21 09:53:03', '2025-11-21 09:53:03'),
(185, 'مالبو', 'Melbou', 71, '2025-11-21 09:53:03', '2025-11-21 09:53:03'),
(186, 'سوق لإثنين', 'Souk El Tenine', 71, '2025-11-21 09:53:03', '2025-11-21 09:53:03'),
(187, 'تامريجت', 'Tamridjet', 71, '2025-11-21 09:53:03', '2025-11-21 09:53:03'),
(188, 'بوخليفة', 'Boukhelifa', 72, '2025-11-21 09:53:03', '2025-11-21 09:53:03'),
(189, 'تالة حمزة', 'Tala Hamza', 72, '2025-11-21 09:53:03', '2025-11-21 09:53:03'),
(190, 'تيشي', 'Tichy', 72, '2025-11-21 09:53:03', '2025-11-21 09:53:03'),
(191, 'أيت رزين', 'Ait R\'zine', 73, '2025-11-21 09:53:03', '2025-11-21 09:53:03'),
(192, 'إغيل علي', 'Ighil-Ali', 73, '2025-11-21 09:53:03', '2025-11-21 09:53:03'),
(193, 'أيت إسماعيل', 'Ait-Smail', 74, '2025-11-21 09:53:03', '2025-11-21 09:53:03'),
(194, 'درقينة', 'Darguina', 74, '2025-11-21 09:53:03', '2025-11-21 09:53:03'),
(195, 'تاسكريوت', 'Taskriout', 74, '2025-11-21 09:53:03', '2025-11-21 09:53:03'),
(196, 'أوقاس', 'Aokas', 75, '2025-11-21 09:53:03', '2025-11-21 09:53:03'),
(197, 'تيزي نبربر', 'Tizi-N\'berber', 75, '2025-11-21 09:53:03', '2025-11-21 09:53:03'),
(198, 'أدكار', 'Adekar', 76, '2025-11-21 09:53:03', '2025-11-21 09:53:03'),
(199, 'بني كسيلة', 'Beni K\'sila', 76, '2025-11-21 09:53:03', '2025-11-21 09:53:03'),
(200, 'تاوريرت إغيل', 'Taourit Ighil', 76, '2025-11-21 09:53:03', '2025-11-21 09:53:03'),
(201, 'أقبو', 'Akbou', 77, '2025-11-21 09:53:03', '2025-11-21 09:53:03'),
(202, 'شلاطة', 'Chellata', 77, '2025-11-21 09:53:03', '2025-11-21 09:53:03'),
(203, 'اغرم', 'Ighram', 77, '2025-11-21 09:53:04', '2025-11-21 09:53:04'),
(204, 'تامقرة', 'Tamokra', 77, '2025-11-21 09:53:04', '2025-11-21 09:53:04'),
(205, 'أمالو', 'Amalou', 78, '2025-11-21 09:53:04', '2025-11-21 09:53:04'),
(206, 'بوحمزة', 'Bouhamza', 78, '2025-11-21 09:53:04', '2025-11-21 09:53:04'),
(207, 'مسيسنة', 'M\'cisna', 78, '2025-11-21 09:53:04', '2025-11-21 09:53:04'),
(208, 'صدوق', 'Seddouk', 78, '2025-11-21 09:53:04', '2025-11-21 09:53:04'),
(209, 'بني مليكش', 'Beni-Mallikeche', 79, '2025-11-21 09:53:04', '2025-11-21 09:53:04'),
(210, 'بو جليل', 'Boudjellil', 79, '2025-11-21 09:53:04', '2025-11-21 09:53:04'),
(211, 'تازمالت', 'Tazmalt', 79, '2025-11-21 09:53:04', '2025-11-21 09:53:04'),
(212, 'أكفادو', 'Akfadou', 80, '2025-11-21 09:53:04', '2025-11-21 09:53:04'),
(213, 'شميني', 'Chemini', 80, '2025-11-21 09:53:04', '2025-11-21 09:53:04'),
(214, 'سوق اوفلا', 'Souk Oufella', 80, '2025-11-21 09:53:04', '2025-11-21 09:53:04'),
(215, 'طيبان', 'Tibane', 80, '2025-11-21 09:53:04', '2025-11-21 09:53:04'),
(216, 'أوزلاقن', 'Ouzellaguen', 81, '2025-11-21 09:53:04', '2025-11-21 09:53:04'),
(217, 'أميزور', 'Amizour', 69, '2025-11-21 09:53:04', '2025-11-21 09:53:04'),
(218, 'الفيض', 'El Feidh', 82, '2025-11-21 09:53:04', '2025-11-21 09:53:04'),
(219, 'ليشانة', 'Lichana', 83, '2025-11-21 09:53:04', '2025-11-21 09:53:04'),
(220, 'بوشقرون', 'Bouchakroun', 83, '2025-11-21 09:53:04', '2025-11-21 09:53:04'),
(221, 'مخادمة', 'Mekhadma', 84, '2025-11-21 09:53:04', '2025-11-21 09:53:04'),
(222, 'جمورة', 'Djemorah', 85, '2025-11-21 09:53:04', '2025-11-21 09:53:04'),
(223, 'برانيس', 'Branis', 85, '2025-11-21 09:53:04', '2025-11-21 09:53:04'),
(224, 'الوطاية', 'El Outaya', 86, '2025-11-21 09:53:04', '2025-11-21 09:53:04'),
(225, 'القنطرة', 'El Kantara', 87, '2025-11-21 09:53:04', '2025-11-21 09:53:04'),
(226, 'خنقة سيدي ناجي', 'Khenguet Sidi Nadji', 82, '2025-11-21 09:53:04', '2025-11-21 09:53:04'),
(227, 'عين زعطوط', 'Ain Zaatout', 87, '2025-11-21 09:53:04', '2025-11-21 09:53:04'),
(228, 'زريبة الوادي', 'Zeribet El Oued', 82, '2025-11-21 09:53:04', '2025-11-21 09:53:04'),
(229, 'المزيرعة', 'Meziraa', 82, '2025-11-21 09:53:04', '2025-11-21 09:53:04'),
(230, 'بسكرة', 'Biskra', 88, '2025-11-21 09:53:04', '2025-11-21 09:53:04'),
(231, 'الحاجب', 'El Hadjab', 88, '2025-11-21 09:53:04', '2025-11-21 09:53:04'),
(232, 'مليلي', 'M\'lili', 84, '2025-11-21 09:53:04', '2025-11-21 09:53:04'),
(233, 'فوغالة', 'Foughala', 89, '2025-11-21 09:53:04', '2025-11-21 09:53:04'),
(234, 'الغروس', 'El Ghrous', 89, '2025-11-21 09:53:04', '2025-11-21 09:53:04'),
(235, 'برج بن عزوز', 'Bordj Ben Azzouz', 83, '2025-11-21 09:53:04', '2025-11-21 09:53:04'),
(236, 'أورلال', 'Ourlal', 84, '2025-11-21 09:53:04', '2025-11-21 09:53:04'),
(237, 'أوماش', 'Oumache', 84, '2025-11-21 09:53:04', '2025-11-21 09:53:04'),
(238, 'عين الناقة', 'Ain Naga', 90, '2025-11-21 09:53:04', '2025-11-21 09:53:04'),
(239, 'شتمة', 'Chetma', 90, '2025-11-21 09:53:04', '2025-11-21 09:53:04'),
(240, 'الحوش', 'El Haouch', 90, '2025-11-21 09:53:04', '2025-11-21 09:53:04'),
(241, 'سيدي عقبة', 'Sidi Okba', 90, '2025-11-21 09:53:04', '2025-11-21 09:53:04'),
(242, 'مشونش', 'M\'chouneche', 91, '2025-11-21 09:53:04', '2025-11-21 09:53:04'),
(243, 'ليوة', 'Lioua', 84, '2025-11-21 09:53:04', '2025-11-21 09:53:04'),
(244, 'طولقة', 'Tolga', 83, '2025-11-21 09:53:04', '2025-11-21 09:53:04'),
(245, 'بشار', 'Bechar', 92, '2025-11-21 09:53:04', '2025-11-21 09:53:04'),
(246, 'بوكايس', 'Boukais', 93, '2025-11-21 09:53:04', '2025-11-21 09:53:04'),
(247, 'لحمر', 'Lahmar', 93, '2025-11-21 09:53:04', '2025-11-21 09:53:04'),
(248, 'موغل', 'Mogheul', 93, '2025-11-21 09:53:04', '2025-11-21 09:53:04'),
(249, 'المريجة', 'Meridja', 94, '2025-11-21 09:53:04', '2025-11-21 09:53:04'),
(250, 'تاغيت', 'Taghit', 95, '2025-11-21 09:53:04', '2025-11-21 09:53:04'),
(251, 'العبادلة', 'Abadla', 96, '2025-11-21 09:53:04', '2025-11-21 09:53:04'),
(252, 'عرق فراج', 'Erg-Ferradj', 96, '2025-11-21 09:53:04', '2025-11-21 09:53:04'),
(253, 'مشرع هواري بومدين', 'Machraa-Houari-Boumediene', 96, '2025-11-21 09:53:04', '2025-11-21 09:53:04'),
(254, 'بني ونيف', 'Beni-Ounif', 97, '2025-11-21 09:53:04', '2025-11-21 09:53:04'),
(255, 'تبلبالة', 'Tabelbala', 98, '2025-11-21 09:53:04', '2025-11-21 09:53:04'),
(256, 'القنادسة', 'Kenadsa', 94, '2025-11-21 09:53:04', '2025-11-21 09:53:04'),
(257, 'بني مراد', 'Beni Mered', 99, '2025-11-21 09:53:04', '2025-11-21 09:53:04'),
(258, 'اولاد سلامة', 'Ouled Slama', 100, '2025-11-21 09:53:04', '2025-11-21 09:53:04'),
(259, 'موزاية', 'Mouzaia', 101, '2025-11-21 09:53:04', '2025-11-21 09:53:04'),
(260, 'حمام ملوان', 'Hammam Elouane', 100, '2025-11-21 09:53:04', '2025-11-21 09:53:04'),
(261, 'بوقرة', 'Bougara', 100, '2025-11-21 09:53:04', '2025-11-21 09:53:04'),
(262, 'صوحان', 'Souhane', 102, '2025-11-21 09:53:04', '2025-11-21 09:53:04'),
(263, 'الأربعاء', 'Larbaa', 102, '2025-11-21 09:53:04', '2025-11-21 09:53:04'),
(264, 'الصومعة', 'Soumaa', 103, '2025-11-21 09:53:04', '2025-11-21 09:53:04'),
(265, 'قرواو', 'Guerrouaou', 103, '2025-11-21 09:53:04', '2025-11-21 09:53:04'),
(266, 'بوفاريك', 'Boufarik', 103, '2025-11-21 09:53:04', '2025-11-21 09:53:04'),
(267, 'مفتاح', 'Meftah', 104, '2025-11-21 09:53:04', '2025-11-21 09:53:04'),
(268, 'الشفة', 'Chiffa', 101, '2025-11-21 09:53:04', '2025-11-21 09:53:04'),
(269, 'عين الرمانة', 'Ain Romana', 101, '2025-11-21 09:53:04', '2025-11-21 09:53:04'),
(270, 'وادي جر', 'Oued  Djer', 105, '2025-11-21 09:53:04', '2025-11-21 09:53:04'),
(271, 'العفرون', 'El-Affroun', 105, '2025-11-21 09:53:04', '2025-11-21 09:53:04'),
(272, 'أولاد يعيش', 'Ouled Yaich', 99, '2025-11-21 09:53:04', '2025-11-21 09:53:04'),
(273, 'الشريعة', 'Chrea', 99, '2025-11-21 09:53:04', '2025-11-21 09:53:04'),
(274, 'جبابرة', 'Djebabra', 104, '2025-11-21 09:53:04', '2025-11-21 09:53:04'),
(275, 'وادي العلايق', 'Oued El Alleug', 106, '2025-11-21 09:53:04', '2025-11-21 09:53:04'),
(276, 'بن خليل', 'Benkhelil', 106, '2025-11-21 09:53:04', '2025-11-21 09:53:04'),
(277, 'بني تامو', 'Beni-Tamou', 106, '2025-11-21 09:53:04', '2025-11-21 09:53:04'),
(278, 'الشبلي', 'Chebli', 107, '2025-11-21 09:53:04', '2025-11-21 09:53:04'),
(279, 'بوعينان', 'Bouinan', 107, '2025-11-21 09:53:04', '2025-11-21 09:53:04'),
(280, 'بوعرفة', 'Bouarfa', 108, '2025-11-21 09:53:04', '2025-11-21 09:53:04'),
(281, 'البليدة', 'Blida', 108, '2025-11-21 09:53:04', '2025-11-21 09:53:04'),
(282, 'عين العلوي', 'Ain Laloui', 109, '2025-11-21 09:53:04', '2025-11-21 09:53:04'),
(283, 'الحجرة الزرقاء', 'Hadjera Zerga', 110, '2025-11-21 09:53:04', '2025-11-21 09:53:04'),
(284, 'مزدور', 'Mezdour', 110, '2025-11-21 09:53:04', '2025-11-21 09:53:04'),
(285, 'تاقديت', 'Taguedite', 110, '2025-11-21 09:53:04', '2025-11-21 09:53:04'),
(286, 'ريدان', 'Ridane', 111, '2025-11-21 09:53:04', '2025-11-21 09:53:04'),
(287, 'المعمورة', 'Maamora', 111, '2025-11-21 09:53:04', '2025-11-21 09:53:04'),
(288, 'الحاكمية', 'El-Hakimia', 111, '2025-11-21 09:53:04', '2025-11-21 09:53:04'),
(289, 'أهل القصر', 'Ahl El Ksar', 112, '2025-11-21 09:53:04', '2025-11-21 09:53:04'),
(290, 'ديرة', 'Dirah', 111, '2025-11-21 09:53:04', '2025-11-21 09:53:04'),
(291, 'الدشمية', 'Dechmia', 111, '2025-11-21 09:53:04', '2025-11-21 09:53:04'),
(292, 'بشلول', 'Bechloul', 112, '2025-11-21 09:53:04', '2025-11-21 09:53:04'),
(293, 'آث  منصور', 'Ath Mansour', 113, '2025-11-21 09:53:04', '2025-11-21 09:53:04'),
(294, 'سحاريج', 'Saharidj', 113, '2025-11-21 09:53:04', '2025-11-21 09:53:04'),
(295, 'العجيبة', 'El Adjiba', 112, '2025-11-21 09:53:04', '2025-11-21 09:53:04'),
(296, 'الأسنام', 'El Asnam', 112, '2025-11-21 09:53:04', '2025-11-21 09:53:04'),
(297, 'أمشدالة', 'M Chedallah', 113, '2025-11-21 09:53:04', '2025-11-21 09:53:04'),
(298, 'برج أوخريص', 'Bordj Okhriss', 110, '2025-11-21 09:53:04', '2025-11-21 09:53:04'),
(299, 'سور الغزلان', 'Sour El Ghozlane', 111, '2025-11-21 09:53:04', '2025-11-21 09:53:04'),
(300, 'حنيف', 'Hanif', 113, '2025-11-21 09:53:04', '2025-11-21 09:53:04'),
(301, 'شرفة', 'Chorfa', 113, '2025-11-21 09:53:04', '2025-11-21 09:53:04'),
(302, 'أولاد راشد', 'Ouled Rached', 112, '2025-11-21 09:53:04', '2025-11-21 09:53:04'),
(303, 'عين الحجر', 'Ain El Hadjar', 109, '2025-11-21 09:53:04', '2025-11-21 09:53:04'),
(304, 'أغبالو', 'Aghbalou', 113, '2025-11-21 09:53:04', '2025-11-21 09:53:04'),
(305, 'روراوة', 'Raouraoua', 114, '2025-11-21 09:53:04', '2025-11-21 09:53:04'),
(306, 'الخبوزية', 'El Khabouzia', 114, '2025-11-21 09:53:04', '2025-11-21 09:53:04'),
(307, 'بئر غبالو', 'Bir Ghbalou', 114, '2025-11-21 09:53:04', '2025-11-21 09:53:04'),
(308, 'البويرة', 'Bouira', 115, '2025-11-21 09:53:04', '2025-11-21 09:53:04'),
(309, 'عين الترك', 'Ain Turk', 115, '2025-11-21 09:53:04', '2025-11-21 09:53:04'),
(310, 'أيت لعزيز', 'Ait Laaziz', 115, '2025-11-21 09:53:04', '2025-11-21 09:53:04'),
(311, 'عين بسام', 'Ain-Bessem', 109, '2025-11-21 09:53:04', '2025-11-21 09:53:04'),
(312, 'المقراني', 'El-Mokrani', 116, '2025-11-21 09:53:04', '2025-11-21 09:53:04'),
(313, 'سوق الخميس', 'Souk El Khemis', 116, '2025-11-21 09:53:04', '2025-11-21 09:53:04'),
(314, 'أعمر', 'Aomar', 117, '2025-11-21 09:53:04', '2025-11-21 09:53:04'),
(315, 'جباحية', 'Djebahia', 117, '2025-11-21 09:53:04', '2025-11-21 09:53:04'),
(316, 'الهاشمية', 'El Hachimia', 118, '2025-11-21 09:53:04', '2025-11-21 09:53:04'),
(317, 'حيزر', 'Haizer', 119, '2025-11-21 09:53:04', '2025-11-21 09:53:04'),
(318, 'تاغزوت', 'Taghzout', 119, '2025-11-21 09:53:04', '2025-11-21 09:53:04'),
(319, 'بودربالة', 'Bouderbala', 120, '2025-11-21 09:53:04', '2025-11-21 09:53:04'),
(320, 'بوكرم', 'Boukram', 120, '2025-11-21 09:53:04', '2025-11-21 09:53:04'),
(321, 'قرومة', 'Guerrouma', 120, '2025-11-21 09:53:04', '2025-11-21 09:53:04'),
(322, 'الأخضرية', 'Lakhdaria', 120, '2025-11-21 09:53:04', '2025-11-21 09:53:04'),
(323, 'معلة', 'Maala', 120, '2025-11-21 09:53:04', '2025-11-21 09:53:04'),
(324, 'قادرية', 'Kadiria', 117, '2025-11-21 09:53:04', '2025-11-21 09:53:04'),
(325, 'زبربر', 'Z\'barbar (El Isseri )', 120, '2025-11-21 09:53:04', '2025-11-21 09:53:04'),
(326, 'وادي البردي', 'Oued El Berdi', 118, '2025-11-21 09:53:04', '2025-11-21 09:53:04'),
(327, 'تاظروك', 'Tazrouk', 121, '2025-11-21 09:53:04', '2025-11-21 09:53:04'),
(328, 'ابلسة', 'Abelsa', 122, '2025-11-21 09:53:04', '2025-11-21 09:53:04'),
(329, 'تمنراست', 'Tamanrasset', 123, '2025-11-21 09:53:04', '2025-11-21 09:53:04'),
(330, 'عين امقل', 'Ain Amguel', 123, '2025-11-21 09:53:04', '2025-11-21 09:53:04'),
(331, 'أدلس', 'Idles', 121, '2025-11-21 09:53:04', '2025-11-21 09:53:04'),
(332, 'الحويجبات', 'El-Houidjbet', 124, '2025-11-21 09:53:04', '2025-11-21 09:53:04'),
(333, 'العوينات', 'El-Aouinet', 125, '2025-11-21 09:53:04', '2025-11-21 09:53:04'),
(334, 'فركان', 'Ferkane', 126, '2025-11-21 09:53:04', '2025-11-21 09:53:04'),
(335, 'نقرين', 'Negrine', 126, '2025-11-21 09:53:04', '2025-11-21 09:53:04'),
(336, 'بئر مقدم', 'Bir Mokkadem', 127, '2025-11-21 09:53:04', '2025-11-21 09:53:04'),
(337, 'بئر الذهب', 'Bir Dheheb', 128, '2025-11-21 09:53:04', '2025-11-21 09:53:04'),
(338, 'صفصاف الوسرى', 'Saf Saf El Ouesra', 129, '2025-11-21 09:53:04', '2025-11-21 09:53:04'),
(339, 'قريقر', 'Guorriguer', 127, '2025-11-21 09:53:04', '2025-11-21 09:53:04'),
(340, 'بكارية', 'Bekkaria', 130, '2025-11-21 09:53:04', '2025-11-21 09:53:04'),
(341, 'بولحاف الدير', 'Boulhaf Dyr', 130, '2025-11-21 09:53:05', '2025-11-21 09:53:05'),
(342, 'أم علي', 'Oum Ali', 129, '2025-11-21 09:53:05', '2025-11-21 09:53:05'),
(343, 'بوخضرة', 'Boukhadra', 125, '2025-11-21 09:53:05', '2025-11-21 09:53:05'),
(344, 'الماء الابيض', 'El Malabiod', 124, '2025-11-21 09:53:05', '2025-11-21 09:53:05'),
(345, 'الونزة', 'Ouenza', 131, '2025-11-21 09:53:05', '2025-11-21 09:53:05'),
(346, 'المريج', 'El Meridj', 131, '2025-11-21 09:53:05', '2025-11-21 09:53:05'),
(347, 'عين الزرقاء', 'Ain Zerga', 131, '2025-11-21 09:53:05', '2025-11-21 09:53:05'),
(348, 'سطح قنطيس', 'Stah Guentis', 132, '2025-11-21 09:53:05', '2025-11-21 09:53:05'),
(349, 'العقلة', 'El Ogla', 132, '2025-11-21 09:53:05', '2025-11-21 09:53:05'),
(350, 'المزرعة', 'El Mezeraa', 132, '2025-11-21 09:53:05', '2025-11-21 09:53:05'),
(351, 'بجن', 'Bedjene', 132, '2025-11-21 09:53:05', '2025-11-21 09:53:05'),
(352, 'مرسط', 'Morsott', 128, '2025-11-21 09:53:05', '2025-11-21 09:53:05'),
(353, 'ثليجان', 'Telidjen', 133, '2025-11-21 09:53:05', '2025-11-21 09:53:05'),
(354, 'الشريعة', 'Cheria', 133, '2025-11-21 09:53:05', '2025-11-21 09:53:05'),
(355, 'العقلة المالحة', 'El Ogla El Malha', 134, '2025-11-21 09:53:05', '2025-11-21 09:53:05'),
(356, 'بئر العاتر', 'Bir-El-Ater', 134, '2025-11-21 09:53:05', '2025-11-21 09:53:05'),
(357, 'تبسة', 'Tebessa', 135, '2025-11-21 09:53:05', '2025-11-21 09:53:05'),
(358, 'الحمامات', 'Hammamet', 127, '2025-11-21 09:53:05', '2025-11-21 09:53:05'),
(359, 'الكويف', 'El Kouif', 130, '2025-11-21 09:53:05', '2025-11-21 09:53:05'),
(360, 'باب العسة', 'Bab El Assa', 136, '2025-11-21 09:53:05', '2025-11-21 09:53:05'),
(361, 'تيرني بني هديل', 'Terny Beni Hediel', 137, '2025-11-21 09:53:05', '2025-11-21 09:53:05'),
(362, 'منصورة', 'Mansourah', 137, '2025-11-21 09:53:05', '2025-11-21 09:53:05'),
(363, 'بني مستر', 'Beni Mester', 137, '2025-11-21 09:53:05', '2025-11-21 09:53:05'),
(364, 'عين غرابة', 'Ain Ghoraba', 137, '2025-11-21 09:53:05', '2025-11-21 09:53:05'),
(365, 'شتوان', 'Chetouane', 138, '2025-11-21 09:53:05', '2025-11-21 09:53:05'),
(366, 'عمير', 'Amieur', 138, '2025-11-21 09:53:05', '2025-11-21 09:53:05'),
(367, 'عين فزة', 'Ain Fezza', 138, '2025-11-21 09:53:05', '2025-11-21 09:53:05'),
(368, 'هنين', 'Honnaine', 139, '2025-11-21 09:53:05', '2025-11-21 09:53:05'),
(369, 'بني خلاد', 'Beni Khellad', 139, '2025-11-21 09:53:05', '2025-11-21 09:53:05'),
(370, 'سيدي الجيلالي', 'Sidi Djillali', 140, '2025-11-21 09:53:05', '2025-11-21 09:53:05'),
(371, 'البويهي', 'Bouihi', 140, '2025-11-21 09:53:05', '2025-11-21 09:53:05'),
(372, 'ندرومة', 'Nedroma', 141, '2025-11-21 09:53:05', '2025-11-21 09:53:05'),
(373, 'مسيردة الفواقة', 'M\'sirda Fouaga', 142, '2025-11-21 09:53:05', '2025-11-21 09:53:05'),
(374, 'مرسى بن مهيدي', 'Marsa Ben M\'hidi', 142, '2025-11-21 09:53:05', '2025-11-21 09:53:05'),
(375, 'سيدي مجاهد', 'Sidi Medjahed', 143, '2025-11-21 09:53:05', '2025-11-21 09:53:05'),
(376, 'بني بوسعيد', 'Beni Boussaid', 143, '2025-11-21 09:53:05', '2025-11-21 09:53:05'),
(377, 'سبدو', 'Sebdou', 144, '2025-11-21 09:53:05', '2025-11-21 09:53:05'),
(378, 'القور', 'El Gor', 144, '2025-11-21 09:53:05', '2025-11-21 09:53:05'),
(379, 'العريشة', 'El Aricha', 144, '2025-11-21 09:53:05', '2025-11-21 09:53:05'),
(380, 'بوحلو', 'Bouhlou', 145, '2025-11-21 09:53:05', '2025-11-21 09:53:05'),
(381, 'مغنية', 'Maghnia', 146, '2025-11-21 09:53:05', '2025-11-21 09:53:05'),
(382, 'حمام بوغرارة', 'Hammam Boughrara', 146, '2025-11-21 09:53:05', '2025-11-21 09:53:05'),
(383, 'زناتة', 'Zenata', 147, '2025-11-21 09:53:05', '2025-11-21 09:53:05'),
(384, 'أولاد رياح', 'Ouled Riyah', 147, '2025-11-21 09:53:05', '2025-11-21 09:53:05'),
(385, 'الحناية', 'Hennaya', 147, '2025-11-21 09:53:05', '2025-11-21 09:53:05'),
(386, 'سيدي العبدلي', 'Sidi Abdelli', 148, '2025-11-21 09:53:05', '2025-11-21 09:53:05'),
(387, 'سوق الثلاثاء', 'Souk Tleta', 136, '2025-11-21 09:53:05', '2025-11-21 09:53:05'),
(388, 'بن سكران', 'Bensekrane', 148, '2025-11-21 09:53:05', '2025-11-21 09:53:05'),
(389, 'فلاوسن', 'Fellaoucene', 149, '2025-11-21 09:53:05', '2025-11-21 09:53:05'),
(390, 'عين الكبيرة', 'Ain Kebira', 149, '2025-11-21 09:53:05', '2025-11-21 09:53:05'),
(391, 'عين فتاح', 'Ain Fetah', 149, '2025-11-21 09:53:05', '2025-11-21 09:53:05'),
(392, 'تلمسان', 'Tlemcen', 150, '2025-11-21 09:53:05', '2025-11-21 09:53:05'),
(393, 'عين النحالة', 'Ain Nehala', 151, '2025-11-21 09:53:05', '2025-11-21 09:53:05'),
(394, 'عين تالوت', 'Ain Tellout', 151, '2025-11-21 09:53:05', '2025-11-21 09:53:05'),
(395, 'عين يوسف', 'Ain Youcef', 152, '2025-11-21 09:53:05', '2025-11-21 09:53:05'),
(396, 'بني وارسوس', 'Beni Ouarsous', 152, '2025-11-21 09:53:05', '2025-11-21 09:53:05'),
(397, 'الفحول', 'El Fehoul', 152, '2025-11-21 09:53:05', '2025-11-21 09:53:05'),
(398, 'الرمشي', 'Remchi', 152, '2025-11-21 09:53:05', '2025-11-21 09:53:05'),
(399, 'سبعة شيوخ', 'Sebbaa Chioukh', 152, '2025-11-21 09:53:05', '2025-11-21 09:53:05'),
(400, 'السواني', 'Souani', 136, '2025-11-21 09:53:05', '2025-11-21 09:53:05'),
(401, 'صبرة', 'Sabra', 145, '2025-11-21 09:53:05', '2025-11-21 09:53:05'),
(402, 'دار يغمراسن', 'Dar Yaghmoracen', 153, '2025-11-21 09:53:05', '2025-11-21 09:53:05'),
(403, 'الغزوات', 'Ghazaouet', 153, '2025-11-21 09:53:05', '2025-11-21 09:53:05'),
(404, 'السواحلية', 'Souahlia', 153, '2025-11-21 09:53:05', '2025-11-21 09:53:05'),
(405, 'تيانت', 'Tianet', 153, '2025-11-21 09:53:05', '2025-11-21 09:53:05'),
(406, 'بني صميل', 'Beni Smiel', 154, '2025-11-21 09:53:05', '2025-11-21 09:53:05'),
(407, 'وادي الخضر', 'Oued Lakhdar', 154, '2025-11-21 09:53:05', '2025-11-21 09:53:05'),
(408, 'أولاد ميمون', 'Ouled Mimoun', 154, '2025-11-21 09:53:05', '2025-11-21 09:53:05'),
(409, 'بني بهدل', 'Beni Bahdel', 155, '2025-11-21 09:53:05', '2025-11-21 09:53:05'),
(410, 'بني سنوس', 'Beni Snous', 155, '2025-11-21 09:53:05', '2025-11-21 09:53:05'),
(411, 'العزايل', 'Azail', 155, '2025-11-21 09:53:05', '2025-11-21 09:53:05'),
(412, 'جبالة', 'Djebala', 141, '2025-11-21 09:53:05', '2025-11-21 09:53:05'),
(413, 'مهدية', 'Mahdia', 156, '2025-11-21 09:53:05', '2025-11-21 09:53:05'),
(414, 'عين دزاريت', 'Ain Dzarit', 156, '2025-11-21 09:53:05', '2025-11-21 09:53:05'),
(415, 'السبعين', 'Sebaine', 156, '2025-11-21 09:53:05', '2025-11-21 09:53:05'),
(416, 'الفايجة', 'Faidja', 157, '2025-11-21 09:53:05', '2025-11-21 09:53:05'),
(417, 'سي عبد الغني', 'Si Abdelghani', 157, '2025-11-21 09:53:05', '2025-11-21 09:53:05'),
(418, 'السوقر', 'Sougueur', 157, '2025-11-21 09:53:05', '2025-11-21 09:53:05'),
(419, 'توسنينة', 'Tousnina', 157, '2025-11-21 09:53:05', '2025-11-21 09:53:05'),
(420, 'مغيلة', 'Meghila', 158, '2025-11-21 09:53:05', '2025-11-21 09:53:05'),
(421, 'السبت', 'Sebt', 158, '2025-11-21 09:53:05', '2025-11-21 09:53:05'),
(422, 'سيدي حسني', 'Sidi Hosni', 158, '2025-11-21 09:53:05', '2025-11-21 09:53:05'),
(423, 'عين الحديد', 'Ain El Hadid', 159, '2025-11-21 09:53:05', '2025-11-21 09:53:05'),
(424, 'فرندة', 'Frenda', 159, '2025-11-21 09:53:05', '2025-11-21 09:53:05'),
(425, 'تخمرت', 'Takhemaret', 159, '2025-11-21 09:53:05', '2025-11-21 09:53:05'),
(426, 'عين كرمس', 'Ain Kermes', 160, '2025-11-21 09:53:05', '2025-11-21 09:53:05'),
(427, 'جبيلات الرصفاء', 'Djebilet Rosfa', 160, '2025-11-21 09:53:05', '2025-11-21 09:53:05'),
(428, 'مادنة', 'Madna', 160, '2025-11-21 09:53:05', '2025-11-21 09:53:05'),
(429, 'مدريسة', 'Medrissa', 160, '2025-11-21 09:53:05', '2025-11-21 09:53:05'),
(430, 'سيدي عبد الرحمن', 'Sidi Abderrahmane', 160, '2025-11-21 09:53:05', '2025-11-21 09:53:05'),
(431, 'قصر الشلالة', 'Ksar Chellala', 161, '2025-11-21 09:53:05', '2025-11-21 09:53:05'),
(432, 'قرطوفة', 'Guertoufa', 162, '2025-11-21 09:53:05', '2025-11-21 09:53:05'),
(433, 'سرغين', 'Serghine', 161, '2025-11-21 09:53:05', '2025-11-21 09:53:05'),
(434, 'زمالة  الأمير عبد القادر', 'Zmalet El Emir Abdelkade', 161, '2025-11-21 09:53:05', '2025-11-21 09:53:05'),
(435, 'وادي ليلي', 'Oued Lilli', 163, '2025-11-21 09:53:05', '2025-11-21 09:53:05'),
(436, 'سيدي علي ملال', 'Sidi Ali Mellal', 163, '2025-11-21 09:53:05', '2025-11-21 09:53:05'),
(437, 'جيلالي بن عمار', 'Djillali Ben Amar', 164, '2025-11-21 09:53:05', '2025-11-21 09:53:05'),
(438, 'مشرع الصفا', 'Mechraa Safa', 164, '2025-11-21 09:53:05', '2025-11-21 09:53:05'),
(439, 'تاقدمت', 'Tagdempt', 164, '2025-11-21 09:53:05', '2025-11-21 09:53:05'),
(440, 'بوقرة', 'Bougara', 165, '2025-11-21 09:53:05', '2025-11-21 09:53:05'),
(441, 'حمادية', 'Hamadia', 165, '2025-11-21 09:53:05', '2025-11-21 09:53:05'),
(442, 'الرشايقة', 'Rechaiga', 165, '2025-11-21 09:53:05', '2025-11-21 09:53:05'),
(443, 'تيدة', 'Tidda', 163, '2025-11-21 09:53:05', '2025-11-21 09:53:05'),
(444, 'الناظورة', 'Nadorah', 156, '2025-11-21 09:53:05', '2025-11-21 09:53:05'),
(445, 'تيارت', 'Tiaret', 166, '2025-11-21 09:53:05', '2025-11-21 09:53:05'),
(446, 'مدروسة', 'Medroussa', 167, '2025-11-21 09:53:05', '2025-11-21 09:53:05'),
(447, 'ملاكو', 'Mellakou', 167, '2025-11-21 09:53:05', '2025-11-21 09:53:05'),
(448, 'سيدي بختي', 'Sidi Bakhti', 167, '2025-11-21 09:53:05', '2025-11-21 09:53:05'),
(449, 'عين الذهب', 'Ain Deheb', 168, '2025-11-21 09:53:05', '2025-11-21 09:53:05'),
(450, 'شحيمة', 'Chehaima', 168, '2025-11-21 09:53:05', '2025-11-21 09:53:05'),
(451, 'النعيمة', 'Naima', 168, '2025-11-21 09:53:05', '2025-11-21 09:53:05'),
(452, 'عين بوشقيف', 'Ain Bouchekif', 169, '2025-11-21 09:53:05', '2025-11-21 09:53:05'),
(453, 'دحموني', 'Dahmouni', 169, '2025-11-21 09:53:05', '2025-11-21 09:53:05'),
(454, 'الرحوية', 'Rahouia', 162, '2025-11-21 09:53:05', '2025-11-21 09:53:05'),
(455, 'ميزرانـــة', 'Mizrana', 170, '2025-11-21 09:53:05', '2025-11-21 09:53:05'),
(456, 'إيجــار', 'Idjeur', 171, '2025-11-21 09:53:05', '2025-11-21 09:53:05'),
(457, 'بني دوالة', 'Beni-Douala', 172, '2025-11-21 09:53:05', '2025-11-21 09:53:05'),
(458, 'بني زيكــي', 'Beni-Zikki', 171, '2025-11-21 09:53:05', '2025-11-21 09:53:05'),
(459, 'إيلولة أومـــالو', 'Illoula Oumalou', 171, '2025-11-21 09:53:05', '2025-11-21 09:53:05'),
(460, 'أقني قغران', 'Agouni-Gueghrane', 173, '2025-11-21 09:53:05', '2025-11-21 09:53:05'),
(461, 'أيت بــوادو', 'Ait Bouaddou', 173, '2025-11-21 09:53:05', '2025-11-21 09:53:05'),
(462, 'واضية', 'Ouadhias', 173, '2025-11-21 09:53:05', '2025-11-21 09:53:05'),
(463, 'تيزي نثلاثة', 'Tizi N\'tleta', 173, '2025-11-21 09:53:05', '2025-11-21 09:53:05'),
(464, 'أغريب', 'Aghribs', 174, '2025-11-21 09:53:05', '2025-11-21 09:53:05'),
(465, 'أيت شافع', 'Ait-Chafaa', 174, '2025-11-21 09:53:05', '2025-11-21 09:53:05'),
(466, 'أقرو', 'Akerrou', 174, '2025-11-21 09:53:05', '2025-11-21 09:53:05'),
(467, 'أزفون', 'Azeffoun', 174, '2025-11-21 09:53:05', '2025-11-21 09:53:05'),
(468, 'إفليـــسن', 'Iflissen', 170, '2025-11-21 09:53:05', '2025-11-21 09:53:05'),
(469, 'تيقـزيرت', 'Tigzirt', 170, '2025-11-21 09:53:05', '2025-11-21 09:53:05'),
(470, 'أسي يوسف', 'Assi-Youcef', 175, '2025-11-21 09:53:05', '2025-11-21 09:53:05'),
(471, 'بوغني', 'Boghni', 175, '2025-11-21 09:53:05', '2025-11-21 09:53:05'),
(472, 'بونوح', 'Bounouh', 175, '2025-11-21 09:53:05', '2025-11-21 09:53:05'),
(473, 'مشطراس', 'Mechtras', 175, '2025-11-21 09:53:05', '2025-11-21 09:53:05'),
(474, 'ذراع بن خدة', 'Draa-Ben-Khedda', 176, '2025-11-21 09:53:06', '2025-11-21 09:53:06'),
(475, 'سيدي نعمان', 'Sidi Namane', 176, '2025-11-21 09:53:06', '2025-11-21 09:53:06'),
(476, 'تادمايت', 'Tadmait', 176, '2025-11-21 09:53:06', '2025-11-21 09:53:06'),
(477, 'تيرمتين', 'Tirmitine', 176, '2025-11-21 09:53:06', '2025-11-21 09:53:06'),
(478, 'أيت بومهدي', 'Ait Boumahdi', 177, '2025-11-21 09:53:06', '2025-11-21 09:53:06'),
(479, 'أيت تودرت', 'Ait-Toudert', 177, '2025-11-21 09:53:06', '2025-11-21 09:53:06'),
(480, 'بني عيسي', 'Beni-Aissi', 172, '2025-11-21 09:53:06', '2025-11-21 09:53:06'),
(481, 'واسيف', 'Ouacif', 177, '2025-11-21 09:53:06', '2025-11-21 09:53:06'),
(482, 'أيت خليلي', 'Ait Khellili', 178, '2025-11-21 09:53:06', '2025-11-21 09:53:06'),
(483, 'مقــلع', 'Mekla', 178, '2025-11-21 09:53:06', '2025-11-21 09:53:06'),
(484, 'صوامـــع', 'Souama', 178, '2025-11-21 09:53:06', '2025-11-21 09:53:06'),
(485, 'بني يني', 'Beni-Yenni', 179, '2025-11-21 09:53:06', '2025-11-21 09:53:06'),
(486, 'إبودرارن', 'Iboudrarene', 179, '2025-11-21 09:53:06', '2025-11-21 09:53:06'),
(487, 'تيزي وزو', 'Tizi-Ouzou', 180, '2025-11-21 09:53:06', '2025-11-21 09:53:06'),
(488, 'أبي يوسف', 'Abi-Youcef', 181, '2025-11-21 09:53:06', '2025-11-21 09:53:06'),
(489, 'عين الحمام', 'Ain-El-Hammam', 181, '2025-11-21 09:53:06', '2025-11-21 09:53:06'),
(490, 'أيت يحيى', 'Ait-Yahia', 181, '2025-11-21 09:53:06', '2025-11-21 09:53:06'),
(491, 'اقبيل', 'Akbil', 181, '2025-11-21 09:53:06', '2025-11-21 09:53:06'),
(492, 'بوجيمة', 'Boudjima', 182, '2025-11-21 09:53:06', '2025-11-21 09:53:06'),
(493, 'ماكودة', 'Makouda', 182, '2025-11-21 09:53:06', '2025-11-21 09:53:06'),
(494, 'عين الزاوية', 'Ain-Zaouia', 183, '2025-11-21 09:53:06', '2025-11-21 09:53:06'),
(495, 'أيت يحي موسى', 'Ait Yahia Moussa', 183, '2025-11-21 09:53:06', '2025-11-21 09:53:06'),
(496, 'ذراع الميزان', 'Draa-El-Mizan', 183, '2025-11-21 09:53:06', '2025-11-21 09:53:06'),
(497, 'فريقات', 'Frikat', 183, '2025-11-21 09:53:06', '2025-11-21 09:53:06'),
(498, 'مكيرة', 'M\'kira', 184, '2025-11-21 09:53:06', '2025-11-21 09:53:06'),
(499, 'تيزي غنيف', 'Tizi-Gheniff', 184, '2025-11-21 09:53:06', '2025-11-21 09:53:06'),
(500, 'يطــافن', 'Yatafene', 179, '2025-11-21 09:53:06', '2025-11-21 09:53:06'),
(501, 'إيلـيــلتـن', 'Illilten', 185, '2025-11-21 09:53:06', '2025-11-21 09:53:06'),
(502, 'إمســوحال', 'Imsouhal', 185, '2025-11-21 09:53:06', '2025-11-21 09:53:06'),
(503, 'عزازقة', 'Azazga', 186, '2025-11-21 09:53:06', '2025-11-21 09:53:06'),
(504, 'فريحة', 'Freha', 186, '2025-11-21 09:53:06', '2025-11-21 09:53:06'),
(505, 'إيفيغاء', 'Ifigha', 186, '2025-11-21 09:53:06', '2025-11-21 09:53:06'),
(506, 'إعــكورن', 'Yakourene', 186, '2025-11-21 09:53:06', '2025-11-21 09:53:06'),
(507, 'زكري', 'Zekri', 186, '2025-11-21 09:53:06', '2025-11-21 09:53:06'),
(508, 'أيت عقـواشة', 'Ait Aggouacha', 187, '2025-11-21 09:53:06', '2025-11-21 09:53:06'),
(509, 'إيرجـــن', 'Irdjen', 187, '2025-11-21 09:53:06', '2025-11-21 09:53:06'),
(510, 'الأربعــاء ناث إيراثن', 'Larbaa Nath Irathen', 187, '2025-11-21 09:53:06', '2025-11-21 09:53:06'),
(511, 'أيت  أومالو', 'Ait-Oumalou', 188, '2025-11-21 09:53:06', '2025-11-21 09:53:06'),
(512, 'تيزي راشد', 'Tizi-Rached', 188, '2025-11-21 09:53:06', '2025-11-21 09:53:06'),
(513, 'أيت عيسى ميمون', 'Ait-Aissa-Mimoun', 189, '2025-11-21 09:53:06', '2025-11-21 09:53:06'),
(514, 'واقنون', 'Ouaguenoun', 189, '2025-11-21 09:53:06', '2025-11-21 09:53:06'),
(515, 'تيمـيزار', 'Timizart', 189, '2025-11-21 09:53:06', '2025-11-21 09:53:06'),
(516, 'معـــاتقة', 'Maatkas', 190, '2025-11-21 09:53:06', '2025-11-21 09:53:06'),
(517, 'سوق الإثنين', 'Souk-El-Tenine', 190, '2025-11-21 09:53:06', '2025-11-21 09:53:06'),
(518, 'أيت محمود', 'Ait-Mahmoud', 172, '2025-11-21 09:53:06', '2025-11-21 09:53:06'),
(519, 'بنــــي زمنزار', 'Beni Zmenzer', 172, '2025-11-21 09:53:06', '2025-11-21 09:53:06'),
(520, 'إفــرحــونان', 'Iferhounene', 185, '2025-11-21 09:53:06', '2025-11-21 09:53:06'),
(521, 'بوزقــن', 'Bouzeguene', 171, '2025-11-21 09:53:06', '2025-11-21 09:53:06'),
(522, 'حسين داي', 'Hussein Dey', 191, '2025-11-21 09:53:06', '2025-11-21 09:53:06'),
(523, 'الكاليتوس', 'Les Eucalyptus', 192, '2025-11-21 09:53:06', '2025-11-21 09:53:06'),
(524, 'سيدي موسى', 'Sidi Moussa', 192, '2025-11-21 09:53:06', '2025-11-21 09:53:06'),
(525, 'القبة', 'Kouba', 191, '2025-11-21 09:53:06', '2025-11-21 09:53:06'),
(526, 'محمد بلوزداد', 'Mohamed Belouzdad', 191, '2025-11-21 09:53:06', '2025-11-21 09:53:06'),
(527, 'عين طاية', 'Ain Taya', 193, '2025-11-21 09:53:06', '2025-11-21 09:53:06'),
(528, 'باب الزوار', 'Bab Ezzouar', 193, '2025-11-21 09:53:06', '2025-11-21 09:53:06'),
(529, 'برج الكيفان', 'Bordj El Kiffan', 193, '2025-11-21 09:53:06', '2025-11-21 09:53:06'),
(530, 'الدار البيضاء', 'Dar El Beida', 193, '2025-11-21 09:53:06', '2025-11-21 09:53:06'),
(531, 'المرسى', 'El Marsa', 193, '2025-11-21 09:53:06', '2025-11-21 09:53:06'),
(532, 'المحمدية', 'Mohammadia', 193, '2025-11-21 09:53:06', '2025-11-21 09:53:06'),
(533, 'بئر توتة', 'Bir Touta', 194, '2025-11-21 09:53:06', '2025-11-21 09:53:06'),
(534, 'اولاد شبل', 'Ouled Chebel', 194, '2025-11-21 09:53:06', '2025-11-21 09:53:06'),
(535, 'تسالة المرجة', 'Tessala El Merdja', 194, '2025-11-21 09:53:06', '2025-11-21 09:53:06'),
(536, 'هراوة', 'Herraoua', 195, '2025-11-21 09:53:06', '2025-11-21 09:53:06'),
(537, 'رغاية', 'Reghaia', 195, '2025-11-21 09:53:06', '2025-11-21 09:53:06'),
(538, 'الرويبة', 'Rouiba', 195, '2025-11-21 09:53:06', '2025-11-21 09:53:06'),
(539, 'المعالمة', 'Maalma', 196, '2025-11-21 09:53:06', '2025-11-21 09:53:06'),
(540, 'الرحمانية', 'Rahmania', 196, '2025-11-21 09:53:06', '2025-11-21 09:53:06'),
(541, 'سويدانية', 'Souidania', 196, '2025-11-21 09:53:06', '2025-11-21 09:53:06'),
(542, 'سطاوالي', 'Staoueli', 196, '2025-11-21 09:53:06', '2025-11-21 09:53:06'),
(543, 'زرالدة', 'Zeralda', 196, '2025-11-21 09:53:06', '2025-11-21 09:53:06'),
(544, 'بابا حسن', 'Baba Hassen', 197, '2025-11-21 09:53:06', '2025-11-21 09:53:06'),
(545, 'الدويرة', 'Douira', 197, '2025-11-21 09:53:06', '2025-11-21 09:53:06'),
(546, 'الدرارية', 'Draria', 197, '2025-11-21 09:53:06', '2025-11-21 09:53:06'),
(547, 'العاشور', 'El Achour', 197, '2025-11-21 09:53:06', '2025-11-21 09:53:06'),
(548, 'الخرايسية', 'Khraissia', 197, '2025-11-21 09:53:06', '2025-11-21 09:53:06'),
(549, 'عين بنيان', 'Ain Benian', 198, '2025-11-21 09:53:06', '2025-11-21 09:53:06'),
(550, 'الشراقة', 'Cheraga', 198, '2025-11-21 09:53:06', '2025-11-21 09:53:06'),
(551, 'دالي ابراهيم', 'Dely Ibrahim', 198, '2025-11-21 09:53:06', '2025-11-21 09:53:06'),
(552, 'الحمامات', 'Hammamet', 198, '2025-11-21 09:53:06', '2025-11-21 09:53:06'),
(553, 'اولاد فايت', 'Ouled Fayet', 198, '2025-11-21 09:53:06', '2025-11-21 09:53:06'),
(554, 'الجزائر الوسطى', 'Alger Centre', 199, '2025-11-21 09:53:06', '2025-11-21 09:53:06'),
(555, 'المدنية', 'El Madania', 199, '2025-11-21 09:53:06', '2025-11-21 09:53:06'),
(556, 'المرادية', 'El Mouradia', 199, '2025-11-21 09:53:06', '2025-11-21 09:53:06'),
(557, 'سيدي امحمد', 'Sidi M\'hamed', 199, '2025-11-21 09:53:06', '2025-11-21 09:53:06'),
(558, 'السحاولة', 'Sehaoula', 200, '2025-11-21 09:53:06', '2025-11-21 09:53:06'),
(559, 'بولوغين بن زيري', 'Bologhine Ibnou Ziri', 201, '2025-11-21 09:53:06', '2025-11-21 09:53:06'),
(560, 'القصبة', 'Casbah', 201, '2025-11-21 09:53:06', '2025-11-21 09:53:06'),
(561, 'وادي قريش', 'Oued Koriche', 201, '2025-11-21 09:53:06', '2025-11-21 09:53:06'),
(562, 'الرايس حميدو', 'Rais Hamidou', 201, '2025-11-21 09:53:06', '2025-11-21 09:53:06'),
(563, 'بئر مراد رايس', 'Bir Mourad Rais', 200, '2025-11-21 09:53:06', '2025-11-21 09:53:06'),
(564, 'بئر خادم', 'Birkhadem', 200, '2025-11-21 09:53:06', '2025-11-21 09:53:06'),
(565, 'جسر قسنطينة', 'Djasr Kasentina', 200, '2025-11-21 09:53:06', '2025-11-21 09:53:06'),
(566, 'حيدرة', 'Hydra', 200, '2025-11-21 09:53:06', '2025-11-21 09:53:06'),
(567, 'المغارية', 'El Magharia', 191, '2025-11-21 09:53:06', '2025-11-21 09:53:06'),
(568, 'ابن عكنون', 'Ben Aknoun', 202, '2025-11-21 09:53:06', '2025-11-21 09:53:06'),
(569, 'بني مسوس', 'Beni Messous', 202, '2025-11-21 09:53:06', '2025-11-21 09:53:06'),
(570, 'بوزريعة', 'Bouzareah', 202, '2025-11-21 09:53:06', '2025-11-21 09:53:06'),
(571, 'الابيار', 'El Biar', 202, '2025-11-21 09:53:06', '2025-11-21 09:53:06'),
(572, 'باش جراح', 'Bachedjerah', 203, '2025-11-21 09:53:06', '2025-11-21 09:53:06'),
(573, 'بوروبة', 'Bourouba', 203, '2025-11-21 09:53:06', '2025-11-21 09:53:06'),
(574, 'الحراش', 'El Harrach', 203, '2025-11-21 09:53:06', '2025-11-21 09:53:06'),
(575, 'وادي السمار', 'Oued Smar', 203, '2025-11-21 09:53:06', '2025-11-21 09:53:06'),
(576, 'براقي', 'Baraki', 192, '2025-11-21 09:53:06', '2025-11-21 09:53:06'),
(577, 'برج البحري', 'Bordj El Bahri', 193, '2025-11-21 09:53:06', '2025-11-21 09:53:06'),
(578, 'باب الوادي', 'Bab El Oued', 201, '2025-11-21 09:53:06', '2025-11-21 09:53:06'),
(579, 'حاسي العش', 'Hassi El Euch', 204, '2025-11-21 09:53:06', '2025-11-21 09:53:06'),
(580, 'عين الإبل', 'Ain El Ibel', 205, '2025-11-21 09:53:06', '2025-11-21 09:53:06'),
(581, 'القديد', 'El Guedid', 206, '2025-11-21 09:53:06', '2025-11-21 09:53:06'),
(582, 'الشارف', 'Charef', 206, '2025-11-21 09:53:06', '2025-11-21 09:53:06'),
(583, 'بن يعقوب', 'Benyagoub', 206, '2025-11-21 09:53:06', '2025-11-21 09:53:06'),
(584, 'سيدي بايزيد', 'Sidi Baizid', 207, '2025-11-21 09:53:06', '2025-11-21 09:53:06'),
(585, 'مليليحة', 'M\'liliha', 207, '2025-11-21 09:53:06', '2025-11-21 09:53:06'),
(586, 'دار الشيوخ', 'Dar Chioukh', 207, '2025-11-21 09:53:06', '2025-11-21 09:53:06'),
(587, 'تعظميت', 'Taadmit', 205, '2025-11-21 09:53:06', '2025-11-21 09:53:06'),
(588, 'حد الصحاري', 'Had Sahary', 208, '2025-11-21 09:53:06', '2025-11-21 09:53:06'),
(589, 'بويرة الأحداب', 'Bouira Lahdab', 208, '2025-11-21 09:53:06', '2025-11-21 09:53:06'),
(590, 'عين فقه', 'Ain Fekka', 208, '2025-11-21 09:53:06', '2025-11-21 09:53:06'),
(591, 'سيدي لعجال', 'Sidi Laadjel', 209, '2025-11-21 09:53:06', '2025-11-21 09:53:06'),
(592, 'حاسي فدول', 'Hassi Fedoul', 209, '2025-11-21 09:53:06', '2025-11-21 09:53:06'),
(593, 'الخميس', 'El Khemis', 209, '2025-11-21 09:53:06', '2025-11-21 09:53:06'),
(594, 'سلمانة', 'Selmana', 210, '2025-11-21 09:53:06', '2025-11-21 09:53:06'),
(595, 'سد الرحال', 'Sed Rahal', 210, '2025-11-21 09:53:06', '2025-11-21 09:53:06'),
(596, 'مسعد', 'Messaad', 210, '2025-11-21 09:53:06', '2025-11-21 09:53:06'),
(597, 'قطارة', 'Guettara', 210, '2025-11-21 09:53:06', '2025-11-21 09:53:06'),
(598, 'دلدول', 'Deldoul', 210, '2025-11-21 09:53:06', '2025-11-21 09:53:06'),
(599, 'زكار', 'Zaccar', 205, '2025-11-21 09:53:06', '2025-11-21 09:53:06'),
(600, 'دويس', 'Douis', 211, '2025-11-21 09:53:06', '2025-11-21 09:53:06'),
(601, 'الادريسية', 'El Idrissia', 211, '2025-11-21 09:53:06', '2025-11-21 09:53:06'),
(602, 'عين الشهداء', 'Ain Chouhada', 211, '2025-11-21 09:53:06', '2025-11-21 09:53:06'),
(603, 'الجلفة', 'Djelfa', 212, '2025-11-21 09:53:06', '2025-11-21 09:53:06'),
(604, 'بيرين', 'Birine', 213, '2025-11-21 09:53:06', '2025-11-21 09:53:06'),
(605, 'أم العظام', 'Oum Laadham', 214, '2025-11-21 09:53:06', '2025-11-21 09:53:06'),
(606, 'فيض البطمة', 'Faidh El Botma', 214, '2025-11-21 09:53:06', '2025-11-21 09:53:06'),
(607, 'عمورة', 'Amourah', 214, '2025-11-21 09:53:06', '2025-11-21 09:53:06'),
(608, 'زعفران', 'Zaafrane', 204, '2025-11-21 09:53:06', '2025-11-21 09:53:06'),
(609, 'قرنيني', 'Guernini', 215, '2025-11-21 09:53:06', '2025-11-21 09:53:06'),
(610, 'عين وسارة', 'Ain Oussera', 215, '2025-11-21 09:53:06', '2025-11-21 09:53:06'),
(611, 'بنهار', 'Benhar', 213, '2025-11-21 09:53:06', '2025-11-21 09:53:06'),
(612, 'عين معبد', 'Ain Maabed', 204, '2025-11-21 09:53:06', '2025-11-21 09:53:06'),
(613, 'حاسي بحبح', 'Hassi Bahbah', 204, '2025-11-21 09:53:06', '2025-11-21 09:53:06'),
(614, 'مجبارة', 'Moudjebara', 205, '2025-11-21 09:53:06', '2025-11-21 09:53:06'),
(615, 'جيجل', 'Jijel', 216, '2025-11-21 09:53:06', '2025-11-21 09:53:06'),
(616, 'العوانة', 'El Aouana', 217, '2025-11-21 09:53:06', '2025-11-21 09:53:06'),
(617, 'سلمى بن زيادة', 'Selma Benziada', 217, '2025-11-21 09:53:06', '2025-11-21 09:53:06'),
(618, 'أراقن سويسي', 'Erraguene Souissi', 218, '2025-11-21 09:53:06', '2025-11-21 09:53:06'),
(619, 'بوسيف أولاد عسكر', 'Boussif Ouled Askeur', 219, '2025-11-21 09:53:06', '2025-11-21 09:53:06');

INSERT INTO `communes` (`id_commune`, `nom`, `commune_name_ascii`, `dairaId`, `createdAt`, `updatedAt`) VALUES
(620, 'زيامة منصورية', 'Ziama Mansouriah', 218, '2025-11-21 09:53:06', '2025-11-21 09:53:06'),
(621, 'الشحنة', 'Chahna', 219, '2025-11-21 09:53:06', '2025-11-21 09:53:06'),
(622, 'الامير عبد القادر', 'Emir Abdelkader', 219, '2025-11-21 09:53:06', '2025-11-21 09:53:06'),
(623, 'وجانة', 'Oudjana', 219, '2025-11-21 09:53:06', '2025-11-21 09:53:06'),
(624, 'الطاهير', 'Taher', 219, '2025-11-21 09:53:06', '2025-11-21 09:53:06'),
(625, 'الشقفة', 'Chekfa', 220, '2025-11-21 09:53:06', '2025-11-21 09:53:06'),
(626, 'القنار نشفي', 'El Kennar Nouchfi', 220, '2025-11-21 09:53:06', '2025-11-21 09:53:06'),
(627, 'سيدي عبد العزيز', 'Sidi Abdelaziz', 220, '2025-11-21 09:53:06', '2025-11-21 09:53:06'),
(628, 'الميلية', 'El Milia', 221, '2025-11-21 09:53:06', '2025-11-21 09:53:06'),
(629, 'أولاد يحيى خدروش', 'Ouled Yahia Khadrouch', 221, '2025-11-21 09:53:06', '2025-11-21 09:53:06'),
(630, 'أولاد رابح', 'Ouled Rabah', 222, '2025-11-21 09:53:06', '2025-11-21 09:53:06'),
(631, 'سيدي معروف', 'Sidi Marouf', 222, '2025-11-21 09:53:06', '2025-11-21 09:53:06'),
(632, 'غبالة', 'Ghebala', 223, '2025-11-21 09:53:06', '2025-11-21 09:53:06'),
(633, 'السطارة', 'Settara', 223, '2025-11-21 09:53:07', '2025-11-21 09:53:07'),
(634, 'بوراوي بلهادف', 'Bouraoui Belhadef', 224, '2025-11-21 09:53:07', '2025-11-21 09:53:07'),
(635, 'العنصر', 'El Ancer', 224, '2025-11-21 09:53:07', '2025-11-21 09:53:07'),
(636, 'خيري واد عجول', 'Khiri Oued Adjoul', 224, '2025-11-21 09:53:07', '2025-11-21 09:53:07'),
(637, 'جيملة', 'Djimla', 225, '2025-11-21 09:53:07', '2025-11-21 09:53:07'),
(638, 'قاوس', 'Kaous', 226, '2025-11-21 09:53:07', '2025-11-21 09:53:07'),
(639, 'تاكسنة', 'Texenna', 226, '2025-11-21 09:53:07', '2025-11-21 09:53:07'),
(640, 'برج الطهر', 'Bordj T\'har', 220, '2025-11-21 09:53:07', '2025-11-21 09:53:07'),
(641, 'بودريعة بني  ياجيس', 'Boudria Beniyadjis', 225, '2025-11-21 09:53:07', '2025-11-21 09:53:07'),
(642, 'الجمعة بني حبيبي', 'Djemaa Beni Habibi', 224, '2025-11-21 09:53:07', '2025-11-21 09:53:07'),
(643, 'الرصفة', 'Rosfa', 227, '2025-11-21 09:53:07', '2025-11-21 09:53:07'),
(644, 'واد البارد', 'Oued El Bared', 228, '2025-11-21 09:53:07', '2025-11-21 09:53:07'),
(645, 'تيزي نبشار', 'Tizi N\'bechar', 228, '2025-11-21 09:53:07', '2025-11-21 09:53:07'),
(646, 'مزلوق', 'Mezloug', 229, '2025-11-21 09:53:07', '2025-11-21 09:53:07'),
(647, 'قلال', 'Guellal', 230, '2025-11-21 09:53:07', '2025-11-21 09:53:07'),
(648, 'قصر الابطال', 'Kasr El Abtal', 230, '2025-11-21 09:53:07', '2025-11-21 09:53:07'),
(649, 'أولاد سي أحمد', 'Ouled Si Ahmed', 230, '2025-11-21 09:53:07', '2025-11-21 09:53:07'),
(650, 'أيت نوال مزادة', 'Ait Naoual Mezada', 231, '2025-11-21 09:53:07', '2025-11-21 09:53:07'),
(651, 'ايت تيزي', 'Ait-Tizi', 231, '2025-11-21 09:53:07', '2025-11-21 09:53:07'),
(652, 'بوعنداس', 'Bouandas', 231, '2025-11-21 09:53:07', '2025-11-21 09:53:07'),
(653, 'بوسلام', 'Bousselam', 231, '2025-11-21 09:53:07', '2025-11-21 09:53:07'),
(654, 'حمام السخنة', 'Hamam Soukhna', 232, '2025-11-21 09:53:07', '2025-11-21 09:53:07'),
(655, 'الطاية', 'Taya', 232, '2025-11-21 09:53:07', '2025-11-21 09:53:07'),
(656, 'التلة', 'Tella', 232, '2025-11-21 09:53:07', '2025-11-21 09:53:07'),
(657, 'عين ولمان', 'Ain Oulmene', 230, '2025-11-21 09:53:07', '2025-11-21 09:53:07'),
(658, 'بوطالب', 'Boutaleb', 227, '2025-11-21 09:53:07', '2025-11-21 09:53:07'),
(659, 'الحامة', 'Hamma', 227, '2025-11-21 09:53:07', '2025-11-21 09:53:07'),
(660, 'أولاد تبان', 'Ouled Tebben', 227, '2025-11-21 09:53:07', '2025-11-21 09:53:07'),
(661, 'عموشة', 'Amoucha', 228, '2025-11-21 09:53:07', '2025-11-21 09:53:07'),
(662, 'صالح باي', 'Salah Bey', 227, '2025-11-21 09:53:07', '2025-11-21 09:53:07'),
(663, 'عين أزال', 'Ain Azel', 233, '2025-11-21 09:53:07', '2025-11-21 09:53:07'),
(664, 'عين الحجر', 'Ain Lahdjar', 233, '2025-11-21 09:53:07', '2025-11-21 09:53:07'),
(665, 'بيضاء برج', 'Beidha Bordj', 233, '2025-11-21 09:53:07', '2025-11-21 09:53:07'),
(666, 'بئر حدادة', 'Bir Haddada', 233, '2025-11-21 09:53:07', '2025-11-21 09:53:07'),
(667, 'قنزات', 'Guenzet', 234, '2025-11-21 09:53:07', '2025-11-21 09:53:07'),
(668, 'حربيل', 'Harbil', 234, '2025-11-21 09:53:07', '2025-11-21 09:53:07'),
(669, 'عين الروى', 'Ain-Roua', 235, '2025-11-21 09:53:07', '2025-11-21 09:53:07'),
(670, 'بني وسين', 'Beni Oussine', 235, '2025-11-21 09:53:07', '2025-11-21 09:53:07'),
(671, 'أوريسيا', 'El Ouricia', 229, '2025-11-21 09:53:07', '2025-11-21 09:53:07'),
(672, 'بوقاعة', 'Bougaa', 235, '2025-11-21 09:53:07', '2025-11-21 09:53:07'),
(673, 'ذراع قبيلة', 'Draa-Kebila', 236, '2025-11-21 09:53:07', '2025-11-21 09:53:07'),
(674, 'حمام قرقور', 'Hammam Guergour', 236, '2025-11-21 09:53:07', '2025-11-21 09:53:07'),
(675, 'سطيف', 'Setif', 237, '2025-11-21 09:53:07', '2025-11-21 09:53:07'),
(676, 'عين الكبيرة', 'Ain El Kebira', 238, '2025-11-21 09:53:07', '2025-11-21 09:53:07'),
(677, 'الدهامشة', 'Dehamcha', 238, '2025-11-21 09:53:07', '2025-11-21 09:53:07'),
(678, 'أولاد عدوان', 'Ouled Addouane', 238, '2025-11-21 09:53:07', '2025-11-21 09:53:07'),
(679, 'عين السبت', 'Ain-Sebt', 239, '2025-11-21 09:53:07', '2025-11-21 09:53:07'),
(680, 'بني عزيز', 'Beni-Aziz', 239, '2025-11-21 09:53:07', '2025-11-21 09:53:07'),
(681, 'معاوية', 'Maaouia', 239, '2025-11-21 09:53:07', '2025-11-21 09:53:07'),
(682, 'بلاعة', 'Bellaa', 240, '2025-11-21 09:53:07', '2025-11-21 09:53:07'),
(683, 'بئر العرش', 'Bir-El-Arch', 240, '2025-11-21 09:53:07', '2025-11-21 09:53:07'),
(684, 'الولجة', 'El-Ouldja', 240, '2025-11-21 09:53:07', '2025-11-21 09:53:07'),
(685, 'تاشودة', 'Tachouda', 240, '2025-11-21 09:53:07', '2025-11-21 09:53:07'),
(686, 'تالة إيفاسن', 'Tala-Ifacene', 241, '2025-11-21 09:53:07', '2025-11-21 09:53:07'),
(687, 'سرج الغول', 'Serdj-El-Ghoul', 242, '2025-11-21 09:53:07', '2025-11-21 09:53:07'),
(688, 'قجال', 'Guidjel', 243, '2025-11-21 09:53:07', '2025-11-21 09:53:07'),
(689, 'أولاد صابر', 'Ouled Sabor', 243, '2025-11-21 09:53:07', '2025-11-21 09:53:07'),
(690, 'بازر سكرة', 'Bazer-Sakra', 244, '2025-11-21 09:53:07', '2025-11-21 09:53:07'),
(691, 'العلمة', 'El Eulma', 244, '2025-11-21 09:53:07', '2025-11-21 09:53:07'),
(692, 'قلتة زرقاء', 'Guelta Zerka', 244, '2025-11-21 09:53:07', '2025-11-21 09:53:07'),
(693, 'بني فودة', 'Beni Fouda', 245, '2025-11-21 09:53:07', '2025-11-21 09:53:07'),
(694, 'جميلة', 'Djemila', 245, '2025-11-21 09:53:07', '2025-11-21 09:53:07'),
(695, 'عين لقراج', 'Ain-Legradj', 246, '2025-11-21 09:53:07', '2025-11-21 09:53:07'),
(696, 'بني شبانة', 'Beni Chebana', 246, '2025-11-21 09:53:07', '2025-11-21 09:53:07'),
(697, 'بني ورتيلان', 'Beni Ourtilane', 246, '2025-11-21 09:53:07', '2025-11-21 09:53:07'),
(698, 'بني موحلي', 'Beni-Mouhli', 246, '2025-11-21 09:53:07', '2025-11-21 09:53:07'),
(699, 'عين عباسة', 'Ain Abessa', 229, '2025-11-21 09:53:07', '2025-11-21 09:53:07'),
(700, 'عين أرنات', 'Ain Arnat', 229, '2025-11-21 09:53:07', '2025-11-21 09:53:07'),
(701, 'بابور', 'Babor', 242, '2025-11-21 09:53:07', '2025-11-21 09:53:07'),
(702, 'ماوكلان', 'Maouaklane', 241, '2025-11-21 09:53:07', '2025-11-21 09:53:07'),
(703, 'سعيدة', 'Saida', 247, '2025-11-21 09:53:07', '2025-11-21 09:53:07'),
(704, 'تيرسين', 'Tircine', 248, '2025-11-21 09:53:07', '2025-11-21 09:53:07'),
(705, 'أولاد إبراهيم', 'Ouled Brahim', 248, '2025-11-21 09:53:07', '2025-11-21 09:53:07'),
(706, 'عين السلطان', 'Ain Soltane', 248, '2025-11-21 09:53:07', '2025-11-21 09:53:07'),
(707, 'المعمورة', 'Maamora', 249, '2025-11-21 09:53:07', '2025-11-21 09:53:07'),
(708, 'الحساسنة', 'El Hassasna', 249, '2025-11-21 09:53:07', '2025-11-21 09:53:07'),
(709, 'عين السخونة', 'Ain Sekhouna', 249, '2025-11-21 09:53:07', '2025-11-21 09:53:07'),
(710, 'سيدي بوبكر', 'Sidi Boubekeur', 250, '2025-11-21 09:53:07', '2025-11-21 09:53:07'),
(711, 'أولاد خالد', 'Ouled Khaled', 250, '2025-11-21 09:53:07', '2025-11-21 09:53:07'),
(712, 'هونت', 'Hounet', 250, '2025-11-21 09:53:07', '2025-11-21 09:53:07'),
(713, 'يوب', 'Youb', 251, '2025-11-21 09:53:07', '2025-11-21 09:53:07'),
(714, 'دوي ثابت', 'Doui Thabet', 251, '2025-11-21 09:53:07', '2025-11-21 09:53:07'),
(715, 'سيدي احمد', 'Sidi Ahmed', 252, '2025-11-21 09:53:07', '2025-11-21 09:53:07'),
(716, 'مولاي العربي', 'Moulay Larbi', 252, '2025-11-21 09:53:07', '2025-11-21 09:53:07'),
(717, 'عين الحجر', 'Ain El Hadjar', 252, '2025-11-21 09:53:07', '2025-11-21 09:53:07'),
(718, 'سيدي عمر', 'Sidi Amar', 250, '2025-11-21 09:53:07', '2025-11-21 09:53:07'),
(719, 'عين بوزيان', 'Ain Bouziane', 253, '2025-11-21 09:53:07', '2025-11-21 09:53:07'),
(720, 'صالح بو الشعور', 'Salah Bouchaour', 254, '2025-11-21 09:53:07', '2025-11-21 09:53:07'),
(721, 'الحدائق', 'El Hadaiek', 255, '2025-11-21 09:53:07', '2025-11-21 09:53:07'),
(722, 'زردازة', 'Zerdezas', 254, '2025-11-21 09:53:07', '2025-11-21 09:53:07'),
(723, 'أولاد حبابة', 'Ouled Habbaba', 254, '2025-11-21 09:53:07', '2025-11-21 09:53:07'),
(724, 'بني ولبان', 'Beni Oulbane', 253, '2025-11-21 09:53:07', '2025-11-21 09:53:07'),
(725, 'سيدي مزغيش', 'Sidi Mezghiche', 253, '2025-11-21 09:53:07', '2025-11-21 09:53:07'),
(726, 'بني بشير', 'Beni Bechir', 256, '2025-11-21 09:53:07', '2025-11-21 09:53:07'),
(727, 'رمضان جمال', 'Ramdane Djamel', 256, '2025-11-21 09:53:07', '2025-11-21 09:53:07'),
(728, 'بين الويدان', 'Bin El Ouiden', 257, '2025-11-21 09:53:07', '2025-11-21 09:53:07'),
(729, 'مجاز الدشيش', 'Emjez Edchich', 254, '2025-11-21 09:53:07', '2025-11-21 09:53:07'),
(730, 'تمالوس', 'Tamalous', 257, '2025-11-21 09:53:07', '2025-11-21 09:53:07'),
(731, 'عين قشرة', 'Ain Kechra', 258, '2025-11-21 09:53:07', '2025-11-21 09:53:07'),
(732, 'الولجة بولبلوط', 'Ouldja Boulbalout', 258, '2025-11-21 09:53:07', '2025-11-21 09:53:07'),
(733, 'أم الطوب', 'Oum Toub', 259, '2025-11-21 09:53:07', '2025-11-21 09:53:07'),
(734, 'الغدير', 'El Ghedir', 260, '2025-11-21 09:53:07', '2025-11-21 09:53:07'),
(735, 'الكركرة', 'Kerkara', 257, '2025-11-21 09:53:07', '2025-11-21 09:53:07'),
(736, 'الحروش', 'El Arrouch', 254, '2025-11-21 09:53:07', '2025-11-21 09:53:07'),
(737, 'الزيتونة', 'Zitouna', 261, '2025-11-21 09:53:07', '2025-11-21 09:53:07'),
(738, 'أولاد عطية', 'Ouled Attia', 262, '2025-11-21 09:53:07', '2025-11-21 09:53:07'),
(739, 'وادي الزهور', 'Oued Zhour', 262, '2025-11-21 09:53:07', '2025-11-21 09:53:07'),
(740, 'القل', 'Collo', 263, '2025-11-21 09:53:07', '2025-11-21 09:53:07'),
(741, 'الشرايع', 'Cheraia', 263, '2025-11-21 09:53:07', '2025-11-21 09:53:07'),
(742, 'بني زيد', 'Beni Zid', 263, '2025-11-21 09:53:07', '2025-11-21 09:53:07'),
(743, 'خناق مايو', 'Khenag Maoune', 262, '2025-11-21 09:53:07', '2025-11-21 09:53:07'),
(744, 'المرسى', 'El Marsa', 264, '2025-11-21 09:53:07', '2025-11-21 09:53:07'),
(745, 'بن عزوز', 'Ben Azzouz', 264, '2025-11-21 09:53:07', '2025-11-21 09:53:07'),
(746, 'بكوش لخضر', 'Bekkouche Lakhdar', 264, '2025-11-21 09:53:07', '2025-11-21 09:53:07'),
(747, 'السبت', 'Es Sebt', 260, '2025-11-21 09:53:07', '2025-11-21 09:53:07'),
(748, 'عين شرشار', 'Ain Charchar', 260, '2025-11-21 09:53:07', '2025-11-21 09:53:07'),
(749, 'عزابة', 'Azzaba', 260, '2025-11-21 09:53:07', '2025-11-21 09:53:07'),
(750, 'بوشطاطة', 'Bouchetata', 255, '2025-11-21 09:53:07', '2025-11-21 09:53:07'),
(751, 'فلفلة', 'Filfila', 265, '2025-11-21 09:53:07', '2025-11-21 09:53:07'),
(752, 'حمادي كرومة', 'Hammadi Krouma', 265, '2025-11-21 09:53:07', '2025-11-21 09:53:07'),
(753, 'سكيكدة', 'Skikda', 265, '2025-11-21 09:53:07', '2025-11-21 09:53:07'),
(754, 'عين زويت', 'Ain Zouit', 255, '2025-11-21 09:53:07', '2025-11-21 09:53:07'),
(755, 'جندل سعدي محمد', 'Djendel Saadi Mohamed', 260, '2025-11-21 09:53:07', '2025-11-21 09:53:07'),
(756, 'قنواع', 'Kanoua', 261, '2025-11-21 09:53:07', '2025-11-21 09:53:07'),
(757, 'سيدي علي بن يوب', 'Sidi Ali Benyoub', 266, '2025-11-21 09:53:07', '2025-11-21 09:53:07'),
(758, 'مولاي سليسن', 'Moulay Slissen', 267, '2025-11-21 09:53:07', '2025-11-21 09:53:07'),
(759, 'الحصيبة', 'El Hacaiba', 267, '2025-11-21 09:53:07', '2025-11-21 09:53:07'),
(760, 'عين تندمين', 'Ain Tindamine', 267, '2025-11-21 09:53:07', '2025-11-21 09:53:07'),
(761, 'تنيرة', 'Tenira', 268, '2025-11-21 09:53:07', '2025-11-21 09:53:07'),
(762, 'وادي سفيون', 'Oued Sefioun', 268, '2025-11-21 09:53:07', '2025-11-21 09:53:07'),
(763, 'حاسي دحو', 'Hassi Dahou', 268, '2025-11-21 09:53:07', '2025-11-21 09:53:07'),
(764, 'وادي تاوريرة', 'Oued Taourira', 269, '2025-11-21 09:53:07', '2025-11-21 09:53:07'),
(765, 'بن عشيبة شلية', 'Benachiba Chelia', 268, '2025-11-21 09:53:07', '2025-11-21 09:53:07'),
(766, 'سيدي يعقوب', 'Sidi Yacoub', 270, '2025-11-21 09:53:07', '2025-11-21 09:53:07'),
(767, 'سيدي لحسن', 'Sidi Lahcene', 270, '2025-11-21 09:53:07', '2025-11-21 09:53:07'),
(768, 'سيدي خالد', 'Sidi Khaled', 270, '2025-11-21 09:53:07', '2025-11-21 09:53:07'),
(769, 'طابية', 'Tabia', 266, '2025-11-21 09:53:07', '2025-11-21 09:53:07'),
(770, 'سيدي ابراهيم', 'Sidi Brahim', 271, '2025-11-21 09:53:07', '2025-11-21 09:53:07'),
(771, 'العمارنة', 'Amarnas', 270, '2025-11-21 09:53:07', '2025-11-21 09:53:07'),
(772, 'بوخنفيس', 'Boukhanefis', 266, '2025-11-21 09:53:07', '2025-11-21 09:53:07'),
(773, 'حاسي زهانة', 'Hassi Zahana', 272, '2025-11-21 09:53:07', '2025-11-21 09:53:07'),
(774, 'شيطوان البلايلة', 'Chetouane Belaila', 272, '2025-11-21 09:53:07', '2025-11-21 09:53:07'),
(775, 'بن باديس', 'Ben Badis', 272, '2025-11-21 09:53:07', '2025-11-21 09:53:07'),
(776, 'بضرابين المقراني', 'Bedrabine El Mokrani', 272, '2025-11-21 09:53:07', '2025-11-21 09:53:07'),
(777, 'سفيزف', 'Sfisef', 273, '2025-11-21 09:53:07', '2025-11-21 09:53:07'),
(778, 'مسيد', 'M\'cid', 273, '2025-11-21 09:53:07', '2025-11-21 09:53:07'),
(779, 'بوجبهة البرج', 'Boudjebaa El Bordj', 273, '2025-11-21 09:53:07', '2025-11-21 09:53:07'),
(780, 'عين أدن', 'Ain- Adden', 273, '2025-11-21 09:53:07', '2025-11-21 09:53:07'),
(781, 'سيدي حمادوش', 'Sidi Hamadouche', 271, '2025-11-21 09:53:07', '2025-11-21 09:53:07'),
(782, 'سيدي شعيب', 'Sidi Chaib', 274, '2025-11-21 09:53:07', '2025-11-21 09:53:07'),
(783, 'مكدرة', 'Makedra', 271, '2025-11-21 09:53:07', '2025-11-21 09:53:07'),
(784, 'عين البرد', 'Ain El Berd', 271, '2025-11-21 09:53:07', '2025-11-21 09:53:07'),
(785, 'رجم دموش', 'Redjem Demouche', 275, '2025-11-21 09:53:07', '2025-11-21 09:53:07'),
(786, 'راس الماء', 'Ras El Ma', 275, '2025-11-21 09:53:07', '2025-11-21 09:53:07'),
(787, 'وادي السبع', 'Oued Sebaa', 275, '2025-11-21 09:53:07', '2025-11-21 09:53:07'),
(788, 'مرحوم', 'Marhoum', 274, '2025-11-21 09:53:07', '2025-11-21 09:53:07'),
(789, 'سيدي بلعباس', 'Sidi Bel-Abbes', 276, '2025-11-21 09:53:07', '2025-11-21 09:53:07'),
(790, 'عين الثريد', 'Ain Thrid', 277, '2025-11-21 09:53:07', '2025-11-21 09:53:07'),
(791, 'السهالة الثورة', 'Sehala Thaoura', 277, '2025-11-21 09:53:07', '2025-11-21 09:53:07'),
(792, 'تسالة', 'Tessala', 277, '2025-11-21 09:53:07', '2025-11-21 09:53:07'),
(793, 'بلعربي', 'Belarbi', 278, '2025-11-21 09:53:08', '2025-11-21 09:53:08'),
(794, 'مصطفى بن ابراهيم', 'Mostefa  Ben Brahim', 278, '2025-11-21 09:53:08', '2025-11-21 09:53:08'),
(795, 'تلموني', 'Tilmouni', 278, '2025-11-21 09:53:08', '2025-11-21 09:53:08'),
(796, 'زروالة', 'Zerouala', 278, '2025-11-21 09:53:08', '2025-11-21 09:53:08'),
(797, 'الضاية', 'Dhaya', 279, '2025-11-21 09:53:08', '2025-11-21 09:53:08'),
(798, 'مزاورو', 'Mezaourou', 279, '2025-11-21 09:53:08', '2025-11-21 09:53:08'),
(799, 'تغاليمت', 'Teghalimet', 279, '2025-11-21 09:53:08', '2025-11-21 09:53:08'),
(800, 'تلاغ', 'Telagh', 279, '2025-11-21 09:53:08', '2025-11-21 09:53:08'),
(801, 'عين قادة', 'Ain Kada', 280, '2025-11-21 09:53:08', '2025-11-21 09:53:08'),
(802, 'لمطار', 'Lamtar', 280, '2025-11-21 09:53:08', '2025-11-21 09:53:08'),
(803, 'سيدي علي بوسيدي', 'Sidi Ali Boussidi', 280, '2025-11-21 09:53:08', '2025-11-21 09:53:08'),
(804, 'سيدي دحو الزاير', 'Sidi Dahou Zairs', 280, '2025-11-21 09:53:08', '2025-11-21 09:53:08'),
(805, 'بئر الحمام', 'Bir El Hammam', 274, '2025-11-21 09:53:08', '2025-11-21 09:53:08'),
(806, 'مرين', 'Merine', 269, '2025-11-21 09:53:08', '2025-11-21 09:53:08'),
(807, 'تفسور', 'Tefessour', 269, '2025-11-21 09:53:08', '2025-11-21 09:53:08'),
(808, 'تاودموت', 'Taoudmout', 269, '2025-11-21 09:53:08', '2025-11-21 09:53:08'),
(809, 'عنابة', 'Annaba', 281, '2025-11-21 09:53:08', '2025-11-21 09:53:08'),
(810, 'سرايدي', 'Seraidi', 281, '2025-11-21 09:53:08', '2025-11-21 09:53:08'),
(811, 'برحال', 'Berrahal', 282, '2025-11-21 09:53:08', '2025-11-21 09:53:08'),
(812, 'واد العنب', 'Oued El Aneb', 282, '2025-11-21 09:53:08', '2025-11-21 09:53:08'),
(813, 'الحجار', 'El Hadjar', 283, '2025-11-21 09:53:08', '2025-11-21 09:53:08'),
(814, 'سيدي عمار', 'Sidi Amar', 283, '2025-11-21 09:53:08', '2025-11-21 09:53:08'),
(815, 'البوني', 'El Bouni', 284, '2025-11-21 09:53:08', '2025-11-21 09:53:08'),
(816, 'عين الباردة', 'Ain El Berda', 285, '2025-11-21 09:53:08', '2025-11-21 09:53:08'),
(817, 'الشرفة', 'Cheurfa', 285, '2025-11-21 09:53:08', '2025-11-21 09:53:08'),
(818, 'العلمة', 'El Eulma', 285, '2025-11-21 09:53:08', '2025-11-21 09:53:08'),
(819, 'التريعات', 'Treat', 282, '2025-11-21 09:53:08', '2025-11-21 09:53:08'),
(820, 'شطايبي', 'Chetaibi', 286, '2025-11-21 09:53:08', '2025-11-21 09:53:08'),
(821, 'نشماية', 'Nechmaya', 287, '2025-11-21 09:53:08', '2025-11-21 09:53:08'),
(822, 'بوحمدان', 'Bou Hamdane', 288, '2025-11-21 09:53:08', '2025-11-21 09:53:08'),
(823, 'حمام دباغ', 'Hammam Debagh', 288, '2025-11-21 09:53:08', '2025-11-21 09:53:08'),
(824, 'الركنية', 'Roknia', 288, '2025-11-21 09:53:08', '2025-11-21 09:53:08'),
(825, 'الدهوارة', 'Dahouara', 289, '2025-11-21 09:53:08', '2025-11-21 09:53:08'),
(826, 'حمام النبايل', 'Hammam N\'bail', 289, '2025-11-21 09:53:08', '2025-11-21 09:53:08'),
(827, 'قالمة', 'Guelma', 290, '2025-11-21 09:53:08', '2025-11-21 09:53:08'),
(828, 'بومهرة أحمد', 'Boumahra Ahmed', 287, '2025-11-21 09:53:08', '2025-11-21 09:53:08'),
(829, 'عين بن بيضاء', 'Ain Ben Beida', 291, '2025-11-21 09:53:08', '2025-11-21 09:53:08'),
(830, 'بوشقوف', 'Bouchegouf', 291, '2025-11-21 09:53:08', '2025-11-21 09:53:08'),
(831, 'مجاز الصفاء', 'Medjez Sfa', 291, '2025-11-21 09:53:08', '2025-11-21 09:53:08'),
(832, 'وادي فراغة', 'Oued Ferragha', 291, '2025-11-21 09:53:08', '2025-11-21 09:53:08'),
(833, 'بوعاتي محمود', 'Bouati Mahmoud', 292, '2025-11-21 09:53:08', '2025-11-21 09:53:08'),
(834, 'الفجوج', 'El Fedjoudj', 292, '2025-11-21 09:53:08', '2025-11-21 09:53:08'),
(835, 'هيليوبوليس', 'Heliopolis', 292, '2025-11-21 09:53:08', '2025-11-21 09:53:08'),
(836, 'مجاز عمار', 'Medjez Amar', 293, '2025-11-21 09:53:08', '2025-11-21 09:53:08'),
(837, 'هواري بومدين', 'Houari Boumedienne', 293, '2025-11-21 09:53:08', '2025-11-21 09:53:08'),
(838, 'رأس العقبة', 'Ras El Agba', 293, '2025-11-21 09:53:08', '2025-11-21 09:53:08'),
(839, 'سلاوة عنونة', 'Sellaoua Announa', 293, '2025-11-21 09:53:08', '2025-11-21 09:53:08'),
(840, 'جبالة الخميسي', 'Djeballah Khemissi', 287, '2025-11-21 09:53:08', '2025-11-21 09:53:08'),
(841, 'برج صباط', 'Bordj Sabath', 294, '2025-11-21 09:53:08', '2025-11-21 09:53:08'),
(842, 'وادي الزناتي', 'Oued Zenati', 294, '2025-11-21 09:53:08', '2025-11-21 09:53:08'),
(843, 'عين رقادة', 'Ain Regada', 294, '2025-11-21 09:53:08', '2025-11-21 09:53:08'),
(844, 'عين العربي', 'Ain Larbi', 295, '2025-11-21 09:53:08', '2025-11-21 09:53:08'),
(845, 'عين مخلوف', 'Ain Makhlouf', 295, '2025-11-21 09:53:08', '2025-11-21 09:53:08'),
(846, 'تاملوكة', 'Tamlouka', 295, '2025-11-21 09:53:08', '2025-11-21 09:53:08'),
(847, 'عين صندل', 'Ain Sandel', 296, '2025-11-21 09:53:08', '2025-11-21 09:53:08'),
(848, 'بوحشانة', 'Bou Hachana', 296, '2025-11-21 09:53:08', '2025-11-21 09:53:08'),
(849, 'لخزارة', 'Khezaras', 296, '2025-11-21 09:53:08', '2025-11-21 09:53:08'),
(850, 'بلخير', 'Belkheir', 287, '2025-11-21 09:53:08', '2025-11-21 09:53:08'),
(851, 'بني مزلين', 'Beni Mezline', 287, '2025-11-21 09:53:08', '2025-11-21 09:53:08'),
(852, 'قلعة بوصبع', 'Guelaat Bou Sbaa', 287, '2025-11-21 09:53:08', '2025-11-21 09:53:08'),
(853, 'وادي الشحم', 'Oued Cheham', 289, '2025-11-21 09:53:08', '2025-11-21 09:53:08'),
(854, 'بن جراح', 'Bendjarah', 290, '2025-11-21 09:53:08', '2025-11-21 09:53:08'),
(855, 'ديدوش مراد', 'Didouche Mourad', 297, '2025-11-21 09:53:08', '2025-11-21 09:53:08'),
(856, 'حامة بوزيان', 'Hamma Bouziane', 297, '2025-11-21 09:53:08', '2025-11-21 09:53:08'),
(857, 'بني حميدان', 'Beni Hamidane', 298, '2025-11-21 09:53:08', '2025-11-21 09:53:08'),
(858, 'زيغود يوسف', 'Zighoud Youcef', 298, '2025-11-21 09:53:08', '2025-11-21 09:53:08'),
(859, 'عين السمارة', 'Ain Smara', 299, '2025-11-21 09:53:08', '2025-11-21 09:53:08'),
(860, 'الخروب', 'El Khroub', 299, '2025-11-21 09:53:08', '2025-11-21 09:53:08'),
(861, 'أولاد رحمون', 'Ouled Rahmoun', 299, '2025-11-21 09:53:08', '2025-11-21 09:53:08'),
(862, 'عين عبيد', 'Ain Abid', 300, '2025-11-21 09:53:08', '2025-11-21 09:53:08'),
(863, 'أبن باديس الهرية', 'Ben Badis', 300, '2025-11-21 09:53:08', '2025-11-21 09:53:08'),
(864, 'ابن زياد', 'Ibn Ziad', 301, '2025-11-21 09:53:08', '2025-11-21 09:53:08'),
(865, 'بوجريو مسعود', 'Messaoud Boudjeriou', 301, '2025-11-21 09:53:08', '2025-11-21 09:53:08'),
(866, 'قسنطينة', 'Constantine', 302, '2025-11-21 09:53:08', '2025-11-21 09:53:08'),
(867, 'أولاد هلال', 'Ouled Hellal', 303, '2025-11-21 09:53:08', '2025-11-21 09:53:08'),
(868, 'السواقي', 'Souagui', 304, '2025-11-21 09:53:08', '2025-11-21 09:53:08'),
(869, 'قصر البخاري', 'Ksar El Boukhari', 305, '2025-11-21 09:53:08', '2025-11-21 09:53:08'),
(870, 'مفاتحة', 'M\'fatha', 305, '2025-11-21 09:53:08', '2025-11-21 09:53:08'),
(871, 'السانق', 'Saneg', 305, '2025-11-21 09:53:08', '2025-11-21 09:53:08'),
(872, 'العزيزية', 'El Azizia', 306, '2025-11-21 09:53:08', '2025-11-21 09:53:08'),
(873, 'مغراوة', 'Maghraoua', 306, '2025-11-21 09:53:08', '2025-11-21 09:53:08'),
(874, 'ميهوب', 'Mihoub', 306, '2025-11-21 09:53:08', '2025-11-21 09:53:08'),
(875, 'بوعيش', 'Bouaiche', 307, '2025-11-21 09:53:08', '2025-11-21 09:53:08'),
(876, 'بوغزول', 'Boughzoul', 307, '2025-11-21 09:53:08', '2025-11-21 09:53:08'),
(877, 'الشهبونية', 'Chabounia', 307, '2025-11-21 09:53:08', '2025-11-21 09:53:08'),
(878, 'حناشة', 'Hannacha', 308, '2025-11-21 09:53:08', '2025-11-21 09:53:08'),
(879, 'عوامري', 'Ouamri', 308, '2025-11-21 09:53:08', '2025-11-21 09:53:08'),
(880, 'وادي حربيل', 'Oued Harbil', 308, '2025-11-21 09:53:08', '2025-11-21 09:53:08'),
(881, 'بني سليمان', 'Beni Slimane', 309, '2025-11-21 09:53:08', '2025-11-21 09:53:08'),
(882, 'بوعيشون', 'Bouaichoune', 310, '2025-11-21 09:53:08', '2025-11-21 09:53:08'),
(883, 'أولاد بوعشرة', 'Ouled Bouachra', 310, '2025-11-21 09:53:08', '2025-11-21 09:53:08'),
(884, 'سي المحجوب', 'Si Mahdjoub', 310, '2025-11-21 09:53:08', '2025-11-21 09:53:08'),
(885, 'بوسكن', 'Bouskene', 309, '2025-11-21 09:53:08', '2025-11-21 09:53:08'),
(886, 'سيدي الربيع', 'Sidi Rabie', 309, '2025-11-21 09:53:08', '2025-11-21 09:53:08'),
(887, 'البرواقية', 'Berrouaghia', 311, '2025-11-21 09:53:08', '2025-11-21 09:53:08'),
(888, 'أولاد دايد', 'Ouled Deid', 311, '2025-11-21 09:53:08', '2025-11-21 09:53:08'),
(889, 'الربعية', 'Rebaia', 311, '2025-11-21 09:53:08', '2025-11-21 09:53:08'),
(890, 'مجبر', 'Medjebar', 312, '2025-11-21 09:53:08', '2025-11-21 09:53:08'),
(891, 'ثلاث دوائر', 'Tletat Ed Douair', 312, '2025-11-21 09:53:08', '2025-11-21 09:53:08'),
(892, 'الزبيرية', 'Zoubiria', 312, '2025-11-21 09:53:08', '2025-11-21 09:53:08'),
(893, 'العيساوية', 'Aissaouia', 313, '2025-11-21 09:53:08', '2025-11-21 09:53:08'),
(894, 'الحوضان', 'El Haoudane', 313, '2025-11-21 09:53:08', '2025-11-21 09:53:08'),
(895, 'مزغنة', 'Mezerana', 313, '2025-11-21 09:53:08', '2025-11-21 09:53:08'),
(896, 'تابلاط', 'Tablat', 313, '2025-11-21 09:53:08', '2025-11-21 09:53:08'),
(897, 'بوغار', 'Boghar', 303, '2025-11-21 09:53:08', '2025-11-21 09:53:08'),
(898, 'سغوان', 'Seghouane', 312, '2025-11-21 09:53:08', '2025-11-21 09:53:08'),
(899, 'ذراع السمار', 'Draa Esmar', 314, '2025-11-21 09:53:08', '2025-11-21 09:53:08'),
(900, 'المدية', 'Medea', 314, '2025-11-21 09:53:08', '2025-11-21 09:53:08'),
(901, 'تمسقيدة', 'Tamesguida', 314, '2025-11-21 09:53:08', '2025-11-21 09:53:08'),
(902, 'بن شكاو', 'Ben Chicao', 315, '2025-11-21 09:53:08', '2025-11-21 09:53:08'),
(903, 'الحمدانية', 'El Hamdania', 315, '2025-11-21 09:53:08', '2025-11-21 09:53:08'),
(904, 'وزرة', 'Ouzera', 315, '2025-11-21 09:53:08', '2025-11-21 09:53:08'),
(905, 'تيزي مهدي', 'Tizi Mahdi', 315, '2025-11-21 09:53:08', '2025-11-21 09:53:08'),
(906, 'عين بوسيف', 'Ain Boucif', 316, '2025-11-21 09:53:08', '2025-11-21 09:53:08'),
(907, 'العوينات', 'El Ouinet', 316, '2025-11-21 09:53:08', '2025-11-21 09:53:08'),
(908, 'الكاف الاخضر', 'Kef Lakhdar', 316, '2025-11-21 09:53:08', '2025-11-21 09:53:08'),
(909, 'أولاد امعرف', 'Ouled Emaaraf', 316, '2025-11-21 09:53:08', '2025-11-21 09:53:08'),
(910, 'سيدي دامد', 'Sidi Demed', 316, '2025-11-21 09:53:08', '2025-11-21 09:53:08'),
(911, 'بعطة', 'Baata', 317, '2025-11-21 09:53:08', '2025-11-21 09:53:08'),
(912, 'العمارية', 'El Omaria', 317, '2025-11-21 09:53:08', '2025-11-21 09:53:08'),
(913, 'أولاد إبراهيم', 'Ouled Brahim', 317, '2025-11-21 09:53:08', '2025-11-21 09:53:08'),
(914, 'بئر بن عابد', 'Bir Ben Laabed', 318, '2025-11-21 09:53:08', '2025-11-21 09:53:08'),
(915, 'القلب الكبير', 'El Guelbelkebir', 318, '2025-11-21 09:53:08', '2025-11-21 09:53:08'),
(916, 'سدراية', 'Sedraya', 318, '2025-11-21 09:53:08', '2025-11-21 09:53:08'),
(917, 'عين اقصير', 'Ain Ouksir', 319, '2025-11-21 09:53:08', '2025-11-21 09:53:08'),
(918, 'شلالة العذاورة', 'Chelalet El Adhaoura', 319, '2025-11-21 09:53:08', '2025-11-21 09:53:08'),
(919, 'شنيقل', 'Cheniguel', 319, '2025-11-21 09:53:08', '2025-11-21 09:53:08'),
(920, 'تفراوت', 'Tafraout', 319, '2025-11-21 09:53:08', '2025-11-21 09:53:08'),
(921, 'بوشراحيل', 'Bouchrahil', 320, '2025-11-21 09:53:08', '2025-11-21 09:53:08'),
(922, 'خمس جوامع', 'Khams Djouamaa', 320, '2025-11-21 09:53:08', '2025-11-21 09:53:08'),
(923, 'سيدي نعمان', 'Sidi Naamane', 320, '2025-11-21 09:53:08', '2025-11-21 09:53:08'),
(924, 'عزيز', 'Aziz', 321, '2025-11-21 09:53:08', '2025-11-21 09:53:08'),
(925, 'دراق', 'Derrag', 321, '2025-11-21 09:53:08', '2025-11-21 09:53:08'),
(926, 'أم الجليل', 'Oum El Djellil', 321, '2025-11-21 09:53:08', '2025-11-21 09:53:08'),
(927, 'جواب', 'Djouab', 304, '2025-11-21 09:53:08', '2025-11-21 09:53:08'),
(928, 'سيدي زهار', 'Sidi Zahar', 304, '2025-11-21 09:53:08', '2025-11-21 09:53:08'),
(929, 'سيدي زيان', 'Sidi Ziane', 304, '2025-11-21 09:53:08', '2025-11-21 09:53:08'),
(930, 'أولاد عنتر', 'Ouled Antar', 303, '2025-11-21 09:53:08', '2025-11-21 09:53:08'),
(931, 'فرناقة', 'Fornaka', 322, '2025-11-21 09:53:08', '2025-11-21 09:53:08'),
(932, 'وادي الخير', 'Oued El Kheir', 323, '2025-11-21 09:53:08', '2025-11-21 09:53:08'),
(933, 'الحسيان (بني ياحي', 'Hassiane', 322, '2025-11-21 09:53:08', '2025-11-21 09:53:08'),
(934, 'حاسي ماماش', 'Hassi Mameche', 324, '2025-11-21 09:53:08', '2025-11-21 09:53:08'),
(935, 'مزغران', 'Mazagran', 324, '2025-11-21 09:53:08', '2025-11-21 09:53:08'),
(936, 'ستيدية', 'Stidia', 324, '2025-11-21 09:53:08', '2025-11-21 09:53:08'),
(937, 'عين تادلس', 'Ain-Tedles', 323, '2025-11-21 09:53:08', '2025-11-21 09:53:08'),
(938, 'سيدي بلعطار', 'Sidi Belaattar', 323, '2025-11-21 09:53:08', '2025-11-21 09:53:08'),
(939, 'سور', 'Sour', 323, '2025-11-21 09:53:08', '2025-11-21 09:53:08'),
(940, 'عين بودينار', 'Ain-Boudinar', 325, '2025-11-21 09:53:08', '2025-11-21 09:53:08'),
(941, 'خير الدين', 'Kheir-Eddine', 325, '2025-11-21 09:53:08', '2025-11-21 09:53:08'),
(942, 'صيادة', 'Sayada', 325, '2025-11-21 09:53:08', '2025-11-21 09:53:08'),
(943, 'سيدي علي', 'Sidi Ali', 326, '2025-11-21 09:53:08', '2025-11-21 09:53:08'),
(944, 'تزقايت', 'Tazgait', 326, '2025-11-21 09:53:08', '2025-11-21 09:53:08'),
(945, 'بن عبد المالك رمضان', 'Benabdelmalek Ramdane', 327, '2025-11-21 09:53:08', '2025-11-21 09:53:08'),
(946, 'مستغانم', 'Mostaganem', 328, '2025-11-21 09:53:08', '2025-11-21 09:53:08'),
(947, 'حجاج', 'Hadjadj', 327, '2025-11-21 09:53:08', '2025-11-21 09:53:08'),
(948, 'سيدي لخضر', 'Sidi-Lakhdar', 327, '2025-11-21 09:53:08', '2025-11-21 09:53:08'),
(949, 'عشعاشة', 'Achaacha', 329, '2025-11-21 09:53:08', '2025-11-21 09:53:08'),
(950, 'خضرة', 'Khadra', 329, '2025-11-21 09:53:09', '2025-11-21 09:53:09'),
(951, 'نكمارية', 'Nekmaria', 329, '2025-11-21 09:53:09', '2025-11-21 09:53:09'),
(952, 'أولاد بوغالم', 'Ouled Boughalem', 329, '2025-11-21 09:53:09', '2025-11-21 09:53:09'),
(953, 'بوقيراط', 'Bouguirat', 330, '2025-11-21 09:53:09', '2025-11-21 09:53:09'),
(954, 'صفصاف', 'Safsaf', 330, '2025-11-21 09:53:09', '2025-11-21 09:53:09'),
(955, 'سيرات', 'Sirat', 330, '2025-11-21 09:53:09', '2025-11-21 09:53:09'),
(956, 'السوافلية', 'Souaflia', 330, '2025-11-21 09:53:09', '2025-11-21 09:53:09'),
(957, 'عين سيدي الشريف', 'Ain-Sidi Cherif', 331, '2025-11-21 09:53:09', '2025-11-21 09:53:09'),
(958, 'منصورة', 'Mansourah', 331, '2025-11-21 09:53:09', '2025-11-21 09:53:09'),
(959, 'ماسرة', 'Mesra', 331, '2025-11-21 09:53:09', '2025-11-21 09:53:09'),
(960, 'الطواهرية', 'Touahria', 331, '2025-11-21 09:53:09', '2025-11-21 09:53:09'),
(961, 'عين نويسي', 'Ain-Nouissy', 322, '2025-11-21 09:53:09', '2025-11-21 09:53:09'),
(962, 'أولاد مع الله', 'Ouled-Maalah', 326, '2025-11-21 09:53:09', '2025-11-21 09:53:09'),
(963, 'شلال', 'Chellal', 332, '2025-11-21 09:53:09', '2025-11-21 09:53:09'),
(964, 'أولاد ماضي', 'Ouled Madhi', 332, '2025-11-21 09:53:09', '2025-11-21 09:53:09'),
(965, 'خطوطي سد الجير', 'Khettouti Sed-El-Jir', 332, '2025-11-21 09:53:09', '2025-11-21 09:53:09'),
(966, 'بلعايبة', 'Belaiba', 333, '2025-11-21 09:53:09', '2025-11-21 09:53:09'),
(967, 'برهوم', 'Berhoum', 333, '2025-11-21 09:53:09', '2025-11-21 09:53:09'),
(968, 'دهاهنة', 'Dehahna', 333, '2025-11-21 09:53:09', '2025-11-21 09:53:09'),
(969, 'مقرة', 'Magra', 333, '2025-11-21 09:53:09', '2025-11-21 09:53:09'),
(970, 'بني يلمان', 'Beni Ilmane', 334, '2025-11-21 09:53:09', '2025-11-21 09:53:09'),
(971, 'بوطي السايح', 'Bouti Sayeh', 334, '2025-11-21 09:53:09', '2025-11-21 09:53:09'),
(972, 'سيدي عيسى', 'Sidi Aissa', 334, '2025-11-21 09:53:09', '2025-11-21 09:53:09'),
(973, 'عين الحجل', 'Ain El Hadjel', 335, '2025-11-21 09:53:09', '2025-11-21 09:53:09'),
(974, 'سيدي هجرس', 'Sidi Hadjeres', 335, '2025-11-21 09:53:09', '2025-11-21 09:53:09'),
(975, 'بوسعادة', 'Bou Saada', 336, '2025-11-21 09:53:09', '2025-11-21 09:53:09'),
(976, 'الهامل', 'El Hamel', 336, '2025-11-21 09:53:09', '2025-11-21 09:53:09'),
(977, 'ولتام', 'Oulteme', 336, '2025-11-21 09:53:09', '2025-11-21 09:53:09'),
(978, 'بن زوه', 'Benzouh', 337, '2025-11-21 09:53:09', '2025-11-21 09:53:09'),
(979, 'أولاد سيدي ابراهيم', 'Ouled Sidi Brahim', 337, '2025-11-21 09:53:09', '2025-11-21 09:53:09'),
(980, 'سيدي عامر', 'Sidi Ameur', 338, '2025-11-21 09:53:09', '2025-11-21 09:53:09'),
(981, 'تامسة', 'Tamsa', 338, '2025-11-21 09:53:09', '2025-11-21 09:53:09'),
(982, 'بن سرور', 'Ben Srour', 339, '2025-11-21 09:53:09', '2025-11-21 09:53:09'),
(983, 'محمد بوضياف', 'Mohamed Boudiaf', 339, '2025-11-21 09:53:09', '2025-11-21 09:53:09'),
(984, 'أولاد سليمان', 'Ouled Slimane', 339, '2025-11-21 09:53:09', '2025-11-21 09:53:09'),
(985, 'زرزور', 'Zarzour', 339, '2025-11-21 09:53:09', '2025-11-21 09:53:09'),
(986, 'عين الملح', 'Ain El Melh', 340, '2025-11-21 09:53:09', '2025-11-21 09:53:09'),
(987, 'عين فارس', 'Ain Fares', 340, '2025-11-21 09:53:09', '2025-11-21 09:53:09'),
(988, 'عين الريش', 'Ain Rich', 340, '2025-11-21 09:53:09', '2025-11-21 09:53:09'),
(989, 'بئر فضة', 'Bir Foda', 340, '2025-11-21 09:53:09', '2025-11-21 09:53:09'),
(990, 'سيدي امحمد', 'Sidi M\'hamed', 340, '2025-11-21 09:53:09', '2025-11-21 09:53:09'),
(991, 'امجدل', 'Medjedel', 341, '2025-11-21 09:53:09', '2025-11-21 09:53:09'),
(992, 'مناعة', 'Menaa', 341, '2025-11-21 09:53:09', '2025-11-21 09:53:09'),
(993, 'جبل مساعد', 'Djebel Messaad', 342, '2025-11-21 09:53:09', '2025-11-21 09:53:09'),
(994, 'سليم', 'Slim', 342, '2025-11-21 09:53:09', '2025-11-21 09:53:09'),
(995, 'المسيلة', 'M\'sila', 343, '2025-11-21 09:53:09', '2025-11-21 09:53:09'),
(996, 'حمام الضلعة', 'Hammam Dalaa', 344, '2025-11-21 09:53:09', '2025-11-21 09:53:09'),
(997, 'ونوغة', 'Ouanougha', 344, '2025-11-21 09:53:09', '2025-11-21 09:53:09'),
(998, 'أولاد منصور', 'Ouled Mansour', 344, '2025-11-21 09:53:09', '2025-11-21 09:53:09'),
(999, 'تارمونت', 'Tarmount', 344, '2025-11-21 09:53:09', '2025-11-21 09:53:09'),
(1000, 'المعاضيد', 'Maadid', 345, '2025-11-21 09:53:09', '2025-11-21 09:53:09'),
(1001, 'المطارفة', 'M\'tarfa', 345, '2025-11-21 09:53:09', '2025-11-21 09:53:09'),
(1002, 'معاريف', 'Maarif', 332, '2025-11-21 09:53:09', '2025-11-21 09:53:09'),
(1003, 'أولاد دراج', 'Ouled Derradj', 345, '2025-11-21 09:53:09', '2025-11-21 09:53:09'),
(1004, 'السوامع', 'Souamaa', 345, '2025-11-21 09:53:09', '2025-11-21 09:53:09'),
(1005, 'الحوامد', 'El Houamed', 346, '2025-11-21 09:53:09', '2025-11-21 09:53:09'),
(1006, 'خبانة', 'Khoubana', 346, '2025-11-21 09:53:09', '2025-11-21 09:53:09'),
(1007, 'مسيف', 'M\'cif', 346, '2025-11-21 09:53:09', '2025-11-21 09:53:09'),
(1008, 'عين الخضراء', 'Ain Khadra', 333, '2025-11-21 09:53:09', '2025-11-21 09:53:09'),
(1009, 'أولاد عدي لقبالة', 'Ouled Addi Guebala', 345, '2025-11-21 09:53:09', '2025-11-21 09:53:09'),
(1010, 'وادي الأبطال', 'Oued El Abtal', 347, '2025-11-21 09:53:09', '2025-11-21 09:53:09'),
(1011, 'سيدي عبد المومن', 'Sidi Abdelmoumene', 348, '2025-11-21 09:53:09', '2025-11-21 09:53:09'),
(1012, 'سجرارة', 'Sedjerara', 348, '2025-11-21 09:53:09', '2025-11-21 09:53:09'),
(1013, 'المحمدية', 'Mohammadia', 348, '2025-11-21 09:53:09', '2025-11-21 09:53:09'),
(1014, 'تيغنيف', 'Tighennif', 349, '2025-11-21 09:53:09', '2025-11-21 09:53:09'),
(1015, 'مقطع الدوز', 'Mocta-Douz', 348, '2025-11-21 09:53:09', '2025-11-21 09:53:09'),
(1016, 'فراقيق', 'Ferraguig', 348, '2025-11-21 09:53:09', '2025-11-21 09:53:09'),
(1017, 'الغمري', 'El Ghomri', 348, '2025-11-21 09:53:09', '2025-11-21 09:53:09'),
(1018, 'زهانة', 'Zahana', 350, '2025-11-21 09:53:09', '2025-11-21 09:53:09'),
(1019, 'القعدة', 'El Gaada', 350, '2025-11-21 09:53:09', '2025-11-21 09:53:09'),
(1020, 'رأس عين عميروش', 'Ras El Ain Amirouche', 351, '2025-11-21 09:53:09', '2025-11-21 09:53:09'),
(1021, 'عقاز', 'Oggaz', 351, '2025-11-21 09:53:09', '2025-11-21 09:53:09'),
(1022, 'العلايمية', 'Alaimia', 351, '2025-11-21 09:53:09', '2025-11-21 09:53:09'),
(1023, 'سيق', 'Sig', 352, '2025-11-21 09:53:09', '2025-11-21 09:53:09'),
(1024, 'الشرفاء', 'Chorfa', 352, '2025-11-21 09:53:09', '2025-11-21 09:53:09'),
(1025, 'بوهني', 'Bou Henni', 352, '2025-11-21 09:53:09', '2025-11-21 09:53:09'),
(1026, 'المأمونية', 'El Mamounia', 353, '2025-11-21 09:53:09', '2025-11-21 09:53:09'),
(1027, 'القطنة', 'El Gueitena', 354, '2025-11-21 09:53:09', '2025-11-21 09:53:09'),
(1028, 'عين فارس', 'Ain Fares', 353, '2025-11-21 09:53:09', '2025-11-21 09:53:09'),
(1029, 'غروس', 'Gharrous', 355, '2025-11-21 09:53:09', '2025-11-21 09:53:09'),
(1030, 'بنيان', 'Benian', 355, '2025-11-21 09:53:09', '2025-11-21 09:53:09'),
(1031, 'عوف', 'Aouf', 355, '2025-11-21 09:53:09', '2025-11-21 09:53:09'),
(1032, 'قرجوم', 'Guerdjoum', 356, '2025-11-21 09:53:09', '2025-11-21 09:53:09'),
(1033, 'عين أفرص', 'Ain Frass', 357, '2025-11-21 09:53:09', '2025-11-21 09:53:09'),
(1034, 'عين فكان', 'Ain Fekan', 357, '2025-11-21 09:53:09', '2025-11-21 09:53:09'),
(1035, 'خلوية', 'Khalouia', 358, '2025-11-21 09:53:09', '2025-11-21 09:53:09'),
(1036, 'المنور', 'El Menaouer', 358, '2025-11-21 09:53:09', '2025-11-21 09:53:09'),
(1037, 'البرج', 'El Bordj', 358, '2025-11-21 09:53:09', '2025-11-21 09:53:09'),
(1038, 'سيدي بوسعيد', 'Sidi Boussaid', 359, '2025-11-21 09:53:09', '2025-11-21 09:53:09'),
(1039, 'المطمور', 'Matemore', 359, '2025-11-21 09:53:09', '2025-11-21 09:53:09'),
(1040, 'سيدي قادة', 'Sidi Kada', 349, '2025-11-21 09:53:09', '2025-11-21 09:53:09'),
(1041, 'ماقضة', 'Makhda', 359, '2025-11-21 09:53:09', '2025-11-21 09:53:09'),
(1042, 'معسكر', 'Mascara', 360, '2025-11-21 09:53:09', '2025-11-21 09:53:09'),
(1043, 'بوحنيفية', 'Bouhanifia', 354, '2025-11-21 09:53:09', '2025-11-21 09:53:09'),
(1044, 'غريس', 'Ghriss', 359, '2025-11-21 09:53:09', '2025-11-21 09:53:09'),
(1045, 'حسين', 'Hacine', 354, '2025-11-21 09:53:09', '2025-11-21 09:53:09'),
(1046, 'القرط', 'El Keurt', 361, '2025-11-21 09:53:09', '2025-11-21 09:53:09'),
(1047, 'فروحة', 'Froha', 361, '2025-11-21 09:53:09', '2025-11-21 09:53:09'),
(1048, 'تيزي', 'Tizi', 361, '2025-11-21 09:53:09', '2025-11-21 09:53:09'),
(1049, 'السهايلية', 'Sehailia', 349, '2025-11-21 09:53:09', '2025-11-21 09:53:09'),
(1050, 'ماوسة', 'Maoussa', 359, '2025-11-21 09:53:09', '2025-11-21 09:53:09'),
(1051, 'سيدي عبد الجبار', 'Sidi Abdeldjebar', 347, '2025-11-21 09:53:09', '2025-11-21 09:53:09'),
(1052, 'الحشم', 'El Hachem', 362, '2025-11-21 09:53:09', '2025-11-21 09:53:09'),
(1053, 'نسمط', 'Nesmot', 362, '2025-11-21 09:53:09', '2025-11-21 09:53:09'),
(1054, 'زلامطة', 'Zelamta', 362, '2025-11-21 09:53:09', '2025-11-21 09:53:09'),
(1055, 'عين فراح', 'Ain Ferah', 347, '2025-11-21 09:53:09', '2025-11-21 09:53:09'),
(1056, 'وادي التاغية', 'Oued Taria', 356, '2025-11-21 09:53:09', '2025-11-21 09:53:09'),
(1057, 'ورقلة', 'Ouargla', 363, '2025-11-21 09:53:09', '2025-11-21 09:53:09'),
(1058, 'حاسي مسعود', 'Hassi Messaoud', 364, '2025-11-21 09:53:09', '2025-11-21 09:53:09'),
(1059, 'عين البيضاء', 'Ain Beida', 365, '2025-11-21 09:53:09', '2025-11-21 09:53:09'),
(1060, 'حاسي بن عبد الله', 'Hassi Ben Abdellah', 365, '2025-11-21 09:53:09', '2025-11-21 09:53:09'),
(1061, 'سيدي خويلد', 'Sidi Khouiled', 365, '2025-11-21 09:53:09', '2025-11-21 09:53:09'),
(1062, 'البرمة', 'El Borma', 366, '2025-11-21 09:53:09', '2025-11-21 09:53:09'),
(1063, 'الرويسات', 'Rouissat', 363, '2025-11-21 09:53:09', '2025-11-21 09:53:09'),
(1064, 'انقوسة', 'N\'goussa', 367, '2025-11-21 09:53:09', '2025-11-21 09:53:09'),
(1065, 'سيدي الشحمي', 'Sidi Chami', 368, '2025-11-21 09:53:09', '2025-11-21 09:53:09'),
(1066, 'حاسي مفسوخ', 'Hassi Mefsoukh', 369, '2025-11-21 09:53:09', '2025-11-21 09:53:09'),
(1067, 'بئر الجير', 'Bir El Djir', 370, '2025-11-21 09:53:09', '2025-11-21 09:53:09'),
(1068, 'حاسي بن عقبة', 'Hassi Ben Okba', 370, '2025-11-21 09:53:09', '2025-11-21 09:53:09'),
(1069, 'قديل', 'Gdyel', 369, '2025-11-21 09:53:09', '2025-11-21 09:53:09'),
(1070, 'حاسي بونيف', 'Hassi Bounif', 370, '2025-11-21 09:53:09', '2025-11-21 09:53:09'),
(1071, 'الكرمة', 'El Kerma', 368, '2025-11-21 09:53:09', '2025-11-21 09:53:09'),
(1072, 'السانية', 'Es Senia', 368, '2025-11-21 09:53:09', '2025-11-21 09:53:09'),
(1073, 'بن فريحة', 'Ben Freha', 369, '2025-11-21 09:53:09', '2025-11-21 09:53:09'),
(1074, 'أرزيو', 'Arzew', 371, '2025-11-21 09:53:09', '2025-11-21 09:53:09'),
(1075, 'سيدي بن يبقى', 'Sidi Ben Yebka', 371, '2025-11-21 09:53:09', '2025-11-21 09:53:09'),
(1076, 'عين البية', 'Ain Biya', 372, '2025-11-21 09:53:09', '2025-11-21 09:53:09'),
(1077, 'بطيوة', 'Bethioua', 372, '2025-11-21 09:53:09', '2025-11-21 09:53:09'),
(1078, 'مرسى الحجاج', 'Marsat El Hadjadj', 372, '2025-11-21 09:53:09', '2025-11-21 09:53:09'),
(1079, 'عين الترك', 'Ain Turk', 373, '2025-11-21 09:53:09', '2025-11-21 09:53:09'),
(1080, 'وهران', 'Oran', 374, '2025-11-21 09:53:09', '2025-11-21 09:53:09'),
(1081, 'العنصر', 'El Ancor', 373, '2025-11-21 09:53:09', '2025-11-21 09:53:09'),
(1082, 'المرسى الكبير', 'Mers El Kebir', 373, '2025-11-21 09:53:09', '2025-11-21 09:53:09'),
(1083, 'بوفاتيس', 'Boufatis', 375, '2025-11-21 09:53:09', '2025-11-21 09:53:09'),
(1084, 'البراية', 'El Braya', 375, '2025-11-21 09:53:09', '2025-11-21 09:53:09'),
(1085, 'وادي تليلات', 'Oued Tlelat', 375, '2025-11-21 09:53:09', '2025-11-21 09:53:09'),
(1086, 'عين الكرمة', 'Ain Kerma', 376, '2025-11-21 09:53:09', '2025-11-21 09:53:09'),
(1087, 'بوتليليس', 'Boutlelis', 376, '2025-11-21 09:53:09', '2025-11-21 09:53:09'),
(1088, 'مسرغين', 'Messerghin', 376, '2025-11-21 09:53:09', '2025-11-21 09:53:09'),
(1089, 'بوسفر', 'Bousfer', 373, '2025-11-21 09:53:09', '2025-11-21 09:53:09'),
(1090, 'طفراوي', 'Tafraoui', 375, '2025-11-21 09:53:09', '2025-11-21 09:53:09'),
(1091, 'عين العراك', 'Ain El Orak', 377, '2025-11-21 09:53:09', '2025-11-21 09:53:09'),
(1092, 'كراكدة', 'Krakda', 378, '2025-11-21 09:53:09', '2025-11-21 09:53:09'),
(1093, 'سيدي سليمان', 'Sidi Slimane', 379, '2025-11-21 09:53:09', '2025-11-21 09:53:09'),
(1094, 'سيدي عامر', 'Sidi Ameur', 379, '2025-11-21 09:53:09', '2025-11-21 09:53:09'),
(1095, 'بوعلام', 'Boualem', 379, '2025-11-21 09:53:09', '2025-11-21 09:53:09'),
(1096, 'البنود', 'El Bnoud', 377, '2025-11-21 09:53:09', '2025-11-21 09:53:09'),
(1097, 'بوقطب', 'Bougtoub', 380, '2025-11-21 09:53:09', '2025-11-21 09:53:09'),
(1098, 'الخيثر', 'El Kheiter', 380, '2025-11-21 09:53:09', '2025-11-21 09:53:09'),
(1099, 'توسمولين', 'Tousmouline', 380, '2025-11-21 09:53:10', '2025-11-21 09:53:10'),
(1100, 'سيدي طيفور', 'Sidi Tiffour', 379, '2025-11-21 09:53:10', '2025-11-21 09:53:10'),
(1101, 'ستيتن', 'Stitten', 379, '2025-11-21 09:53:10', '2025-11-21 09:53:10'),
(1102, 'البيض', 'El Bayadh', 381, '2025-11-21 09:53:10', '2025-11-21 09:53:10'),
(1103, 'رقاصة', 'Rogassa', 382, '2025-11-21 09:53:10', '2025-11-21 09:53:10'),
(1104, 'المحرة', 'El Mehara', 383, '2025-11-21 09:53:10', '2025-11-21 09:53:10'),
(1105, 'الكاف الأحمر', 'Kef El Ahmar', 382, '2025-11-21 09:53:10', '2025-11-21 09:53:10'),
(1106, 'بريزينة', 'Brezina', 378, '2025-11-21 09:53:10', '2025-11-21 09:53:10'),
(1107, 'الغاسول', 'Ghassoul', 378, '2025-11-21 09:53:10', '2025-11-21 09:53:10'),
(1108, 'الأبيض سيدي الشيخ', 'Labiodh Sidi Cheikh', 377, '2025-11-21 09:53:10', '2025-11-21 09:53:10'),
(1109, 'بوسمغون', 'Boussemghoun', 384, '2025-11-21 09:53:10', '2025-11-21 09:53:10'),
(1110, 'الشقيق', 'Cheguig', 382, '2025-11-21 09:53:10', '2025-11-21 09:53:10'),
(1111, 'شلالة', 'Chellala', 383, '2025-11-21 09:53:10', '2025-11-21 09:53:10'),
(1112, 'اربوات', 'Arbaouat', 377, '2025-11-21 09:53:10', '2025-11-21 09:53:10'),
(1113, 'برج عمر إدريس', 'Bordj Omar Driss', 385, '2025-11-21 09:53:10', '2025-11-21 09:53:10'),
(1114, 'دبداب', 'Debdeb', 385, '2025-11-21 09:53:10', '2025-11-21 09:53:10'),
(1115, 'إن أمناس', 'In Amenas', 385, '2025-11-21 09:53:10', '2025-11-21 09:53:10'),
(1116, 'إيليزي', 'Illizi', 386, '2025-11-21 09:53:10', '2025-11-21 09:53:10'),
(1117, 'الحمادية', 'Elhammadia', 387, '2025-11-21 09:53:10', '2025-11-21 09:53:10'),
(1118, 'أولاد سيدي ابراهيم', 'Ouled Sidi-Brahim', 388, '2025-11-21 09:53:10', '2025-11-21 09:53:10'),
(1119, 'عين تاغروت', 'Ain Taghrout', 389, '2025-11-21 09:53:10', '2025-11-21 09:53:10'),
(1120, 'تيكستار', 'Tixter', 389, '2025-11-21 09:53:10', '2025-11-21 09:53:10'),
(1121, 'بليمور', 'Belimour', 390, '2025-11-21 09:53:10', '2025-11-21 09:53:10'),
(1122, 'العناصر', 'El Annasseur', 390, '2025-11-21 09:53:10', '2025-11-21 09:53:10'),
(1123, 'غيلاسة', 'Ghailasa', 390, '2025-11-21 09:53:10', '2025-11-21 09:53:10'),
(1124, 'تقلعيت', 'Taglait', 390, '2025-11-21 09:53:10', '2025-11-21 09:53:10'),
(1125, 'برج الغدير', 'Bordj Ghedir', 390, '2025-11-21 09:53:10', '2025-11-21 09:53:10'),
(1126, 'العش', 'El Euch', 387, '2025-11-21 09:53:10', '2025-11-21 09:53:10'),
(1127, 'سيدي أمبارك', 'Sidi-Embarek', 391, '2025-11-21 09:53:10', '2025-11-21 09:53:10'),
(1128, 'خليل', 'Khelil', 391, '2025-11-21 09:53:10', '2025-11-21 09:53:10'),
(1129, 'بئر قاصد علي', 'Bir Kasdali', 391, '2025-11-21 09:53:10', '2025-11-21 09:53:10'),
(1130, 'تفرق', 'Tefreg', 392, '2025-11-21 09:53:10', '2025-11-21 09:53:10'),
(1131, 'الماين', 'El Main', 392, '2025-11-21 09:53:10', '2025-11-21 09:53:10'),
(1132, 'جعافرة', 'Djaafra', 392, '2025-11-21 09:53:10', '2025-11-21 09:53:10'),
(1133, 'القلة', 'Colla', 392, '2025-11-21 09:53:10', '2025-11-21 09:53:10'),
(1134, 'ثنية النصر', 'Teniet En Nasr', 393, '2025-11-21 09:53:10', '2025-11-21 09:53:10'),
(1135, 'المهير', 'El M\'hir', 388, '2025-11-21 09:53:10', '2025-11-21 09:53:10'),
(1136, 'القصور', 'Ksour', 387, '2025-11-21 09:53:10', '2025-11-21 09:53:10'),
(1137, 'المنصورة', 'Mansoura', 388, '2025-11-21 09:53:10', '2025-11-21 09:53:10'),
(1138, 'حرازة', 'Haraza', 388, '2025-11-21 09:53:10', '2025-11-21 09:53:10'),
(1139, 'الرابطة', 'Rabta', 387, '2025-11-21 09:53:10', '2025-11-21 09:53:10'),
(1140, 'الياشير', 'El Achir', 393, '2025-11-21 09:53:10', '2025-11-21 09:53:10'),
(1141, 'حسناوة', 'Hasnaoua', 393, '2025-11-21 09:53:10', '2025-11-21 09:53:10'),
(1142, 'مجانة', 'Medjana', 393, '2025-11-21 09:53:10', '2025-11-21 09:53:10'),
(1143, 'عين تسرة', 'Ain Tesra', 394, '2025-11-21 09:53:10', '2025-11-21 09:53:10'),
(1144, 'أولاد أبراهم', 'Ouled Brahem', 394, '2025-11-21 09:53:10', '2025-11-21 09:53:10'),
(1145, 'رأس الوادي', 'Ras El Oued', 394, '2025-11-21 09:53:10', '2025-11-21 09:53:10'),
(1146, 'برج زمورة', 'Bordj Zemmoura', 395, '2025-11-21 09:53:10', '2025-11-21 09:53:10'),
(1147, 'أولاد دحمان', 'Ouled Dahmane', 395, '2025-11-21 09:53:10', '2025-11-21 09:53:10'),
(1148, 'تسامرت', 'Tassamert', 395, '2025-11-21 09:53:10', '2025-11-21 09:53:10'),
(1149, 'برج بوعريرج', 'B. B. Arreridj', 396, '2025-11-21 09:53:10', '2025-11-21 09:53:10'),
(1150, 'بن داود', 'Ben Daoud', 388, '2025-11-21 09:53:10', '2025-11-21 09:53:10'),
(1151, 'الخروبة', 'El Kharrouba', 397, '2025-11-21 09:53:10', '2025-11-21 09:53:10'),
(1152, 'دلس', 'Dellys', 398, '2025-11-21 09:53:10', '2025-11-21 09:53:10'),
(1153, 'بن شود', 'Ben Choud', 398, '2025-11-21 09:53:10', '2025-11-21 09:53:10'),
(1154, 'أعفير', 'Afir', 398, '2025-11-21 09:53:10', '2025-11-21 09:53:10'),
(1155, 'الثنية', 'Thenia', 399, '2025-11-21 09:53:10', '2025-11-21 09:53:10'),
(1156, 'بني عمران', 'Beni Amrane', 399, '2025-11-21 09:53:10', '2025-11-21 09:53:10'),
(1157, 'خميس الخشنة', 'Khemis El Khechna', 400, '2025-11-21 09:53:10', '2025-11-21 09:53:10'),
(1158, 'عمال', 'Ammal', 399, '2025-11-21 09:53:10', '2025-11-21 09:53:10'),
(1159, 'تيمزريت', 'Timezrit', 401, '2025-11-21 09:53:10', '2025-11-21 09:53:10'),
(1160, 'زموري', 'Zemmouri', 402, '2025-11-21 09:53:10', '2025-11-21 09:53:10'),
(1161, 'الاربعطاش', 'Larbatache', 400, '2025-11-21 09:53:10', '2025-11-21 09:53:10'),
(1162, 'يسر', 'Isser', 401, '2025-11-21 09:53:10', '2025-11-21 09:53:10'),
(1163, 'شعبة العامر', 'Chabet El Ameur', 401, '2025-11-21 09:53:10', '2025-11-21 09:53:10'),
(1164, 'أولاد عيسى', 'Ouled Aissa', 403, '2025-11-21 09:53:10', '2025-11-21 09:53:10'),
(1165, 'الناصرية', 'Naciria', 403, '2025-11-21 09:53:10', '2025-11-21 09:53:10'),
(1166, 'بوزقزة قدارة', 'Bouzegza Keddara', 397, '2025-11-21 09:53:10', '2025-11-21 09:53:10'),
(1167, 'سوق الحد', 'Souk El Had', 399, '2025-11-21 09:53:10', '2025-11-21 09:53:10'),
(1168, 'سيدي داود', 'Sidi Daoud', 404, '2025-11-21 09:53:10', '2025-11-21 09:53:10'),
(1169, 'بغلية', 'Baghlia', 404, '2025-11-21 09:53:10', '2025-11-21 09:53:10'),
(1170, 'لقاطة', 'Leghata', 402, '2025-11-21 09:53:10', '2025-11-21 09:53:10'),
(1171, 'جنات', 'Djinet', 402, '2025-11-21 09:53:10', '2025-11-21 09:53:10'),
(1172, 'تيجلابين', 'Tidjelabine', 405, '2025-11-21 09:53:10', '2025-11-21 09:53:10'),
(1173, 'سي مصطفى', 'Si Mustapha', 401, '2025-11-21 09:53:10', '2025-11-21 09:53:10'),
(1174, 'أولاد هداج', 'Ouled Hedadj', 397, '2025-11-21 09:53:10', '2025-11-21 09:53:10'),
(1175, 'أولاد موسى', 'Ouled Moussa', 400, '2025-11-21 09:53:10', '2025-11-21 09:53:10'),
(1176, 'بومرداس', 'Boumerdes', 405, '2025-11-21 09:53:10', '2025-11-21 09:53:10'),
(1177, 'قورصو', 'Corso', 405, '2025-11-21 09:53:10', '2025-11-21 09:53:10'),
(1178, 'برج منايل', 'Bordj Menaiel', 402, '2025-11-21 09:53:10', '2025-11-21 09:53:10'),
(1179, 'بودواو', 'Boudouaou', 397, '2025-11-21 09:53:10', '2025-11-21 09:53:10'),
(1180, 'بودواو البحري', 'Boudouaou El Bahri', 397, '2025-11-21 09:53:10', '2025-11-21 09:53:10'),
(1181, 'تاورقة', 'Taourga', 404, '2025-11-21 09:53:10', '2025-11-21 09:53:10'),
(1182, 'حمادي', 'Hammedi', 400, '2025-11-21 09:53:10', '2025-11-21 09:53:10'),
(1183, 'عين العسل', 'Ain El Assel', 406, '2025-11-21 09:53:10', '2025-11-21 09:53:10'),
(1184, 'بوقوس', 'Bougous', 406, '2025-11-21 09:53:10', '2025-11-21 09:53:10'),
(1185, 'الطارف', 'El Tarf', 406, '2025-11-21 09:53:10', '2025-11-21 09:53:10'),
(1186, 'الزيتونة', 'Zitouna', 406, '2025-11-21 09:53:10', '2025-11-21 09:53:10'),
(1187, 'البسباس', 'Besbes', 407, '2025-11-21 09:53:10', '2025-11-21 09:53:10'),
(1188, 'عين الكرمة', 'Ain Kerma', 408, '2025-11-21 09:53:10', '2025-11-21 09:53:10'),
(1189, 'بوحجار', 'Bouhadjar', 408, '2025-11-21 09:53:10', '2025-11-21 09:53:10'),
(1190, 'حمام بني صالح', 'Hammam Beni Salah', 408, '2025-11-21 09:53:10', '2025-11-21 09:53:10'),
(1191, 'وادي الزيتون', 'Oued Zitoun', 408, '2025-11-21 09:53:10', '2025-11-21 09:53:10'),
(1192, 'بن مهيدي', 'Ben M Hidi', 409, '2025-11-21 09:53:10', '2025-11-21 09:53:10'),
(1193, 'بريحان', 'Berrihane', 409, '2025-11-21 09:53:10', '2025-11-21 09:53:10'),
(1194, 'شبيطة مختار', 'Chebaita Mokhtar', 410, '2025-11-21 09:53:10', '2025-11-21 09:53:10'),
(1195, 'الشط', 'Echatt', 409, '2025-11-21 09:53:10', '2025-11-21 09:53:10'),
(1196, 'العيون', 'El Aioun', 411, '2025-11-21 09:53:10', '2025-11-21 09:53:10'),
(1197, 'القالة', 'El Kala', 411, '2025-11-21 09:53:10', '2025-11-21 09:53:10'),
(1198, 'السوارخ', 'Souarekh', 411, '2025-11-21 09:53:10', '2025-11-21 09:53:10'),
(1199, 'زريزر', 'Zerizer', 407, '2025-11-21 09:53:10', '2025-11-21 09:53:10'),
(1200, 'بوثلجة', 'Bouteldja', 412, '2025-11-21 09:53:10', '2025-11-21 09:53:10'),
(1201, 'الشافية', 'Chefia', 412, '2025-11-21 09:53:10', '2025-11-21 09:53:10'),
(1202, 'بحيرة الطيور', 'Lac Des Oiseaux', 412, '2025-11-21 09:53:10', '2025-11-21 09:53:10'),
(1203, 'شحاني', 'Chihani', 410, '2025-11-21 09:53:10', '2025-11-21 09:53:10'),
(1204, 'رمل السوق', 'Raml Souk', 411, '2025-11-21 09:53:10', '2025-11-21 09:53:10'),
(1205, 'عصفور', 'Asfour', 407, '2025-11-21 09:53:10', '2025-11-21 09:53:10'),
(1206, 'الذرعـان', 'Drean', 410, '2025-11-21 09:53:10', '2025-11-21 09:53:10'),
(1207, 'تندوف', 'Tindouf', 413, '2025-11-21 09:53:10', '2025-11-21 09:53:10'),
(1208, 'أم العسل', 'Oum El Assel', 413, '2025-11-21 09:53:10', '2025-11-21 09:53:10'),
(1209, 'خميستي', 'Khemisti', 414, '2025-11-21 09:53:10', '2025-11-21 09:53:10'),
(1210, 'ثنية الاحد', 'Theniet El Had', 415, '2025-11-21 09:53:10', '2025-11-21 09:53:10'),
(1211, 'أولاد بسام', 'Ouled Bessam', 416, '2025-11-21 09:53:10', '2025-11-21 09:53:10'),
(1212, 'سيدي بوتوشنت', 'Sidi Boutouchent', 415, '2025-11-21 09:53:10', '2025-11-21 09:53:10'),
(1213, 'تيسمسيلت', 'Tissemsilt', 416, '2025-11-21 09:53:10', '2025-11-21 09:53:10'),
(1214, 'سيدي العنتري', 'Sidi Lantri', 417, '2025-11-21 09:53:10', '2025-11-21 09:53:10'),
(1215, 'بني شعيب', 'Beni Chaib', 418, '2025-11-21 09:53:10', '2025-11-21 09:53:10'),
(1216, 'بني لحسن', 'Beni Lahcene', 418, '2025-11-21 09:53:10', '2025-11-21 09:53:10'),
(1217, 'سيدي عابد', 'Sidi Abed', 419, '2025-11-21 09:53:10', '2025-11-21 09:53:10'),
(1218, 'سيدي سليمان', 'Sidi Slimane', 418, '2025-11-21 09:53:10', '2025-11-21 09:53:10'),
(1219, 'بوقائد', 'Boucaid', 420, '2025-11-21 09:53:10', '2025-11-21 09:53:10'),
(1220, 'الأربعاء', 'Larbaa', 420, '2025-11-21 09:53:10', '2025-11-21 09:53:10'),
(1221, 'الأزهرية', 'Lazharia', 420, '2025-11-21 09:53:10', '2025-11-21 09:53:10'),
(1222, 'لرجام', 'Lardjem', 417, '2025-11-21 09:53:10', '2025-11-21 09:53:10'),
(1223, 'الملعب', 'Melaab', 417, '2025-11-21 09:53:10', '2025-11-21 09:53:10'),
(1224, 'العيون', 'Layoune', 414, '2025-11-21 09:53:10', '2025-11-21 09:53:10'),
(1225, 'تملاحت', 'Tamellahet', 417, '2025-11-21 09:53:10', '2025-11-21 09:53:10');

INSERT INTO `communes` (`id_commune`, `nom`, `commune_name_ascii`, `dairaId`, `createdAt`, `updatedAt`) VALUES
(1226, 'اليوسفية', 'Youssoufia', 421, '2025-11-21 09:53:10', '2025-11-21 09:53:10'),
(1227, 'برج الأمير عبد القادر', 'Bordj El Emir Abdelkader', 421, '2025-11-21 09:53:10', '2025-11-21 09:53:10'),
(1228, 'عماري', 'Ammari', 419, '2025-11-21 09:53:10', '2025-11-21 09:53:10'),
(1229, 'المعاصم', 'Maacem', 419, '2025-11-21 09:53:10', '2025-11-21 09:53:10'),
(1230, 'برج بونعامة', 'Bordj Bounaama', 418, '2025-11-21 09:53:10', '2025-11-21 09:53:10'),
(1231, 'دوار الماء', 'Douar El Maa', 422, '2025-11-21 09:53:10', '2025-11-21 09:53:10'),
(1232, 'العقلة', 'El Ogla', 423, '2025-11-21 09:53:10', '2025-11-21 09:53:10'),
(1233, 'المقرن', 'Magrane', 424, '2025-11-21 09:53:10', '2025-11-21 09:53:10'),
(1234, 'سيدي عون', 'Sidi Aoun', 424, '2025-11-21 09:53:10', '2025-11-21 09:53:10'),
(1235, 'اميه وانسة', 'Mih Ouansa', 425, '2025-11-21 09:53:10', '2025-11-21 09:53:10'),
(1236, 'كوينين', 'Kouinine', 426, '2025-11-21 09:53:10', '2025-11-21 09:53:10'),
(1237, 'البياضة', 'Bayadha', 427, '2025-11-21 09:53:10', '2025-11-21 09:53:10'),
(1238, 'النخلة', 'Nakhla', 423, '2025-11-21 09:53:11', '2025-11-21 09:53:11'),
(1239, 'الرباح', 'Robbah', 423, '2025-11-21 09:53:11', '2025-11-21 09:53:11'),
(1240, 'قمار', 'Guemar', 428, '2025-11-21 09:53:11', '2025-11-21 09:53:11'),
(1241, 'بن  قشة', 'Ben Guecha', 422, '2025-11-21 09:53:11', '2025-11-21 09:53:11'),
(1242, 'ورماس', 'Ourmes', 428, '2025-11-21 09:53:11', '2025-11-21 09:53:11'),
(1243, 'تغزوت', 'Taghzout', 428, '2025-11-21 09:53:11', '2025-11-21 09:53:11'),
(1244, 'الحمراية', 'Hamraia', 429, '2025-11-21 09:53:11', '2025-11-21 09:53:11'),
(1245, 'الرقيبة', 'Reguiba', 429, '2025-11-21 09:53:11', '2025-11-21 09:53:11'),
(1246, 'الدبيلة', 'Debila', 430, '2025-11-21 09:53:11', '2025-11-21 09:53:11'),
(1247, 'حساني عبد الكريم', 'Hassani Abdelkrim', 430, '2025-11-21 09:53:11', '2025-11-21 09:53:11'),
(1248, 'حاسي خليفة', 'Hassi Khalifa', 431, '2025-11-21 09:53:11', '2025-11-21 09:53:11'),
(1249, 'الطريفاوي', 'Trifaoui', 431, '2025-11-21 09:53:11', '2025-11-21 09:53:11'),
(1250, 'الطالب العربي', 'Taleb Larbi', 422, '2025-11-21 09:53:11', '2025-11-21 09:53:11'),
(1251, 'وادي العلندة', 'Oued El Alenda', 425, '2025-11-21 09:53:11', '2025-11-21 09:53:11'),
(1252, 'الوادي', 'El-Oued', 426, '2025-11-21 09:53:11', '2025-11-21 09:53:11'),
(1253, 'خيران', 'Khirane', 432, '2025-11-21 09:53:11', '2025-11-21 09:53:11'),
(1254, 'بابار', 'Babar', 433, '2025-11-21 09:53:11', '2025-11-21 09:53:11'),
(1255, 'المحمل', 'El Mahmal', 434, '2025-11-21 09:53:11', '2025-11-21 09:53:11'),
(1256, 'أولاد رشاش', 'Ouled Rechache', 434, '2025-11-21 09:53:11', '2025-11-21 09:53:11'),
(1257, 'جلال', 'Djellal', 432, '2025-11-21 09:53:11', '2025-11-21 09:53:11'),
(1258, 'يابوس', 'Yabous', 435, '2025-11-21 09:53:11', '2025-11-21 09:53:11'),
(1259, 'خنشلة', 'Khenchela', 436, '2025-11-21 09:53:11', '2025-11-21 09:53:11'),
(1260, 'قايس', 'Kais', 437, '2025-11-21 09:53:11', '2025-11-21 09:53:11'),
(1261, 'شلية', 'Chelia', 435, '2025-11-21 09:53:11', '2025-11-21 09:53:11'),
(1262, 'الرميلة', 'Remila', 437, '2025-11-21 09:53:11', '2025-11-21 09:53:11'),
(1263, 'تاوزيانت', 'Taouzianat', 437, '2025-11-21 09:53:11', '2025-11-21 09:53:11'),
(1264, 'بغاي', 'Baghai', 438, '2025-11-21 09:53:11', '2025-11-21 09:53:11'),
(1265, 'الحامة', 'El Hamma', 438, '2025-11-21 09:53:11', '2025-11-21 09:53:11'),
(1266, 'انسيغة', 'Ensigha', 438, '2025-11-21 09:53:11', '2025-11-21 09:53:11'),
(1267, 'طامزة', 'Tamza', 438, '2025-11-21 09:53:11', '2025-11-21 09:53:11'),
(1268, 'عين الطويلة', 'Ain Touila', 439, '2025-11-21 09:53:11', '2025-11-21 09:53:11'),
(1269, 'متوسة', 'M\'toussa', 439, '2025-11-21 09:53:11', '2025-11-21 09:53:11'),
(1270, 'بوحمامة', 'Bouhmama', 435, '2025-11-21 09:53:11', '2025-11-21 09:53:11'),
(1271, 'الولجة', 'El Oueldja', 432, '2025-11-21 09:53:11', '2025-11-21 09:53:11'),
(1272, 'مصارة', 'M\'sara', 435, '2025-11-21 09:53:11', '2025-11-21 09:53:11'),
(1273, 'ششار', 'Chechar', 432, '2025-11-21 09:53:11', '2025-11-21 09:53:11'),
(1274, 'سوق أهراس', 'Souk Ahras', 440, '2025-11-21 09:53:11', '2025-11-21 09:53:11'),
(1275, 'عين سلطان', 'Ain Soltane', 441, '2025-11-21 09:53:11', '2025-11-21 09:53:11'),
(1276, 'سدراتة', 'Sedrata', 441, '2025-11-21 09:53:11', '2025-11-21 09:53:11'),
(1277, 'الحنانشة', 'Hanencha', 442, '2025-11-21 09:53:11', '2025-11-21 09:53:11'),
(1278, 'المشروحة', 'Machroha', 442, '2025-11-21 09:53:11', '2025-11-21 09:53:11'),
(1279, 'عين الزانة', 'Ain Zana', 443, '2025-11-21 09:53:11', '2025-11-21 09:53:11'),
(1280, 'أولاد إدريس', 'Ouled Driss', 443, '2025-11-21 09:53:11', '2025-11-21 09:53:11'),
(1281, 'ترقالت', 'Terraguelt', 444, '2025-11-21 09:53:11', '2025-11-21 09:53:11'),
(1282, 'أم العظايم', 'Oum El Adhaim', 444, '2025-11-21 09:53:11', '2025-11-21 09:53:11'),
(1283, 'وادي الكبريت', 'Oued Kebrit', 444, '2025-11-21 09:53:11', '2025-11-21 09:53:11'),
(1284, 'تيفاش', 'Tiffech', 445, '2025-11-21 09:53:11', '2025-11-21 09:53:11'),
(1285, 'الراقوبة', 'Ragouba', 445, '2025-11-21 09:53:11', '2025-11-21 09:53:11'),
(1286, 'الدريعة', 'Drea', 446, '2025-11-21 09:53:11', '2025-11-21 09:53:11'),
(1287, 'تاورة', 'Taoura', 446, '2025-11-21 09:53:11', '2025-11-21 09:53:11'),
(1288, 'الزعرورية', 'Zaarouria', 446, '2025-11-21 09:53:11', '2025-11-21 09:53:11'),
(1289, 'الحدادة', 'Haddada', 447, '2025-11-21 09:53:11', '2025-11-21 09:53:11'),
(1290, 'الخضارة', 'Khedara', 447, '2025-11-21 09:53:11', '2025-11-21 09:53:11'),
(1291, 'أولاد مومن', 'Ouled Moumen', 447, '2025-11-21 09:53:11', '2025-11-21 09:53:11'),
(1292, 'المراهنة', 'Merahna', 448, '2025-11-21 09:53:11', '2025-11-21 09:53:11'),
(1293, 'ويلان', 'Ouillen', 448, '2025-11-21 09:53:11', '2025-11-21 09:53:11'),
(1294, 'سيدي فرج', 'Sidi Fredj', 448, '2025-11-21 09:53:11', '2025-11-21 09:53:11'),
(1295, 'بئر بوحوش', 'Bir Bouhouche', 449, '2025-11-21 09:53:11', '2025-11-21 09:53:11'),
(1296, 'سافل الويدان', 'Safel El Ouiden', 449, '2025-11-21 09:53:11', '2025-11-21 09:53:11'),
(1297, 'خميسة', 'Khemissa', 441, '2025-11-21 09:53:11', '2025-11-21 09:53:11'),
(1298, 'مداوروش', 'M\'daourouche', 445, '2025-11-21 09:53:11', '2025-11-21 09:53:11'),
(1299, 'الزوابي', 'Zouabi', 449, '2025-11-21 09:53:11', '2025-11-21 09:53:11'),
(1300, 'حجوط', 'Hadjout', 450, '2025-11-21 09:53:11', '2025-11-21 09:53:11'),
(1301, 'مراد', 'Merad', 450, '2025-11-21 09:53:11', '2025-11-21 09:53:11'),
(1302, 'مناصر', 'Menaceur', 451, '2025-11-21 09:53:11', '2025-11-21 09:53:11'),
(1303, 'أغبال', 'Aghbal', 452, '2025-11-21 09:53:11', '2025-11-21 09:53:11'),
(1304, 'الناظور', 'Nador', 451, '2025-11-21 09:53:11', '2025-11-21 09:53:11'),
(1305, 'سيدي عامر', 'Sidi-Amar', 451, '2025-11-21 09:53:11', '2025-11-21 09:53:11'),
(1306, 'قوراية', 'Gouraya', 452, '2025-11-21 09:53:11', '2025-11-21 09:53:11'),
(1307, 'مسلمون', 'Messelmoun', 452, '2025-11-21 09:53:11', '2025-11-21 09:53:11'),
(1308, 'شرشال', 'Cherchell', 453, '2025-11-21 09:53:11', '2025-11-21 09:53:11'),
(1309, 'حجرة النص', 'Hadjret Ennous', 453, '2025-11-21 09:53:11', '2025-11-21 09:53:11'),
(1310, 'سيدي غيلاس', 'Sidi Ghiles', 453, '2025-11-21 09:53:11', '2025-11-21 09:53:11'),
(1311, 'الداموس', 'Damous', 454, '2025-11-21 09:53:11', '2025-11-21 09:53:11'),
(1312, 'الأرهاط', 'Larhat', 454, '2025-11-21 09:53:11', '2025-11-21 09:53:11'),
(1313, 'فوكة', 'Fouka', 455, '2025-11-21 09:53:11', '2025-11-21 09:53:11'),
(1314, 'عين تاقورايت', 'Ain Tagourait', 456, '2025-11-21 09:53:11', '2025-11-21 09:53:11'),
(1315, 'بوهارون', 'Bou Haroun', 456, '2025-11-21 09:53:11', '2025-11-21 09:53:11'),
(1316, 'بواسماعيل', 'Bou Ismail', 456, '2025-11-21 09:53:11', '2025-11-21 09:53:11'),
(1317, 'خميستي', 'Khemisti', 456, '2025-11-21 09:53:11', '2025-11-21 09:53:11'),
(1318, 'أحمر العين', 'Ahmer El Ain', 457, '2025-11-21 09:53:11', '2025-11-21 09:53:11'),
(1319, 'بورقيقة', 'Bourkika', 457, '2025-11-21 09:53:11', '2025-11-21 09:53:11'),
(1320, 'دواودة', 'Douaouda', 455, '2025-11-21 09:53:11', '2025-11-21 09:53:11'),
(1321, 'سيدي راشد', 'Sidi Rached', 457, '2025-11-21 09:53:11', '2025-11-21 09:53:11'),
(1322, 'الحطاطبة', 'Attatba', 458, '2025-11-21 09:53:11', '2025-11-21 09:53:11'),
(1323, 'الشعيبة', 'Chaiba', 458, '2025-11-21 09:53:11', '2025-11-21 09:53:11'),
(1324, 'القليعة', 'Kolea', 458, '2025-11-21 09:53:11', '2025-11-21 09:53:11'),
(1325, 'سيدي سميان', 'Sidi Semiane', 453, '2025-11-21 09:53:11', '2025-11-21 09:53:11'),
(1326, 'تيبازة', 'Tipaza', 459, '2025-11-21 09:53:11', '2025-11-21 09:53:11'),
(1327, 'بني ميلك', 'Beni Mileuk', 454, '2025-11-21 09:53:11', '2025-11-21 09:53:11'),
(1328, 'مشيرة', 'El Mechira', 460, '2025-11-21 09:53:11', '2025-11-21 09:53:11'),
(1329, 'العياضي برباس', 'El Ayadi Barbes', 461, '2025-11-21 09:53:11', '2025-11-21 09:53:11'),
(1330, ' عين البيضاء أحريش', 'Ain Beida Harriche', 461, '2025-11-21 09:53:11', '2025-11-21 09:53:11'),
(1331, 'تسالة لمطاعي', 'Tassala Lematai', 462, '2025-11-21 09:53:11', '2025-11-21 09:53:11'),
(1332, 'ترعي باينان', 'Terrai Bainen', 462, '2025-11-21 09:53:11', '2025-11-21 09:53:11'),
(1333, 'اعميرة اراس', 'Amira Arres', 462, '2025-11-21 09:53:11', '2025-11-21 09:53:11'),
(1334, 'تسدان حدادة', 'Tassadane Haddada', 463, '2025-11-21 09:53:11', '2025-11-21 09:53:11'),
(1335, 'مينار زارزة', 'Minar Zarza', 463, '2025-11-21 09:53:11', '2025-11-21 09:53:11'),
(1336, 'سيدي مروان', 'Sidi Merouane', 464, '2025-11-21 09:53:11', '2025-11-21 09:53:11'),
(1337, 'الشيقارة', 'Chigara', 464, '2025-11-21 09:53:11', '2025-11-21 09:53:11'),
(1338, 'حمالة', 'Hamala', 465, '2025-11-21 09:53:11', '2025-11-21 09:53:11'),
(1339, 'القرارم قوقة', 'Grarem Gouga', 465, '2025-11-21 09:53:11', '2025-11-21 09:53:11'),
(1340, 'تيبرقنت', 'Tiberguent', 466, '2025-11-21 09:53:11', '2025-11-21 09:53:11'),
(1341, 'الرواشد', 'Rouached', 466, '2025-11-21 09:53:11', '2025-11-21 09:53:11'),
(1342, 'دراحي بوصلاح', 'Derrahi Bousselah', 467, '2025-11-21 09:53:11', '2025-11-21 09:53:11'),
(1343, 'زغاية', 'Zeghaia', 468, '2025-11-21 09:53:11', '2025-11-21 09:53:11'),
(1344, 'وادي النجاء', 'Oued Endja', 468, '2025-11-21 09:53:11', '2025-11-21 09:53:11'),
(1345, 'أحمد راشدي', 'Ahmed Rachedi', 468, '2025-11-21 09:53:11', '2025-11-21 09:53:11'),
(1346, 'تاجنانت', 'Tadjenanet', 469, '2025-11-21 09:53:11', '2025-11-21 09:53:11'),
(1347, 'عين الملوك', 'Ain Mellouk', 470, '2025-11-21 09:53:11', '2025-11-21 09:53:11'),
(1348, 'أولاد اخلوف', 'Ouled Khalouf', 469, '2025-11-21 09:53:11', '2025-11-21 09:53:11'),
(1349, 'بن يحي عبد الرحمن', 'Benyahia Abderrahmane', 469, '2025-11-21 09:53:11', '2025-11-21 09:53:11'),
(1350, 'التلاغمة', 'Teleghma', 460, '2025-11-21 09:53:11', '2025-11-21 09:53:11'),
(1351, 'وادي سقان', 'Oued Seguen', 460, '2025-11-21 09:53:11', '2025-11-21 09:53:11'),
(1352, 'وادي العثمانية', 'Oued Athmenia', 470, '2025-11-21 09:53:11', '2025-11-21 09:53:11'),
(1353, 'عين التين', 'Ain Tine', 471, '2025-11-21 09:53:11', '2025-11-21 09:53:11'),
(1354, 'شلغوم العيد', 'Chelghoum Laid', 470, '2025-11-21 09:53:11', '2025-11-21 09:53:11'),
(1355, 'يحي بني قشة', 'Yahia Beniguecha', 472, '2025-11-21 09:53:11', '2025-11-21 09:53:11'),
(1356, 'فرجيوة', 'Ferdjioua', 472, '2025-11-21 09:53:11', '2025-11-21 09:53:11'),
(1357, 'سيدي خليفة', 'Sidi Khelifa', 471, '2025-11-21 09:53:11', '2025-11-21 09:53:11'),
(1358, 'ميلة', 'Mila', 471, '2025-11-21 09:53:11', '2025-11-21 09:53:11'),
(1359, 'بوحاتم', 'Bouhatem', 467, '2025-11-21 09:53:11', '2025-11-21 09:53:11'),
(1360, 'خميس مليانة', 'Khemis-Miliana', 473, '2025-11-21 09:53:11', '2025-11-21 09:53:11'),
(1361, 'سيدي الأخضر', 'Sidi-Lakhdar', 473, '2025-11-21 09:53:11', '2025-11-21 09:53:11'),
(1362, 'عين البنيان', 'Ain-Benian', 474, '2025-11-21 09:53:11', '2025-11-21 09:53:11'),
(1363, 'عين التركي', 'Ain-Torki', 474, '2025-11-21 09:53:11', '2025-11-21 09:53:11'),
(1364, 'حمام ريغة', 'Hammam-Righa', 474, '2025-11-21 09:53:11', '2025-11-21 09:53:11'),
(1365, 'بوراشد', 'Bourached', 475, '2025-11-21 09:53:11', '2025-11-21 09:53:11'),
(1366, 'الحسينية', 'Hoceinia', 476, '2025-11-21 09:53:11', '2025-11-21 09:53:11'),
(1367, 'جليدة', 'Djelida', 475, '2025-11-21 09:53:11', '2025-11-21 09:53:11'),
(1368, 'عريب', 'Arib', 477, '2025-11-21 09:53:11', '2025-11-21 09:53:11'),
(1369, 'جمعة أولاد الشيخ', 'Djemaa Ouled Cheikh', 475, '2025-11-21 09:53:11', '2025-11-21 09:53:11'),
(1370, 'العامرة', 'El-Amra', 477, '2025-11-21 09:53:11', '2025-11-21 09:53:11'),
(1371, 'العطاف', 'El-Attaf', 478, '2025-11-21 09:53:11', '2025-11-21 09:53:11'),
(1372, 'تبركانين', 'Tiberkanine', 478, '2025-11-21 09:53:11', '2025-11-21 09:53:11'),
(1373, 'عين بويحيى', 'Ain-Bouyahia', 479, '2025-11-21 09:53:11', '2025-11-21 09:53:11'),
(1374, 'العبادية', 'El-Abadia', 479, '2025-11-21 09:53:11', '2025-11-21 09:53:11'),
(1375, 'تاشتة زقاغة', 'Tacheta Zegagha', 479, '2025-11-21 09:53:11', '2025-11-21 09:53:11'),
(1376, 'بربوش', 'Birbouche', 480, '2025-11-21 09:53:11', '2025-11-21 09:53:11'),
(1377, 'جندل', 'Djendel', 480, '2025-11-21 09:53:11', '2025-11-21 09:53:11'),
(1378, 'بن علال', 'Ben Allal', 481, '2025-11-21 09:53:11', '2025-11-21 09:53:11'),
(1379, 'وادي الشرفاء', 'Oued Chorfa', 480, '2025-11-21 09:53:11', '2025-11-21 09:53:11'),
(1380, 'بومدفع', 'Boumedfaa', 476, '2025-11-21 09:53:11', '2025-11-21 09:53:11'),
(1381, 'عين الاشياخ', 'Ain-Lechiakh', 482, '2025-11-21 09:53:11', '2025-11-21 09:53:11'),
(1382, 'عين السلطان', 'Ain-Soltane', 482, '2025-11-21 09:53:11', '2025-11-21 09:53:11'),
(1383, 'واد الجمعة', 'Oued Djemaa', 482, '2025-11-21 09:53:11', '2025-11-21 09:53:11'),
(1384, 'الماين', 'El-Maine', 483, '2025-11-21 09:53:11', '2025-11-21 09:53:11'),
(1385, 'الروينة', 'Rouina', 483, '2025-11-21 09:53:11', '2025-11-21 09:53:11'),
(1386, 'زدين', 'Zeddine', 483, '2025-11-21 09:53:11', '2025-11-21 09:53:11'),
(1387, 'بئر ولد خليفة', 'Bir-Ould-Khelifa', 484, '2025-11-21 09:53:11', '2025-11-21 09:53:11'),
(1388, 'برج الأمير خالد', 'Bordj-Emir-Khaled', 484, '2025-11-21 09:53:11', '2025-11-21 09:53:11'),
(1389, 'طارق بن زياد', 'Tarik-Ibn-Ziad', 484, '2025-11-21 09:53:11', '2025-11-21 09:53:11'),
(1390, 'بطحية', 'Bathia', 485, '2025-11-21 09:53:11', '2025-11-21 09:53:11'),
(1391, 'بلعاص', 'Belaas', 485, '2025-11-21 09:53:11', '2025-11-21 09:53:11'),
(1392, 'الحسانية', 'Hassania', 485, '2025-11-21 09:53:11', '2025-11-21 09:53:11'),
(1393, 'عين الدفلى', 'Ain-Defla', 486, '2025-11-21 09:53:11', '2025-11-21 09:53:11'),
(1394, 'مليانة', 'Miliana', 481, '2025-11-21 09:53:11', '2025-11-21 09:53:11'),
(1395, 'المخاطرية', 'Mekhatria', 477, '2025-11-21 09:53:12', '2025-11-21 09:53:12'),
(1396, 'تيوت', 'Tiout', 487, '2025-11-21 09:53:12', '2025-11-21 09:53:12'),
(1397, 'مغرار', 'Moghrar', 488, '2025-11-21 09:53:12', '2025-11-21 09:53:12'),
(1398, 'عسلة', 'Asla', 489, '2025-11-21 09:53:12', '2025-11-21 09:53:12'),
(1399, 'القصدير', 'Kasdir', 490, '2025-11-21 09:53:12', '2025-11-21 09:53:12'),
(1400, 'مكمن بن عمار', 'Makmen Ben Amar', 490, '2025-11-21 09:53:12', '2025-11-21 09:53:12'),
(1401, 'عين الصفراء', 'Ain Sefra', 487, '2025-11-21 09:53:12', '2025-11-21 09:53:12'),
(1402, 'المشرية', 'Mecheria', 491, '2025-11-21 09:53:12', '2025-11-21 09:53:12'),
(1403, 'البيوض', 'El Biodh', 491, '2025-11-21 09:53:12', '2025-11-21 09:53:12'),
(1404, 'عين بن خليل', 'Ain Ben Khelil', 491, '2025-11-21 09:53:12', '2025-11-21 09:53:12'),
(1405, 'النعامة', 'Naama', 492, '2025-11-21 09:53:12', '2025-11-21 09:53:12'),
(1406, 'جنين بورزق', 'Djenienne Bourezg', 488, '2025-11-21 09:53:12', '2025-11-21 09:53:12'),
(1407, 'سفيسيفة', 'Sfissifa', 493, '2025-11-21 09:53:12', '2025-11-21 09:53:12'),
(1408, 'سيدي بومدين', 'Sidi Boumediene', 494, '2025-11-21 09:53:12', '2025-11-21 09:53:12'),
(1409, 'تامزورة', 'Tamzoura', 494, '2025-11-21 09:53:12', '2025-11-21 09:53:12'),
(1410, 'شعبة اللحم', 'Chaabat El Ham', 495, '2025-11-21 09:53:12', '2025-11-21 09:53:12'),
(1411, 'المالح', 'El Maleh', 495, '2025-11-21 09:53:12', '2025-11-21 09:53:12'),
(1412, 'أولاد الكيحل', 'Ouled Kihal', 495, '2025-11-21 09:53:12', '2025-11-21 09:53:12'),
(1413, 'شنتوف', 'Chentouf', 496, '2025-11-21 09:53:12', '2025-11-21 09:53:12'),
(1414, 'تارقة', 'Terga', 495, '2025-11-21 09:53:12', '2025-11-21 09:53:12'),
(1415, 'وادي الصباح', 'Oued Sebbah', 494, '2025-11-21 09:53:12', '2025-11-21 09:53:12'),
(1416, 'العامرية', 'El Amria', 497, '2025-11-21 09:53:12', '2025-11-21 09:53:12'),
(1417, 'حاسي الغلة', 'Hassi El Ghella', 497, '2025-11-21 09:53:12', '2025-11-21 09:53:12'),
(1418, 'أولاد بوجمعة', 'Ouled Boudjemaa', 497, '2025-11-21 09:53:12', '2025-11-21 09:53:12'),
(1419, 'أغلال', 'Aghlal', 498, '2025-11-21 09:53:12', '2025-11-21 09:53:12'),
(1420, 'عين الكيحل', 'Ain Kihal', 498, '2025-11-21 09:53:12', '2025-11-21 09:53:12'),
(1421, 'عين الطلبة', 'Ain Tolba', 498, '2025-11-21 09:53:12', '2025-11-21 09:53:12'),
(1422, 'عقب الليل', 'Aoubellil', 498, '2025-11-21 09:53:12', '2025-11-21 09:53:12'),
(1423, 'بني صاف', 'Beni Saf', 499, '2025-11-21 09:53:12', '2025-11-21 09:53:12'),
(1424, 'الحساسنة', 'Hassasna', 496, '2025-11-21 09:53:12', '2025-11-21 09:53:12'),
(1425, 'الأمير عبد القادر', 'Emir Abdelkader', 499, '2025-11-21 09:53:12', '2025-11-21 09:53:12'),
(1426, 'سيدي صافي', 'Sidi Safi', 499, '2025-11-21 09:53:12', '2025-11-21 09:53:12'),
(1427, 'ولهاصة الغرابة', 'Oulhaca El Gheraba', 500, '2025-11-21 09:53:12', '2025-11-21 09:53:12'),
(1428, 'سيدي ورياش', 'Sidi Ouriache', 500, '2025-11-21 09:53:12', '2025-11-21 09:53:12'),
(1429, 'عين الأربعاء', 'Ain El Arbaa', 494, '2025-11-21 09:53:12', '2025-11-21 09:53:12'),
(1430, 'المساعيد', 'El Messaid', 497, '2025-11-21 09:53:12', '2025-11-21 09:53:12'),
(1431, 'وادي برقش', 'Oued Berkeche', 496, '2025-11-21 09:53:12', '2025-11-21 09:53:12'),
(1432, 'سيدي بن عدة', 'Sidi Ben Adda', 501, '2025-11-21 09:53:12', '2025-11-21 09:53:12'),
(1433, 'عين تموشنت', 'Ain Temouchent', 501, '2025-11-21 09:53:12', '2025-11-21 09:53:12'),
(1434, 'بوزجار', 'Bouzedjar', 497, '2025-11-21 09:53:12', '2025-11-21 09:53:12'),
(1435, 'حمام بوحجر', 'Hammam Bou Hadjar', 496, '2025-11-21 09:53:12', '2025-11-21 09:53:12'),
(1436, 'ضاية بن ضحوة', 'Dhayet Bendhahoua', 502, '2025-11-21 09:53:12', '2025-11-21 09:53:12'),
(1437, 'المنصورة', 'Mansoura', 503, '2025-11-21 09:53:12', '2025-11-21 09:53:12'),
(1438, 'العطف', 'El Atteuf', 504, '2025-11-21 09:53:12', '2025-11-21 09:53:12'),
(1439, 'بونورة', 'Bounoura', 504, '2025-11-21 09:53:12', '2025-11-21 09:53:12'),
(1440, 'زلفانة', 'Zelfana', 505, '2025-11-21 09:53:12', '2025-11-21 09:53:12'),
(1441, 'القرارة', 'El Guerrara', 506, '2025-11-21 09:53:12', '2025-11-21 09:53:12'),
(1442, 'سبسب', 'Sebseb', 507, '2025-11-21 09:53:12', '2025-11-21 09:53:12'),
(1443, 'متليلي', 'Metlili', 507, '2025-11-21 09:53:12', '2025-11-21 09:53:12'),
(1444, 'بريان', 'Berriane', 508, '2025-11-21 09:53:12', '2025-11-21 09:53:12'),
(1445, 'غرداية', 'Ghardaia', 509, '2025-11-21 09:53:12', '2025-11-21 09:53:12'),
(1446, 'القطار', 'El-Guettar', 510, '2025-11-21 09:53:12', '2025-11-21 09:53:12'),
(1447, 'أولاد يعيش', 'Ouled Aiche', 511, '2025-11-21 09:53:12', '2025-11-21 09:53:12'),
(1448, 'بني درقن', 'Beni Dergoun', 512, '2025-11-21 09:53:12', '2025-11-21 09:53:12'),
(1449, 'دار بن عبد الله', 'Dar Ben Abdelah', 512, '2025-11-21 09:53:12', '2025-11-21 09:53:12'),
(1450, 'زمورة', 'Zemmoura', 512, '2025-11-21 09:53:12', '2025-11-21 09:53:12'),
(1451, 'جديوية', 'Djidiouia', 513, '2025-11-21 09:53:12', '2025-11-21 09:53:12'),
(1452, 'حمري', 'Hamri', 513, '2025-11-21 09:53:12', '2025-11-21 09:53:12'),
(1453, 'بلعسل بوزقزة', 'Belaassel Bouzagza', 514, '2025-11-21 09:53:12', '2025-11-21 09:53:12'),
(1454, 'المطمر', 'El-Matmar', 514, '2025-11-21 09:53:12', '2025-11-21 09:53:12'),
(1455, 'سيدي  خطاب', 'Sidi Khettab', 514, '2025-11-21 09:53:12', '2025-11-21 09:53:12'),
(1456, 'سيدي امحمد بن عودة', 'Sidi M\'hamed Benaouda', 514, '2025-11-21 09:53:12', '2025-11-21 09:53:12'),
(1457, 'عين طارق', 'Ain-Tarek', 515, '2025-11-21 09:53:12', '2025-11-21 09:53:12'),
(1458, 'حد الشكالة', 'Had Echkalla', 515, '2025-11-21 09:53:12', '2025-11-21 09:53:12'),
(1459, 'الولجة', 'El Ouldja', 511, '2025-11-21 09:53:12', '2025-11-21 09:53:12'),
(1460, 'مازونة', 'Mazouna', 510, '2025-11-21 09:53:12', '2025-11-21 09:53:12'),
(1461, 'عين الرحمة', 'Ain Rahma', 516, '2025-11-21 09:53:12', '2025-11-21 09:53:12'),
(1462, 'القلعة', 'Kalaa', 516, '2025-11-21 09:53:12', '2025-11-21 09:53:12'),
(1463, 'سيدي سعادة', 'Sidi Saada', 516, '2025-11-21 09:53:12', '2025-11-21 09:53:12'),
(1464, 'يلل', 'Yellel', 516, '2025-11-21 09:53:12', '2025-11-21 09:53:12'),
(1465, 'سوق الحد', 'Souk El Had', 517, '2025-11-21 09:53:12', '2025-11-21 09:53:12'),
(1466, 'منداس', 'Mendes', 518, '2025-11-21 09:53:12', '2025-11-21 09:53:12'),
(1467, 'وادي السلام', 'Oued Essalem', 518, '2025-11-21 09:53:12', '2025-11-21 09:53:12'),
(1468, 'سيدي لزرق', 'Sidi Lazreg', 518, '2025-11-21 09:53:12', '2025-11-21 09:53:12'),
(1469, 'عمي موسى', 'Ammi Moussa', 511, '2025-11-21 09:53:12', '2025-11-21 09:53:12'),
(1470, 'واريزان', 'Ouarizane', 519, '2025-11-21 09:53:12', '2025-11-21 09:53:12'),
(1471, 'مرجة سيدي عابد', 'Merdja Sidi Abed', 519, '2025-11-21 09:53:12', '2025-11-21 09:53:12'),
(1472, 'أولاد سيدي الميهوب', 'Ouled Sidi Mihoub', 513, '2025-11-21 09:53:12', '2025-11-21 09:53:12'),
(1473, 'بن داود', 'Bendaoud', 520, '2025-11-21 09:53:12', '2025-11-21 09:53:12'),
(1474, 'وادي رهيو', 'Oued-Rhiou', 519, '2025-11-21 09:53:12', '2025-11-21 09:53:12'),
(1475, 'الحاسي', 'El Hassi', 511, '2025-11-21 09:53:12', '2025-11-21 09:53:12'),
(1476, 'سيدي أمحمد بن علي', 'Sidi M\'hamed Benali', 521, '2025-11-21 09:53:12', '2025-11-21 09:53:12'),
(1477, 'مديونة', 'Mediouna', 521, '2025-11-21 09:53:12', '2025-11-21 09:53:12'),
(1478, 'بني زنطيس', 'Beni Zentis', 521, '2025-11-21 09:53:12', '2025-11-21 09:53:12'),
(1479, 'وادي الجمعة', 'Oued El Djemaa', 522, '2025-11-21 09:53:12', '2025-11-21 09:53:12'),
(1480, 'لحلاف', 'Lahlef', 519, '2025-11-21 09:53:12', '2025-11-21 09:53:12'),
(1481, 'غليزان', 'Relizane', 520, '2025-11-21 09:53:12', '2025-11-21 09:53:12'),
(1482, 'الحمادنة', 'El H\'madna', 522, '2025-11-21 09:53:12', '2025-11-21 09:53:12'),
(1483, 'الرمكة', 'Ramka', 517, '2025-11-21 09:53:12', '2025-11-21 09:53:12'),
(1484, 'تنركوك', 'Tinerkouk', 523, '2025-11-21 09:53:12', '2025-11-21 09:53:12'),
(1485, 'تيميمون', 'Timimoun', 524, '2025-11-21 09:53:12', '2025-11-21 09:53:12'),
(1486, 'أولاد السعيد', 'Ouled Said', 524, '2025-11-21 09:53:12', '2025-11-21 09:53:12'),
(1487, 'المطارفة', 'Metarfa', 525, '2025-11-21 09:53:12', '2025-11-21 09:53:12'),
(1488, 'طالمين', 'Talmine', 526, '2025-11-21 09:53:12', '2025-11-21 09:53:12'),
(1489, 'أولاد عيسى', 'Ouled Aissa', 526, '2025-11-21 09:53:12', '2025-11-21 09:53:12'),
(1490, 'شروين', 'Charouine', 526, '2025-11-21 09:53:12', '2025-11-21 09:53:12'),
(1491, 'أوقروت', 'Aougrout', 525, '2025-11-21 09:53:12', '2025-11-21 09:53:12'),
(1492, 'دلدول', 'Deldoul', 525, '2025-11-21 09:53:12', '2025-11-21 09:53:12'),
(1493, 'قصر قدور', 'Ksar Kaddour', 523, '2025-11-21 09:53:12', '2025-11-21 09:53:12'),
(1494, 'تيمياوين', 'Timiaouine', 527, '2025-11-21 09:53:12', '2025-11-21 09:53:12'),
(1495, 'برج باجي مختار', 'Bordj Badji Mokhtar', 527, '2025-11-21 09:53:12', '2025-11-21 09:53:12'),
(1496, 'رأس الميعاد', 'Ras El Miad', 528, '2025-11-21 09:53:12', '2025-11-21 09:53:12'),
(1497, 'بسباس', 'Besbes', 528, '2025-11-21 09:53:12', '2025-11-21 09:53:12'),
(1498, 'سيدي  خالد', 'Sidi Khaled', 528, '2025-11-21 09:53:12', '2025-11-21 09:53:12'),
(1499, 'الدوسن', 'Doucen', 529, '2025-11-21 09:53:12', '2025-11-21 09:53:12'),
(1500, 'الشعيبة', 'Chaiba', 529, '2025-11-21 09:53:12', '2025-11-21 09:53:12'),
(1501, 'أولاد جلال', 'Ouled Djellal', 529, '2025-11-21 09:53:12', '2025-11-21 09:53:12'),
(1502, 'بني عباس', 'Beni-Abbes', 530, '2025-11-21 09:53:12', '2025-11-21 09:53:12'),
(1503, 'تامترت', 'Tamtert', 530, '2025-11-21 09:53:12', '2025-11-21 09:53:12'),
(1504, 'إقلي', 'Igli', 531, '2025-11-21 09:53:12', '2025-11-21 09:53:12'),
(1505, 'الواتة', 'El Ouata', 532, '2025-11-21 09:53:12', '2025-11-21 09:53:12'),
(1506, 'أولاد خضير', 'Ouled-Khodeir', 533, '2025-11-21 09:53:12', '2025-11-21 09:53:12'),
(1507, 'كرزاز', 'Kerzaz', 534, '2025-11-21 09:53:12', '2025-11-21 09:53:12'),
(1508, 'تيمودي', 'Timoudi', 534, '2025-11-21 09:53:12', '2025-11-21 09:53:12'),
(1509, 'القصابي', 'Ksabi', 533, '2025-11-21 09:53:12', '2025-11-21 09:53:12'),
(1510, 'بن يخلف', 'Beni-Ikhlef', 534, '2025-11-21 09:53:12', '2025-11-21 09:53:12'),
(1511, 'إينغر', 'Inghar', 535, '2025-11-21 09:53:12', '2025-11-21 09:53:12'),
(1512, 'عين صالح', 'Ain Salah', 536, '2025-11-21 09:53:12', '2025-11-21 09:53:12'),
(1513, 'فقارة الزوى', 'Foggaret Ezzoua', 536, '2025-11-21 09:53:12', '2025-11-21 09:53:12'),
(1514, 'تين زواتين', 'Tin Zouatine', 537, '2025-11-21 09:53:12', '2025-11-21 09:53:12'),
(1515, 'عين قزام', 'Ain Guezzam', 538, '2025-11-21 09:53:12', '2025-11-21 09:53:12'),
(1516, 'تماسين', 'Temacine', 539, '2025-11-21 09:53:12', '2025-11-21 09:53:12'),
(1517, 'سيدي سليمان', 'Sidi Slimane', 540, '2025-11-21 09:53:12', '2025-11-21 09:53:12'),
(1518, 'المقارين', 'Megarine', 540, '2025-11-21 09:53:12', '2025-11-21 09:53:12'),
(1519, 'النزلة', 'Nezla', 541, '2025-11-21 09:53:12', '2025-11-21 09:53:12'),
(1520, 'بلدة اعمر', 'Blidet Amor', 539, '2025-11-21 09:53:12', '2025-11-21 09:53:12'),
(1521, 'تبسبست', 'Tebesbest', 541, '2025-11-21 09:53:12', '2025-11-21 09:53:12'),
(1522, 'تقرت', 'Touggourt', 541, '2025-11-21 09:53:12', '2025-11-21 09:53:12'),
(1523, 'الطيبات', 'Taibet', 542, '2025-11-21 09:53:12', '2025-11-21 09:53:12'),
(1524, 'العالية', 'El Alia', 543, '2025-11-21 09:53:12', '2025-11-21 09:53:12'),
(1525, 'الحجيرة', 'El-Hadjira', 543, '2025-11-21 09:53:12', '2025-11-21 09:53:12'),
(1526, 'بن ناصر', 'Benaceur', 542, '2025-11-21 09:53:12', '2025-11-21 09:53:12'),
(1527, 'المنقر', 'M\'naguer', 542, '2025-11-21 09:53:12', '2025-11-21 09:53:12'),
(1528, 'الزاوية العابدية', 'Zaouia El Abidia', 541, '2025-11-21 09:53:12', '2025-11-21 09:53:12'),
(1529, 'جانت', 'Djanet', 544, '2025-11-21 09:53:13', '2025-11-21 09:53:13'),
(1530, 'برج الحواس', 'Bordj El Haouass', 544, '2025-11-21 09:53:13', '2025-11-21 09:53:13'),
(1531, 'أم الطيور', 'Oum Touyour', 545, '2025-11-21 09:53:13', '2025-11-21 09:53:13'),
(1532, 'سيدي عمران', 'Sidi Amrane', 546, '2025-11-21 09:53:13', '2025-11-21 09:53:13'),
(1533, 'المرارة', 'M\'rara', 546, '2025-11-21 09:53:13', '2025-11-21 09:53:13'),
(1534, 'جامعة', 'Djamaa', 546, '2025-11-21 09:53:13', '2025-11-21 09:53:13'),
(1535, 'تندلة', 'Tenedla', 546, '2025-11-21 09:53:13', '2025-11-21 09:53:13'),
(1536, 'المغير', 'El-M\'ghaier', 545, '2025-11-21 09:53:13', '2025-11-21 09:53:13'),
(1537, 'سطيل', 'Still', 545, '2025-11-21 09:53:13', '2025-11-21 09:53:13'),
(1538, 'سيدي خليل', 'Sidi Khelil', 545, '2025-11-21 09:53:13', '2025-11-21 09:53:13'),
(1539, 'المنيعة', 'El Meniaa', 547, '2025-11-21 09:53:13', '2025-11-21 09:53:13'),
(1540, 'حاسي القارة', 'Hassi Gara', 547, '2025-11-21 09:53:13', '2025-11-21 09:53:13'),
(1541, 'حاسي الفحل', 'Hassi Fehal', 548, '2025-11-21 09:53:13', '2025-11-21 09:53:13');

-- [23] Table: email_verifications (dépend de: user)
INSERT INTO `email_verifications` (`id`, `id_user`, `token`, `type`, `expires_at`, `used_at`, `created_at`, `metadata`, `ip_address`) VALUES
(1, 15, '64e5b8f99d5edaf1e7174fead15bfb3bb276e82cca4555d259444838e0279983', 'email_verification', '2025-11-27 12:41:50', NULL, '2025-11-26 12:41:50', NULL, NULL);

-- [24] Table: favoris (dépend de: user)
INSERT INTO `favoris` (`id_favori`, `id_user`, `type_entite`, `id_entite`, `date_ajout`, `notes`, `date_creation`, `date_modification`) VALUES
(1, 34, 'oeuvre', 22, '2026-03-01 21:06:07', NULL, '2026-03-01 21:06:07', '2026-03-01 21:06:07'),
(2, 35, 'oeuvre', 22, '2026-03-02 00:02:04', NULL, '2026-03-02 00:02:04', '2026-03-02 00:02:04');

-- [25] Table: intervenant (dépend de: user)
INSERT INTO `intervenant` (`id_intervenant`, `nom`, `prenom`, `date_naissance`, `lieu_naissance`, `date_deces`, `lieu_deces`, `prix_distinctions`, `wikipedia_url`, `reseaux_sociaux`, `titre_professionnel`, `organisation`, `email`, `telephone`, `biographie`, `photo_url`, `specialites`, `site_web`, `pays_origine`, `langues_parlees`, `id_user`, `actif`, `verifie`, `date_creation`, `date_modification`) VALUES
(1, '{\"ar\": \"\", \"fr\": \"Yacine\"}', '{\"ar\": \"\", \"fr\": \"Kateb\"}', '1929-08-02', 'Constantine, Algérie', '1989-10-28', 'Grenoble, France', '[{\"nom\": \"Grand Prix national des Lettres\", \"annee\": 1987}]', NULL, '{}', NULL, NULL, NULL, NULL, '{\"fr\": \"Kateb Yacine est une figure majeure de la culture algérienne.\"}', NULL, '[]', NULL, 'Algérie', '[\"ar\", \"fr\"]', NULL, 1, 1, '2025-11-21 13:31:46', '2025-11-21 13:31:46'),
(2, '{\"fr\": \"GUERFI\"}', '{\"fr\": \"Souhila\"}', NULL, NULL, NULL, NULL, '[]', NULL, '{}', NULL, NULL, NULL, NULL, '{}', NULL, '[]', NULL, NULL, '[\"ar\"]', NULL, 1, 0, '2026-02-22 23:45:56', '2026-02-22 23:45:56'),
(3, '{\"fr\": \"GUERFI\"}', '{\"fr\": \"Souhila\"}', NULL, NULL, NULL, NULL, '[]', NULL, '{}', NULL, NULL, NULL, NULL, '{}', NULL, '[]', NULL, NULL, '[\"ar\"]', NULL, 1, 0, '2026-02-23 10:52:55', '2026-02-23 10:52:55'),
(4, '{\"fr\": \"GUERFI\"}', '{\"fr\": \"Souhila\"}', NULL, NULL, NULL, NULL, '[]', NULL, '{}', NULL, NULL, NULL, NULL, '{}', NULL, '[]', NULL, NULL, '[\"ar\"]', NULL, 1, 0, '2026-02-23 22:47:21', '2026-02-23 22:47:21'),
(5, '{\"fr\": \"GUERFI\"}', '{\"fr\": \"Hamida\"}', NULL, NULL, NULL, NULL, '[]', NULL, '{}', NULL, NULL, NULL, NULL, '{}', NULL, '[]', NULL, NULL, '[\"ar\"]', NULL, 1, 0, '2026-02-24 00:06:18', '2026-02-24 00:06:18'),
(6, '{\"fr\": \"GUERFI\"}', '{\"fr\": \"hamida\"}', NULL, NULL, NULL, NULL, '[]', NULL, '{}', NULL, NULL, NULL, NULL, '{}', NULL, '[]', NULL, NULL, '[\"ar\"]', NULL, 1, 0, '2026-02-24 00:20:47', '2026-02-24 00:20:47');

-- [26] Table: oeuvre (dépend de: langue, type_oeuvre, user)
INSERT INTO `oeuvre` (`id_oeuvre`, `titre`, `id_type_oeuvre`, `id_langue`, `annee_creation`, `description`, `prix`, `saisi_par`, `id_oeuvre_originale`, `statut`, `date_validation`, `validateur_id`, `raison_rejet`, `date_creation`, `date_modification`) VALUES
(2, '{\"ar\": \"\", \"fr\": \"Nedjma\"}', 1, 5, 1956, '{\"fr\": \"Roman majeur de la littérature algérienne, œuvre complexe et poétique sur l\'Algérie coloniale\"}', 2660.74, 8, NULL, 'publie', '2025-11-20 05:11:10', 8, NULL, '2025-11-21 13:59:48', '2025-11-21 13:59:48'),
(3, '{\"ar\": \"ألوان القصبة\", \"en\": \"Colors of the Casbah\", \"fr\": \"Les Couleurs de la Casbah\"}', 1, 5, 2023, '{\"ar\": \"سلسلة من اللوحات تحتفي بالهندسة المعمارية التقليدية لقصبة الجزائر.\", \"en\": \"A series of paintings celebrating the traditional architecture of the Casbah of Algiers.\", \"fr\": \"Une série de peintures célébrant l\'architecture traditionnelle de la Casbah d\'Alger.\"}', NULL, 17, NULL, 'publie', NULL, NULL, NULL, '2026-01-16 21:34:34', '2026-01-16 21:34:34'),
(4, '{\"ar\": \"ذكريات الصحراء\", \"en\": \"Memories of the Sahara\", \"fr\": \"Mémoires du Sahara\"}', 1, 3, 2022, '{\"ar\": \"مجموعة صور فوتوغرافية لمناظر وثقافات الجنوب الجزائري الكبير.\", \"en\": \"Photographic collection of landscapes and cultures of the Algerian South.\", \"fr\": \"Recueil photographique des paysages et cultures du Grand Sud algérien.\"}', NULL, 17, NULL, 'publie', NULL, NULL, NULL, '2026-01-16 21:34:34', '2026-01-16 21:34:34'),
(5, '{\"ar\": \"أغاني قبائلية حديثة\", \"en\": \"Modern Kabyle Songs\", \"fr\": \"Chants Kabyles Modernes\"}', 3, 1, 2024, '{\"ar\": \"ألبوم موسيقي يمزج بين التقاليد القبائلية والأصوات المعاصرة.\", \"en\": \"Musical album fusing Kabyle traditions with contemporary sounds.\", \"fr\": \"Album musical fusionnant traditions kabyles et sonorités contemporaines.\"}', NULL, 17, NULL, 'archive', NULL, NULL, NULL, '2026-01-16 21:34:34', '2026-02-21 20:56:36'),
(7, '{\"ar\": \"ألوان القصبة\", \"en\": \"Colors of the Casbah\", \"fr\": \"Les Couleurs de la Casbah\"}', 1, 5, 2023, '{\"ar\": \"سلسلة من اللوحات تحتفي بالهندسة المعمارية التقليدية لقصبة الجزائر.\", \"en\": \"A series of paintings celebrating the traditional architecture of the Casbah of Algiers.\", \"fr\": \"Une série de peintures célébrant l\'architecture traditionnelle de la Casbah d\'Alger.\"}', NULL, 17, NULL, 'publie', NULL, NULL, NULL, '2026-01-16 21:36:53', '2026-01-16 21:36:53'),
(8, '{\"ar\": \"ذكريات الصحراء\", \"en\": \"Memories of the Sahara\", \"fr\": \"Mémoires du Sahara\"}', 1, 3, 2022, '{\"ar\": \"مجموعة صور فوتوغرافية لمناظر وثقافات الجنوب الجزائري الكبير.\", \"en\": \"Photographic collection of landscapes and cultures of the Algerian South.\", \"fr\": \"Recueil photographique des paysages et cultures du Grand Sud algérien.\"}', NULL, 17, NULL, 'publie', NULL, NULL, NULL, '2026-01-16 21:36:53', '2026-01-16 21:36:53'),
(9, '{\"ar\": \"أغاني قبائلية حديثة\", \"en\": \"Modern Kabyle Songs\", \"fr\": \"Chants Kabyles Modernes\"}', 3, 1, 2024, '{\"ar\": \"ألبوم موسيقي يمزج بين التقاليد القبائلية والأصوات المعاصرة.\", \"en\": \"Musical album fusing Kabyle traditions with contemporary sounds.\", \"fr\": \"Album musical fusionnant traditions kabyles et sonorités contemporaines.\"}', NULL, 17, NULL, 'archive', NULL, NULL, NULL, '2026-01-16 21:36:53', '2026-02-21 20:56:15'),
(11, '{\"ar\": \"روايتي الأولى\", \"fr\": \"Mon Premier Roman\"}', 1, 1, NULL, '{\"fr\": \"Un roman sur la vie en Algérie\"}', NULL, 18, NULL, 'publie', NULL, NULL, NULL, '2026-01-19 19:33:51', '2026-01-19 19:33:51'),
(14, '{\"ar\": \"أغاني قبائلية حديثة\", \"en\": \"Modern Kabyle Songs\", \"fr\": \"Chants Kabyles Modernes\"}', 3, 1, 2024, '{\"ar\": \"ألبوم موسيقي يمزج بين التقاليد القبائلية والأصوات المعاصرة.\", \"en\": \"Musical album fusing Kabyle traditions with contemporary sounds.\", \"fr\": \"Album musical fusionnant traditions kabyles et sonorités contemporaines.\"}', NULL, 17, NULL, 'publie', NULL, NULL, NULL, '2026-01-30 10:37:47', '2026-01-30 10:37:47'),
(16, '{\"fr\": \"Impact de la desertification sur les ecosystemes oasiens du Sahara algerien\"}', 5, 5, 2025, '{\"fr\": \"Cette etude analyse les effets de la desertification progressive sur la biodiversite et les systemes hydrauliques traditionnels (foggaras) des oasis du sud algerien. A travers une approche multidisciplinaire combinant teledetection, analyses pedologiques et enquetes ethnobotaniques, nous demontrons que la degradation des sols a entraine une perte de 35% de la couverture vegetale entre 2000 et 2024.\"}', NULL, 8, NULL, 'rejete', '2026-02-23 23:12:44', 8, NULL, '2026-02-17 10:01:46', '2026-02-23 23:12:44'),
(22, '{\"fr\": \"Conference linguistique\"}', 5, 1, 2026, '{\"fr\": \"Resumé\"}', NULL, 17, NULL, 'publie', '2026-02-23 23:11:26', NULL, NULL, '2026-02-23 22:47:20', '2026-02-23 23:11:26'),
(29, '{\"ar\": \"\", \"en\": \"\", \"fr\": \"Test audit oeuvre\", \"tz-ltn\": \"\", \"tz-tfng\": \"\"}', 1, 1, NULL, '{\"ar\": \"\", \"en\": \"\", \"fr\": \"Description test\", \"tz-ltn\": \"\", \"tz-tfng\": \"\"}', NULL, NULL, NULL, 'brouillon', NULL, NULL, NULL, '2026-03-01 20:26:19', '2026-03-01 20:26:19'),
(30, '{\"ar\": \"\", \"en\": \"\", \"fr\": \"Test audit oeuvre\", \"tz-ltn\": \"\", \"tz-tfng\": \"\"}', 1, 1, NULL, '{\"ar\": \"\", \"en\": \"\", \"fr\": \"Description test\", \"tz-ltn\": \"\", \"tz-tfng\": \"\"}', NULL, NULL, NULL, 'brouillon', NULL, NULL, NULL, '2026-03-01 21:06:09', '2026-03-01 21:06:09'),
(31, '{\"ar\": \"\", \"en\": \"\", \"fr\": \"Test audit oeuvre\", \"tz-ltn\": \"\", \"tz-tfng\": \"\"}', 1, 1, NULL, '{\"ar\": \"\", \"en\": \"\", \"fr\": \"Description test\", \"tz-ltn\": \"\", \"tz-tfng\": \"\"}', NULL, NULL, NULL, 'brouillon', NULL, NULL, NULL, '2026-03-02 00:02:08', '2026-03-02 00:02:08');

-- [27] Table: userorganisation (dépend de: organisation, user)
INSERT INTO `userorganisation` (`id`, `id_user`, `id_organisation`, `role`, `actif`, `departement`, `id_superviseur`, `date_creation`, `date_modification`, `OrganisationIdOrganisation`) VALUES
(1, 17, 1, 'responsable', 1, NULL, NULL, '2026-03-03 19:54:42', '2026-03-03 19:54:42', NULL),
(2, 17, 2, 'responsable', 1, NULL, NULL, '2026-03-03 20:00:51', '2026-03-03 20:00:51', NULL);

-- [28] Table: userroles (dépend de: role, user)
INSERT INTO `userroles` (`id`, `id_user`, `id_role`, `createdAt`, `updatedAt`) VALUES
(8, 8, 1, '2025-11-21 13:48:14', '2025-11-21 13:48:14'),
(9, 9, 3, '2025-11-21 13:48:14', '2025-11-21 13:48:14'),
(10, 10, 2, '2025-11-21 13:48:14', '2025-11-21 13:48:14'),
(11, 11, 3, '2025-11-21 13:48:14', '2025-11-21 13:48:14'),
(12, 12, 3, '2025-11-21 13:48:14', '2025-11-21 13:48:14'),
(13, 13, 3, '2025-11-21 13:48:14', '2025-11-21 13:48:14'),
(14, 14, 3, '2025-11-21 13:48:14', '2025-11-21 13:48:14'),
(15, 15, 2, '2025-11-26 12:41:50', '2025-11-26 12:41:50'),
(16, 16, 3, '2025-12-08 09:58:36', '2025-12-08 09:58:36'),
(17, 19, 3, '2026-02-10 18:57:08', '2026-02-10 18:57:08');

-- SKIPPED TABLE: vues (problematic data)
-- [30] Table: articlescientifique (dépend de: genre, oeuvre)
INSERT INTO `articlescientifique` (`id_article_scientifique`, `id_oeuvre`, `id_genre`, `journal`, `doi`, `pages`, `volume`, `numero`, `issn`, `impact_factor`, `peer_reviewed`, `open_access`, `date_soumission`, `date_acceptation`, `date_publication`, `resume`, `citation_apa`, `url_hal`, `url_arxiv`) VALUES
(2, 22, NULL, 'IEEe', '12.90', '123', '12', '3', 'ZZZZ', 33.99, 0, 0, NULL, NULL, NULL, NULL, NULL, NULL, NULL),
(17, 16, NULL, NULL, NULL, NULL, NULL, NULL, NULL, NULL, 1, 0, NULL, NULL, NULL, NULL, NULL, NULL, NULL);

-- [31] Table: artisanat (dépend de: materiau, oeuvre, technique)
INSERT INTO `artisanat` (`id_artisanat`, `id_oeuvre`, `id_materiau`, `id_technique`, `dimensions`, `poids`, `prix`, `date_creation`) VALUES
(2, 9, 4, 5, '40x30 cm', 2, 5500, '2026-01-16 21:36:53'),
(3, 8, 3, 3, '45 cm (collier)', 0.15, 15000, '2026-01-16 21:36:53'),
(4, 7, 1, 1, '25x15x10 cm', 1.2, 4500, '2026-01-16 21:36:53'),
(6, 14, 4, 5, '40x30 cm', 2, 5500, '2026-01-30 10:37:47');

-- [32] Table: lieu (dépend de: communes)
INSERT INTO `lieu` (`id_lieu`, `typeLieu`, `communeId`, `localiteId`, `nom`, `adresse`, `latitude`, `longitude`, `createdAt`, `updatedAt`, `typePatrimoine`) VALUES
(1, 'Commune', 583, NULL, '{\"ar\": \"\", \"fr\": \"Palais de la Culture Moufdi-Zakaria\"}', '{\"ar\": \"\", \"fr\": \"Plateau des Annassers, Kouba, Alger\"}', 36.7167, 3.05, '2025-11-21 13:21:39', '2025-11-21 13:21:39', 'monument'),
(2, 'Commune', 863, NULL, '{\"ar\": \"\", \"fr\": \"Musée National Ahmed Zabana\"}', '{\"ar\": \"\", \"fr\": \"Boulevard de l\'ALN, Oran\"}', 35.6969, -0.6331, '2025-11-21 13:21:39', '2025-11-21 13:21:39', 'monument'),
(3, 'Commune', 579, NULL, '{\"ar\": \"\", \"fr\": \"Théâtre National Algérien\"}', '{\"ar\": \"\", \"fr\": \"2 Rue Zighout Youcef, Alger Centre\"}', 36.7525, 3.042, '2025-11-21 13:21:39', '2025-11-21 13:21:39', 'monument'),
(4, 'Commune', 579, NULL, '{\"ar\": \"\", \"fr\": \"Centre Culturel Français\"}', '{\"ar\": \"\", \"fr\": \"7 Rue Hassiba Ben Bouali, Alger\"}', 36.765, 3.045, '2025-11-21 13:21:39', '2025-11-21 13:21:39', 'monument');

-- [33] Table: livre (dépend de: genre, oeuvre)
INSERT INTO `livre` (`id_livre`, `id_oeuvre`, `isbn`, `nb_pages`, `id_genre`) VALUES
(2, 2, '978-9429-44-731-3', 353, 1);

-- [34] Table: oeuvre_intervenant (dépend de: intervenant, oeuvre, type_user)
INSERT INTO `oeuvre_intervenant` (`id`, `id_oeuvre`, `id_intervenant`, `id_type_user`, `personnage`, `ordre_apparition`, `role_principal`, `description_role`, `date_creation`, `date_modification`) VALUES
(2, 2, 1, 14, NULL, 1, 1, NULL, '2025-11-21 13:59:48', '2025-11-21 13:59:48'),
(6, 22, 4, 4, 'Contributeur', 0, 0, NULL, '2026-02-23 22:47:21', '2026-02-23 22:47:21');

-- [35] Table: oeuvrecategories (dépend de: categorie, oeuvre)
INSERT INTO `oeuvrecategories` (`id`, `id_oeuvre`, `id_categorie`, `createdAt`, `updatedAt`) VALUES
(3, 2, 126, '2025-11-21 13:59:48', '2025-11-21 13:59:48');

-- [36] Table: oeuvretags (dépend de: oeuvre, tagmotcle)
INSERT INTO `oeuvretags` (`id`, `id_oeuvre`, `id_tag`, `createdAt`, `updatedAt`) VALUES
(1, 16, 15, '2026-02-17 10:01:46', '2026-02-17 10:01:46'),
(2, 16, 16, '2026-02-17 10:01:46', '2026-02-17 10:01:46'),
(3, 16, 17, '2026-02-17 10:01:46', '2026-02-17 10:01:46'),
(4, 16, 18, '2026-02-17 10:01:46', '2026-02-17 10:01:46'),
(5, 16, 19, '2026-02-17 10:01:46', '2026-02-17 10:01:46'),
(11, 22, 24, '2026-02-23 22:47:21', '2026-02-23 22:47:21');

-- [37] Table: evenement (dépend de: lieu, type_evenement, user)
INSERT INTO `evenement` (`id_evenement`, `nom_evenement`, `description`, `date_debut`, `date_fin`, `contact_email`, `contact_telephone`, `image_url`, `id_lieu`, `id_user`, `id_type_evenement`, `statut`, `capacite_max`, `tarif`, `inscription_requise`, `age_minimum`, `accessibilite`, `certificat_delivre`, `date_limite_inscription`, `date_creation`, `date_modification`, `url_virtuel`) VALUES
(5, '{\"ar\": \"\", \"fr\": \"Festival de Musique Andalouse 2025\"}', '{\"fr\": \"Le Festival de Musique Andalouse d\'Alger revient pour sa 15ème édition avec des artistes renommés venus de tout le Maghreb.\"}', '2025-07-15 00:00:00', '2025-07-20 00:00:00', 'contact@festival-andalou.dz', '021456789', NULL, 1, 9, 1, 'termine', 500, '1500.00', 1, NULL, '{\"fr\": \"Accès PMR disponible, places réservées\"}', 0, NULL, '2025-11-21 13:48:14', '2025-11-21 13:48:14', NULL),
(6, '{\"ar\": \"\", \"fr\": \"Exposition Art Contemporain - Visions d\'Algérie\"}', '{\"fr\": \"Une exposition collective présentant les œuvres de 20 artistes algériens contemporains.\"}', '2025-06-01 00:00:00', '2025-06-30 00:00:00', 'expo@musee-zabana.dz', '041332211', NULL, 2, 11, 2, 'termine', 200, '0.00', 0, NULL, '{\"fr\": \"Musée entièrement accessible, ascenseurs disponibles\"}', 0, NULL, '2025-11-21 13:48:14', '2025-11-21 13:48:14', NULL),
(7, '{\"ar\": \"\", \"fr\": \"Projection - Cinéma Algérien Contemporain\"}', '{\"fr\": \"Projection de films algériens récents suivie d\'un débat avec les réalisateurs.\"}', '2025-08-10 00:00:00', '2025-08-10 00:00:00', 'cine@culture.dz', '021345678', NULL, 3, 12, 8, 'termine', 150, '500.00', 0, NULL, '{\"fr\": \"\"}', 0, NULL, '2025-11-21 13:48:14', '2025-11-21 13:48:14', NULL),
(8, '{\"ar\": \"\", \"fr\": \"Atelier d\'Écriture Créative\"}', '{\"fr\": \"Atelier pratique d\'écriture créative animé par des auteurs confirmés.\"}', '2025-09-05 00:00:00', '2025-09-07 00:00:00', 'atelier@culture.dz', '021567890', NULL, 4, 9, 5, 'termine', 20, '2000.00', 1, NULL, '{\"fr\": \"\"}', 1, NULL, '2025-11-21 13:48:14', '2025-11-21 13:48:14', NULL),
(9, '{\"ar\": \"معرض \\\"الفن الجزائري المعاصر\\\"\", \"en\": \"Exhibition \\\"Contemporary Algerian Art\\\"\", \"fr\": \"Exposition \\\"Art Contemporain Algérien\\\"\"}', '{\"ar\": \"معرض جماعي يقدم أعمال 15 فنانًا جزائريًا معاصرًا.\", \"en\": \"A collective exhibition featuring works by 15 contemporary Algerian artists.\", \"fr\": \"Une exposition collective présentant les œuvres de 15 artistes algériens contemporains.\"}', '2026-03-15 10:00:00', '2026-03-30 18:00:00', NULL, NULL, NULL, 1, 17, 2, 'planifie', 100, '0.00', 1, NULL, NULL, 0, NULL, '2026-01-16 21:36:53', '2026-01-16 21:36:53', NULL),
(10, '{\"ar\": \"حفل موسيقى أندلسية\", \"en\": \"Andalusian Music Concert\", \"fr\": \"Concert de Musique Andalouse\"}', '{\"ar\": \"أمسية موسيقية مع الأوركسترا الوطنية للموسيقى الأندلسية.\", \"en\": \"Musical evening with the national Andalusian music orchestra.\", \"fr\": \"Soirée musicale avec l\'orchestre national de musique andalouse.\"}', '2026-04-20 20:00:00', '2026-04-20 23:00:00', NULL, NULL, NULL, 3, 17, 3, 'planifie', 100, '0.00', 1, NULL, NULL, 0, NULL, '2026-01-16 21:36:53', '2026-01-16 21:36:53', NULL),
(11, '{\"ar\": \"ورشة الخط العربي\", \"en\": \"Arabic Calligraphy Workshop\", \"fr\": \"Atelier de Calligraphie Arabe\"}', '{\"ar\": \"تعلم فن الخط العربي مع الخطاط محمد بن علي.\", \"en\": \"Introduction to Arabic calligraphy with master calligrapher Mohamed Benali.\", \"fr\": \"Initiation à l\'art de la calligraphie arabe avec le maître calligraphe Mohamed Benali.\"}', '2026-05-10 14:00:00', '2026-05-10 17:00:00', NULL, NULL, NULL, 1, 17, 5, 'planifie', 100, '0.00', 1, NULL, NULL, 0, NULL, '2026-01-16 21:36:53', '2026-01-16 21:36:53', NULL),
(12, '{\"ar\": \"مهرجان الفيلم الوثائقي\", \"en\": \"Documentary Film Festival\", \"fr\": \"Festival du Film Documentaire\"}', '{\"ar\": \"عرض أفلام وثائقية عن التراث الثقافي الجزائري.\", \"en\": \"Screening of documentaries on Algerian cultural heritage.\", \"fr\": \"Projection de documentaires sur le patrimoine culturel algérien.\"}', '2026-06-01 18:00:00', '2026-06-05 22:00:00', NULL, NULL, NULL, 3, 17, 1, 'planifie', 156, '0.00', 1, NULL, NULL, 0, NULL, '2026-01-16 21:36:53', '2026-01-16 21:36:53', NULL),
(13, '{\"ar\": \"مهرجان اختبار - التسجيل مفتوح\", \"en\": \"Test Festival - Open Registration\", \"fr\": \"Festival Test - Inscription Ouverte\"}', '{\"ar\": \"حدث اختباري للتحقق من نموذج التسجيل. تعالوا بأعداد كبيرة!\", \"en\": \"Test event to verify the registration form. Come in large numbers! This event is free and open to all.\", \"fr\": \"Événement de test pour vérifier le formulaire d\'inscription. Venez nombreux ! Cet événement est gratuit et ouvert à tous.\"}', '2026-02-15 09:00:00', '2026-02-17 17:00:00', 'test@festival.dz', '021000000', NULL, 1, 8, 1, 'planifie', 100, '0.00', 1, NULL, '{\"ar\": \"وصول ذوي الاحتياجات الخاصة متاح\", \"en\": \"Wheelchair access available, free parking\", \"fr\": \"Accès PMR disponible, parking gratuit\"}', 0, '2026-02-14 22:59:00', '2026-01-19 13:21:33', '2026-01-19 13:21:33', NULL),
(14, '{\"ar\": \"معرض \\\"الفن الجزائري المعاصر\\\"\", \"en\": \"Exhibition \\\"Contemporary Algerian Art\\\"\", \"fr\": \"Exposition \\\"Art Contemporain Algérien\\\"\"}', '{\"ar\": \"معرض جماعي يقدم أعمال 15 فنانًا جزائريًا معاصرًا.\", \"en\": \"A collective exhibition featuring works by 15 contemporary Algerian artists.\", \"fr\": \"Une exposition collective présentant les œuvres de 15 artistes algériens contemporains.\"}', '2026-03-01 09:00:00', '2026-03-16 17:00:00', NULL, NULL, NULL, 1, 17, 2, 'planifie', NULL, '0.00', 0, NULL, NULL, 0, NULL, '2026-01-30 10:37:47', '2026-01-30 10:37:47', NULL),
(15, '{\"ar\": \"حفل موسيقى أندلسية\", \"en\": \"Andalusian Music Concert\", \"fr\": \"Concert de Musique Andalouse\"}', '{\"ar\": \"أمسية موسيقية مع الأوركسترا الوطنية للموسيقى الأندلسية.\", \"en\": \"Musical evening with the national Andalusian music orchestra.\", \"fr\": \"Soirée musicale avec l\'orchestre national de musique andalouse.\"}', '2026-03-31 18:00:00', '2026-03-31 21:00:00', NULL, NULL, NULL, 3, 17, 3, 'planifie', NULL, '0.00', 0, NULL, NULL, 0, NULL, '2026-01-30 10:37:47', '2026-01-30 10:37:47', NULL),
(16, '{\"ar\": \"ورشة الخط العربي\", \"en\": \"Arabic Calligraphy Workshop\", \"fr\": \"Atelier de Calligraphie Arabe\"}', '{\"ar\": \"تعلم فن الخط العربي مع الخطاط محمد بن علي.\", \"en\": \"Introduction to Arabic calligraphy with master calligrapher Mohamed Benali.\", \"fr\": \"Initiation à l\'art de la calligraphie arabe avec le maître calligraphe Mohamed Benali.\"}', '2026-04-30 12:00:00', '2026-04-30 15:00:00', NULL, NULL, NULL, 1, 17, 5, 'planifie', NULL, '0.00', 0, NULL, NULL, 0, NULL, '2026-01-30 10:37:47', '2026-01-30 10:37:47', NULL),
(17, '{\"ar\": \"مهرجان الفيلم الوثائقي\", \"en\": \"Documentary Film Festival\", \"fr\": \"Festival du Film Documentaire\"}', '{\"ar\": \"عرض أفلام وثائقية عن التراث الثقافي الجزائري.\", \"en\": \"Screening of documentaries on Algerian cultural heritage.\", \"fr\": \"Projection de documentaires sur le patrimoine culturel algérien.\"}', '2026-05-30 16:00:00', '2026-06-04 20:00:00', NULL, NULL, NULL, 3, 17, 1, 'planifie', NULL, '0.00', 0, NULL, NULL, 0, NULL, '2026-01-30 10:37:47', '2026-01-30 10:37:47', NULL);

-- [38] Table: commentaire (dépend de: evenement, oeuvre, user)
INSERT INTO `commentaire` (`id_commentaire`, `contenu`, `id_user`, `id_oeuvre`, `id_evenement`, `commentaire_parent_id`, `statut`, `note_qualite`, `date_creation`, `date_modification`) VALUES
(1, 'Bonjour', 8, 2, NULL, NULL, 'publie', NULL, '2025-11-21 14:01:05', '2025-11-21 14:01:05'),
(2, 'ddsfsgfd', 8, 2, NULL, NULL, 'publie', NULL, '2025-11-26 14:03:13', '2025-11-26 14:03:13'),
(3, 'Test audit commentaire', 34, 22, NULL, NULL, 'publie', NULL, '2026-03-01 21:06:07', '2026-03-01 21:06:07'),
(4, 'Test audit event', 34, NULL, 13, NULL, 'publie', NULL, '2026-03-01 21:06:08', '2026-03-01 21:06:08'),
(5, 'Test audit commentaire', 35, 22, NULL, NULL, 'publie', NULL, '2026-03-02 00:02:05', '2026-03-02 00:02:05'),
(6, 'Test audit event', 35, NULL, 13, NULL, 'publie', NULL, '2026-03-02 00:02:05', '2026-03-02 00:02:05');

-- [39] Table: evenement_oeuvre (dépend de: evenement, oeuvre, user)
INSERT INTO `evenement_oeuvre` (`id_EventOeuvre`, `id_evenement`, `id_oeuvre`, `id_presentateur`, `ordre_presentation`, `duree_presentation`, `description_presentation`) VALUES
(1, 9, 11, 18, 1, NULL, 'Présentation de mon roman');

-- [40] Table: evenementusers (dépend de: evenement, user)
INSERT INTO `evenementusers` (`id_EventUser`, `id_evenement`, `id_user`, `role_participation`, `date_inscription`, `statut_participation`, `notes`, `date_validation`, `valide_par`, `evaluation_evenement`, `commentaire_evaluation`, `recommande`, `presence_confirmee`, `certificat_genere`, `date_certificat`, `date_creation`, `date_modification`) VALUES
(1, 9, 8, 'participant', '2026-01-18 11:12:12', 'confirme', NULL, NULL, NULL, NULL, NULL, NULL, 0, 0, NULL, '2026-01-18 11:12:12', '2026-01-18 11:12:12'),
(2, 9, 18, 'participant', '2026-01-19 19:33:51', 'confirme', NULL, NULL, NULL, NULL, NULL, NULL, 0, 0, NULL, '2026-01-19 19:33:51', '2026-01-19 19:33:51');

-- [41] Table: media (dépend de: evenement, oeuvre)
INSERT INTO `media` (`id_media`, `id_oeuvre`, `id_evenement`, `type_media`, `url`, `titre`, `description`, `tags`, `metadata`, `qualite`, `droits_usage`, `alt_text`, `credit`, `visible_public`, `ordre`, `thumbnail_url`, `is_Principale`, `duree`, `taille_fichier`, `mime_type`, `date_creation`, `date_modification`) VALUES
(1, 2, NULL, 'image', '/uploads/images/img-f321c185-28df-4144-9747-880759152d49-1770749806550-5b076790fa6ce099.png', '{}', '{}', '[]', '{\"uploadedBy\": null, \"storagePath\": \"uploads/images/img-f321c185-28df-4144-9747-880759152d49-1770749806550-5b076790fa6ce099.png\", \"originalName\": \"f321c185-28df-4144-9747-880759152d49.png\"}', 'haute', 'libre', '{}', NULL, 1, 1, NULL, 1, NULL, 2944435, 'image/png', '2026-02-10 18:56:46', '2026-02-21 20:19:40'),
(2, 5, NULL, 'image', '/uploads/images/img-f321c185-28df-4144-9747-880759152d49-1770749827532-9b91de95e542bc04.png', '{}', '{}', '[]', '{\"uploadedBy\": null, \"storagePath\": \"uploads/images/img-f321c185-28df-4144-9747-880759152d49-1770749827532-9b91de95e542bc04.png\", \"originalName\": \"f321c185-28df-4144-9747-880759152d49.png\"}', 'haute', 'libre', '{}', NULL, 1, 1, NULL, 1, NULL, 2944435, 'image/png', '2026-02-10 18:57:07', '2026-02-21 20:19:40'),
(4, 14, NULL, 'image', '/uploads/images/img-f321c185-28df-4144-9747-880759152d49-1770749827532-9b91de95e542bc04.png', '\"Pochette album\"', '{}', '[]', '{}', 'haute', 'libre', '\"Pochette album\"', NULL, 1, 1, NULL, 1, NULL, NULL, NULL, '2026-02-21 20:22:17', '2026-02-21 20:22:17'),
(6, NULL, NULL, 'image', '/api/upload/file/6', '{}', '{}', '[]', '{\"uploadedBy\": 17, \"storagePath\": \"uploads/private/images/img-610754331-26025673480372040-6660893459235237364-n--1771802917311-e44432eaf04f1d7b.jpg\", \"originalName\": \"610754331_26025673480372040_6660893459235237364_n (1).jpg\"}', 'haute', 'libre', '{}', NULL, 0, 0, NULL, NULL, NULL, 460846, 'image/jpeg', '2026-02-22 23:28:37', '2026-02-22 23:28:37'),
(7, NULL, NULL, 'image', '/api/upload/file/7', '{}', '{}', '[]', '{\"uploadedBy\": 17, \"storagePath\": \"uploads/private/images/img-610754331-26025673480372040-6660893459235237364-n--1771803956475-80c92f11e20652cf.jpg\", \"originalName\": \"610754331_26025673480372040_6660893459235237364_n (1).jpg\"}', 'haute', 'libre', '{}', NULL, 0, 0, NULL, NULL, NULL, 460846, 'image/jpeg', '2026-02-22 23:45:56', '2026-02-22 23:45:56'),
(10, 22, NULL, 'image', '/uploads/oeuvres/images/oeuvre-img-610754331-26025673480372040-6660893459235237364-n--1771886841238-5d7d06750a3cc897.jpg', '\"610754331_26025673480372040_6660893459235237364_n (1).jpg\"', '{}', '[]', '{}', 'haute', 'libre', '\"610754331_26025673480372040_6660893459235237364_n (1).jpg\"', NULL, 1, 0, NULL, NULL, NULL, NULL, NULL, '2026-02-23 22:47:21', '2026-02-23 22:52:22');

-- [42] Table: programme (dépend de: evenement, lieu)
INSERT INTO `programme` (`id_programme`, `titre`, `description`, `id_evenement`, `id_lieu`, `date_programme`, `heure_debut`, `heure_fin`, `lieu_specifique`, `ordre`, `statut`, `type_activite`, `duree_estimee`, `nb_participants_max`, `materiel_requis`, `niveau_requis`, `langue_principale`, `traduction_disponible`, `enregistrement_autorise`, `diffusion_live`, `support_numerique`, `notes_organisateur`, `date_creation`, `date_modification`) VALUES
(1, '{\"ar\": \"حفل الافتتاح\", \"en\": \"Opening Ceremony\", \"fr\": \"Cérémonie d\'ouverture\"}', '{\"ar\": \"كلمة افتتاحية وتقديم الفنانين\", \"en\": \"Opening speech and artist presentations\", \"fr\": \"Discours d\'ouverture et présentation des artistes\"}', 9, 1, '2025-03-15', '09:00:00', '10:30:00', NULL, 1, 'planifie', 'ceremonie', NULL, NULL, NULL, NULL, 'ar', 0, 0, 0, 0, NULL, '2026-01-20 22:18:37', '2026-01-20 22:18:37'),
(2, '{\"ar\": \"جولة إرشادية في المعرض\", \"en\": \"Guided Tour of Exhibition\", \"fr\": \"Visite guidée de l\'exposition\"}', '{\"ar\": \"اكتشاف الأعمال مع مرشد خبير\", \"en\": \"Discover artworks with an expert guide\", \"fr\": \"Découverte des œuvres avec un guide expert\"}', 9, 1, '2025-03-15', '11:00:00', '12:30:00', NULL, 2, 'planifie', 'visite', NULL, NULL, NULL, NULL, 'ar', 0, 0, 0, 0, NULL, '2026-01-20 22:18:37', '2026-01-20 22:18:37'),
(3, '{\"ar\": \"محاضرة: الفن الجزائري المعاصر\", \"en\": \"Conference: Contemporary Algerian Art\", \"fr\": \"Conférence: L\'art contemporain algérien\"}', '{\"ar\": \"نقاش حول تطور الفن المعاصر في الجزائر\", \"en\": \"Discussion on the evolution of contemporary art in Algeria\", \"fr\": \"Discussion sur l\'évolution de l\'art contemporain en Algérie\"}', 9, 1, '2025-03-15', '14:00:00', '16:00:00', NULL, 3, 'planifie', 'conference', NULL, NULL, NULL, NULL, 'ar', 0, 0, 0, 0, NULL, '2026-01-20 22:18:37', '2026-01-20 22:18:37'),
(4, '{\"ar\": \"ورشة الرسم\", \"en\": \"Painting Workshop\", \"fr\": \"Atelier de peinture\"}', '{\"ar\": \"تعلم تقنيات الرسم المعاصر\", \"en\": \"Introduction to contemporary painting techniques\", \"fr\": \"Initiation aux techniques de peinture contemporaine\"}', 9, 1, '2025-03-16', '10:00:00', '12:00:00', NULL, 1, 'planifie', 'atelier', NULL, NULL, NULL, NULL, 'ar', 0, 0, 0, 0, NULL, '2026-01-20 22:18:38', '2026-01-20 22:18:38'),
(5, '{\"ar\": \"لقاء مع الفنانين\", \"en\": \"Meet the Artists\", \"fr\": \"Rencontre avec les artistes\"}', '{\"ar\": \"تبادل ونقاش مع الفنانين العارضين\", \"en\": \"Exchange and discussions with exhibiting artists\", \"fr\": \"Échanges et discussions avec les artistes exposants\"}', 9, 1, '2025-03-16', '14:30:00', '16:30:00', NULL, 2, 'planifie', 'debat', NULL, NULL, NULL, NULL, 'ar', 0, 0, 0, 0, NULL, '2026-01-20 22:18:38', '2026-01-20 22:18:38'),
(6, '{\"ar\": \"عرض: وثائقي عن الفن\", \"en\": \"Screening: Art Documentary\", \"fr\": \"Projection: Documentaire sur l\'art\"}', '{\"ar\": \"عرض فيلم وثائقي عن الفن المعاصر\", \"en\": \"Screening of a documentary on contemporary art\", \"fr\": \"Projection d\'un documentaire sur l\'art contemporain\"}', 9, 1, '2025-03-16', '17:00:00', '18:30:00', NULL, 3, 'planifie', 'projection', NULL, NULL, NULL, NULL, 'ar', 0, 0, 0, 0, NULL, '2026-01-20 22:18:38', '2026-01-20 22:18:38'),
(7, '{\"ar\": \"طاولة مستديرة: مستقبل الفن\", \"en\": \"Round Table: The Future of Art\", \"fr\": \"Table ronde: L\'avenir de l\'art\"}', '{\"ar\": \"نقاش حول آفاق الفن المعاصر\", \"en\": \"Debate on the perspectives of contemporary art\", \"fr\": \"Débat sur les perspectives de l\'art contemporain\"}', 9, 1, '2025-03-17', '10:00:00', '12:00:00', NULL, 1, 'planifie', 'debat', NULL, NULL, NULL, NULL, 'ar', 0, 0, 0, 0, NULL, '2026-01-20 22:18:38', '2026-01-20 22:18:38'),
(8, '{\"ar\": \"ورشة النحت\", \"en\": \"Sculpture Workshop\", \"fr\": \"Atelier de sculpture\"}', '{\"ar\": \"اكتشاف تقنيات النحت الحديث\", \"en\": \"Discover modern sculpture techniques\", \"fr\": \"Découverte des techniques de sculpture moderne\"}', 9, 1, '2025-03-17', '14:00:00', '15:30:00', NULL, 2, 'planifie', 'atelier', NULL, NULL, NULL, NULL, 'ar', 0, 0, 0, 0, NULL, '2026-01-20 22:18:38', '2026-01-20 22:18:38'),
(9, '{\"ar\": \"حفل الاختتام\", \"en\": \"Closing Ceremony\", \"fr\": \"Cérémonie de clôture\"}', '{\"ar\": \"توزيع الجوائز وكلمة الختام\", \"en\": \"Award ceremony and closing speech\", \"fr\": \"Remise des prix et discours de clôture\"}', 9, 1, '2025-03-17', '16:00:00', '18:00:00', NULL, 3, 'planifie', 'ceremonie', NULL, NULL, NULL, NULL, 'ar', 0, 0, 0, 0, NULL, '2026-01-20 22:18:38', '2026-01-20 22:18:38');

-- [43] Table: article_block (dépend de: media)
INSERT INTO `article_block` (`id_block`, `id_article`, `type_block`, `article_type`, `contenu`, `contenu_json`, `id_media`, `ordre`, `metadata`, `visible`, `date_creation`, `date_modification`) VALUES
(1, 2, 'heading', 'article_scientifique', '1. Introduction', NULL, NULL, 0, '{\"level\": 2}', 1, '2026-02-23 22:47:21', '2026-02-23 22:47:21'),
(2, 2, 'text', 'article_scientifique', 'Présentez le contexte de votre recherche, la problématique étudiée et les objectifs de l\'étude. Terminez par l\'annonce du plan de l\'article.', NULL, NULL, 1, '{\"alignment\": \"justify\"}', 1, '2026-02-23 22:47:21', '2026-02-23 22:47:21'),
(3, 2, 'heading', 'article_scientifique', '2. Revue de littérature', NULL, NULL, 2, '{\"level\": 2}', 1, '2026-02-23 22:47:21', '2026-02-23 22:47:21'),
(4, 2, 'text', 'article_scientifique', 'Synthétisez les travaux antérieurs pertinents. Identifiez les lacunes dans la littérature existante que votre recherche vise à combler.', NULL, NULL, 3, '{\"alignment\": \"justify\"}', 1, '2026-02-23 22:47:21', '2026-02-23 22:47:21'),
(5, 2, 'heading', 'article_scientifique', '3. Méthodologie', NULL, NULL, 4, '{\"level\": 2}', 1, '2026-02-23 22:47:21', '2026-02-23 22:47:21'),
(6, 2, 'text', 'article_scientifique', 'Décrivez votre approche méthodologique : type de recherche, échantillon, instruments de collecte de données, procédure d\'analyse.', NULL, NULL, 5, '{\"alignment\": \"justify\"}', 1, '2026-02-23 22:47:21', '2026-02-23 22:47:21'),
(7, 2, 'heading', 'article_scientifique', '4. Résultats', NULL, NULL, 6, '{\"level\": 2}', 1, '2026-02-23 22:47:21', '2026-02-23 22:47:21'),
(8, 2, 'text', 'article_scientifique', 'Présentez vos résultats de manière objective. Utilisez des tableaux, figures et graphiques pour illustrer vos données.', NULL, NULL, 7, '{\"alignment\": \"justify\"}', 1, '2026-02-23 22:47:21', '2026-02-23 22:47:21'),
(9, 2, 'image', 'article_scientifique', '', NULL, 10, 8, '{\"layout\": \"full-width\", \"caption\": \"Figure 1 : Insérez ici un graphique ou une illustration de vos résultats\"}', 1, '2026-02-23 22:47:21', '2026-02-23 22:47:21'),
(10, 2, 'heading', 'article_scientifique', '5. Discussion', NULL, NULL, 9, '{\"level\": 2}', 1, '2026-02-23 22:47:21', '2026-02-23 22:47:21'),
(11, 2, 'text', 'article_scientifique', 'Interprétez vos résultats en les comparant à la littérature existante. Discutez les implications, les limites de l\'étude et les perspectives futures.', NULL, NULL, 10, '{\"alignment\": \"justify\"}', 1, '2026-02-23 22:47:21', '2026-02-23 22:47:21'),
(12, 2, 'heading', 'article_scientifique', '6. Conclusion', NULL, NULL, 11, '{\"level\": 2}', 1, '2026-02-23 22:47:21', '2026-02-23 22:47:21'),
(13, 2, 'text', 'article_scientifique', 'Résumez les principaux apports de votre recherche et proposez des pistes pour de futurs travaux.', NULL, NULL, 12, '{\"alignment\": \"justify\"}', 1, '2026-02-23 22:47:21', '2026-02-23 22:47:21'),
(14, 2, 'heading', 'article_scientifique', 'Références', NULL, NULL, 13, '{\"level\": 2}', 1, '2026-02-23 22:47:21', '2026-02-23 22:47:21'),
(15, 2, 'text', 'article_scientifique', '[1] Nom, P. (Année). Titre de l\'article. Nom du journal, Volume(Numéro), pages. DOI\n[2] Nom, P. (Année). Titre du livre. Éditeur.', NULL, NULL, 14, '{\"alignment\": \"left\"}', 1, '2026-02-23 22:47:21', '2026-02-23 22:47:21');

SET FOREIGN_KEY_CHECKS = 1;
